Using pre-set license
Built from '2022.3/release' branch; Version is '2022.3.61f1 (6c53ebaf375d) revision 7099371'; Using compiler version '192829333'; Build Type 'Release'
OS: 'Windows 11  (10.0.26100) 64bit Professional' Language: 'zh' Physical Memory: 16087 MB
BatchMode: 1, IsHumanControllingUs: 0, StartBugReporterOnCrash: 0, Is64bit: 1, IsPro: 1

COMMAND LINE ARGUMENTS:
D:\UnityGlobal\Editor\Unity.exe
-adb2
-batchMode
-noUpm
-name
AssetImportWorker1
-projectPath
D:/UnityGame/Slay the spire
-logFile
Logs/AssetImportWorker1.log
-srvPort
58961
Successfully changed project path to: D:/UnityGame/Slay the spire
D:/UnityGame/Slay the spire
[UnityMemory] Configuration Parameters - Can be set up in boot.config
    "memorysetup-bucket-allocator-granularity=16"
    "memorysetup-bucket-allocator-bucket-count=8"
    "memorysetup-bucket-allocator-block-size=33554432"
    "memorysetup-bucket-allocator-block-count=8"
    "memorysetup-main-allocator-block-size=16777216"
    "memorysetup-thread-allocator-block-size=16777216"
    "memorysetup-gfx-main-allocator-block-size=16777216"
    "memorysetup-gfx-thread-allocator-block-size=16777216"
    "memorysetup-cache-allocator-block-size=4194304"
    "memorysetup-typetree-allocator-block-size=2097152"
    "memorysetup-profiler-bucket-allocator-granularity=16"
    "memorysetup-profiler-bucket-allocator-bucket-count=8"
    "memorysetup-profiler-bucket-allocator-block-size=33554432"
    "memorysetup-profiler-bucket-allocator-block-count=8"
    "memorysetup-profiler-allocator-block-size=16777216"
    "memorysetup-profiler-editor-allocator-block-size=1048576"
    "memorysetup-temp-allocator-size-main=16777216"
    "memorysetup-job-temp-allocator-block-size=2097152"
    "memorysetup-job-temp-allocator-block-size-background=1048576"
    "memorysetup-job-temp-allocator-reduction-small-platforms=262144"
    "memorysetup-allocator-temp-initial-block-size-main=262144"
    "memorysetup-allocator-temp-initial-block-size-worker=262144"
    "memorysetup-temp-allocator-size-background-worker=32768"
    "memorysetup-temp-allocator-size-job-worker=262144"
    "memorysetup-temp-allocator-size-preload-manager=33554432"
    "memorysetup-temp-allocator-size-nav-mesh-worker=65536"
    "memorysetup-temp-allocator-size-audio-worker=65536"
    "memorysetup-temp-allocator-size-cloud-worker=32768"
    "memorysetup-temp-allocator-size-gi-baking-worker=262144"
    "memorysetup-temp-allocator-size-gfx=262144"
Player connection [15192]  Target information:

Player connection [15192]  * "[IP] 172.16.201.211 [Port] 0 [Flags] 2 [Guid] 3271204928 [EditorId] 3271204928 [Version] 1048832 [Id] WindowsEditor(7,ĭ·) [Debug] 1 [PackageName] WindowsEditor [ProjectName] Editor" 

Player connection [15192] Host joined multi-casting on [225.0.0.222:54997]...
Player connection [15192] Host joined alternative multi-casting on [225.0.0.222:34997]...
Input System module state changed to: Initialized.
[PhysX] Initialized MultithreadedTaskDispatcher with 28 workers.
Refreshing native plugins compatible for Editor in 6.06 ms, found 4 plugins.
Preloading 0 native plugins for Editor in 0.00 ms.
Initialize engine version: 2022.3.61f1 (6c53ebaf375d)
[Subsystems] Discovering subsystems at path D:/UnityGlobal/Editor/Data/Resources/UnitySubsystems
[Subsystems] Discovering subsystems at path D:/UnityGame/Slay the spire/Assets
GfxDevice: creating device client; threaded=0; jobified=0
Direct3D:
    Version:  Direct3D 11.0 [level 11.1]
    Renderer: NVIDIA GeForce RTX 4060 Laptop GPU (ID=0x28a0)
    Vendor:   NVIDIA
    VRAM:     7957 MB
    Driver:   32.0.15.6636
Initialize mono
Mono path[0] = 'D:/UnityGlobal/Editor/Data/Managed'
Mono path[1] = 'D:/UnityGlobal/Editor/Data/MonoBleedingEdge/lib/mono/unityjit-win32'
Mono config path = 'D:/UnityGlobal/Editor/Data/MonoBleedingEdge/etc'
Using monoOptions --debugger-agent=transport=dt_socket,embedding=1,server=y,suspend=n,address=127.0.0.1:56468
Begin MonoManager ReloadAssembly
Registering precompiled unity dll's ...
Register platform support module: D:/UnityGlobal/Editor/Data/PlaybackEngines/WindowsStandaloneSupport/UnityEditor.WindowsStandalone.Extensions.dll
Registered in 0.001750 seconds.
- Loaded All Assemblies, in  0.288 seconds
Native extension for WindowsStandalone target not found
Mono: successfully reloaded assembly
- Finished resetting the current domain, in  0.190 seconds
Domain Reload Profiling: 478ms
	BeginReloadAssembly (97ms)
		ExecutionOrderSort (0ms)
		DisableScriptedObjects (0ms)
		BackupInstance (0ms)
		ReleaseScriptingObjects (0ms)
		CreateAndSetChildDomain (1ms)
	RebuildCommonClasses (28ms)
	RebuildNativeTypeToScriptingClass (8ms)
	initialDomainReloadingComplete (40ms)
	LoadAllAssembliesAndSetupDomain (115ms)
		LoadAssemblies (96ms)
		RebuildTransferFunctionScriptingTraits (0ms)
		AnalyzeDomain (114ms)
			TypeCache.Refresh (113ms)
				TypeCache.ScanAssembly (102ms)
			ScanForSourceGeneratedMonoScriptInfo (0ms)
			ResolveRequiredComponents (0ms)
	FinalizeReload (190ms)
		ReleaseScriptCaches (0ms)
		RebuildScriptCaches (0ms)
		SetupLoadedEditorAssemblies (156ms)
			LogAssemblyErrors (0ms)
			InitializePlatformSupportModulesInManaged (6ms)
			SetLoadedEditorAssemblies (6ms)
			RefreshPlugins (0ms)
			BeforeProcessingInitializeOnLoad (2ms)
			ProcessInitializeOnLoadAttributes (109ms)
			ProcessInitializeOnLoadMethodAttributes (33ms)
			AfterProcessingInitializeOnLoad (0ms)
			EditorAssembliesLoaded (0ms)
		ExecutionOrderSort2 (0ms)
		AwakeInstancesAfterBackupRestoration (0ms)
========================================================================
Worker process is ready to serve import requests
Caller must complete domain reload
Begin MonoManager ReloadAssembly
- Loaded All Assemblies, in  0.539 seconds
Native extension for WindowsStandalone target not found
Mono: successfully reloaded assembly
- Finished resetting the current domain, in  0.522 seconds
Domain Reload Profiling: 1061ms
	BeginReloadAssembly (119ms)
		ExecutionOrderSort (0ms)
		DisableScriptedObjects (4ms)
		BackupInstance (0ms)
		ReleaseScriptingObjects (0ms)
		CreateAndSetChildDomain (22ms)
	RebuildCommonClasses (25ms)
	RebuildNativeTypeToScriptingClass (8ms)
	initialDomainReloadingComplete (24ms)
	LoadAllAssembliesAndSetupDomain (364ms)
		LoadAssemblies (255ms)
		RebuildTransferFunctionScriptingTraits (0ms)
		AnalyzeDomain (172ms)
			TypeCache.Refresh (150ms)
				TypeCache.ScanAssembly (138ms)
			ScanForSourceGeneratedMonoScriptInfo (17ms)
			ResolveRequiredComponents (4ms)
	FinalizeReload (522ms)
		ReleaseScriptCaches (0ms)
		RebuildScriptCaches (0ms)
		SetupLoadedEditorAssemblies (410ms)
			LogAssemblyErrors (0ms)
			InitializePlatformSupportModulesInManaged (3ms)
			SetLoadedEditorAssemblies (3ms)
			RefreshPlugins (0ms)
			BeforeProcessingInitializeOnLoad (41ms)
			ProcessInitializeOnLoadAttributes (327ms)
			ProcessInitializeOnLoadMethodAttributes (35ms)
			AfterProcessingInitializeOnLoad (2ms)
			EditorAssembliesLoaded (0ms)
		ExecutionOrderSort2 (0ms)
		AwakeInstancesAfterBackupRestoration (6ms)
Launched and connected shader compiler UnityShaderCompiler.exe after 0.06 seconds
Refreshing native plugins compatible for Editor in 1.69 ms, found 4 plugins.
Preloading 0 native plugins for Editor in 0.00 ms.
Unloading 4289 Unused Serialized files (Serialized files now loaded: 0)
Unloading 34 unused Assets / (30.2 KB). Loaded Objects now: 4779.
Memory consumption went from 160.3 MB to 160.2 MB.
Total: 3.470200 ms (FindLiveObjects: 0.202600 ms CreateObjectMapping: 0.080400 ms MarkObjects: 3.134600 ms  DeleteObjects: 0.051600 ms)

AssetImportParameters requested are different than current active one (requested -> active):
  custom:container-demuxer-ogg: 62fdf1f143b41e24485cea50d1cbac27 -> 
  custom:video-codec-MediaFoundation-h265: 746d11721c4dcdbdad8f713fa42b33f4 -> 
  custom:video-decoder-ogg-theora: a1e56fd34408186e4bbccfd4996cb3dc -> 
  custom:framework-win-MediaFoundation: 216162199b28c13a410421893ffa2e32 -> 
  custom:CustomObjectIndexerAttribute: 9a22284fe3817be447336de3de66b15e -> 
  custom:container-demuxer-webm: 4f35f7cbe854078d1ac9338744f61a02 -> 
  custom:container-muxer-webm: aa71ff27fc2769a1b78a27578f13a17b -> 
  custom:video-decoder-webm-vp8: 9c59270c3fd7afecdb556c50c9e8de78 -> 
  custom:SearchIndexIgnoredProperties: e643bd26f0fe6173181afceb89e7c659 -> 
  custom:AudioImporter_EditorPlatform: d09bf68614088b80899f8185d706f6e7 -> 
  custom:video-encoder-webm-vp8: eb34c28f22e8b96e1ab97ce403110664 -> 
  custom:audio-decoder-ogg-vorbis: bf7c407c2cedff20999df2af8eb42d56 -> 
  custom:audio-encoder-webm-vorbis: bf7c407c2cedff20999df2af8eb42d56 -> 
========================================================================
Received Prepare
Caller must complete domain reload
Begin MonoManager ReloadAssembly
- Loaded All Assemblies, in  1.921 seconds
Native extension for WindowsStandalone target not found
Mono: successfully reloaded assembly
- Finished resetting the current domain, in  0.780 seconds
Domain Reload Profiling: 2704ms
	BeginReloadAssembly (1503ms)
		ExecutionOrderSort (0ms)
		DisableScriptedObjects (1245ms)
		BackupInstance (0ms)
		ReleaseScriptingObjects (0ms)
		CreateAndSetChildDomain (80ms)
	RebuildCommonClasses (35ms)
	RebuildNativeTypeToScriptingClass (11ms)
	initialDomainReloadingComplete (32ms)
	LoadAllAssembliesAndSetupDomain (342ms)
		LoadAssemblies (419ms)
		RebuildTransferFunctionScriptingTraits (0ms)
		AnalyzeDomain (57ms)
			TypeCache.Refresh (28ms)
				TypeCache.ScanAssembly (2ms)
			ScanForSourceGeneratedMonoScriptInfo (20ms)
			ResolveRequiredComponents (8ms)
	FinalizeReload (781ms)
		ReleaseScriptCaches (0ms)
		RebuildScriptCaches (0ms)
		SetupLoadedEditorAssemblies (609ms)
			LogAssemblyErrors (0ms)
			InitializePlatformSupportModulesInManaged (5ms)
			SetLoadedEditorAssemblies (4ms)
			RefreshPlugins (0ms)
			BeforeProcessingInitializeOnLoad (67ms)
			ProcessInitializeOnLoadAttributes (500ms)
			ProcessInitializeOnLoadMethodAttributes (31ms)
			AfterProcessingInitializeOnLoad (2ms)
			EditorAssembliesLoaded (0ms)
		ExecutionOrderSort2 (0ms)
		AwakeInstancesAfterBackupRestoration (14ms)
Refreshing native plugins compatible for Editor in 2.28 ms, found 4 plugins.
Preloading 0 native plugins for Editor in 0.00 ms.
Unloading 4264 Unused Serialized files (Serialized files now loaded: 0)
Unloading 22 unused Assets / (31.6 KB). Loaded Objects now: 4784.
Memory consumption went from 154.9 MB to 154.9 MB.
Total: 6.101800 ms (FindLiveObjects: 0.269300 ms CreateObjectMapping: 0.079200 ms MarkObjects: 5.643500 ms  DeleteObjects: 0.108300 ms)

Prepare: number of updated asset objects reloaded= 0
AssetImportParameters requested are different than current active one (requested -> active):
  custom:container-demuxer-ogg: 62fdf1f143b41e24485cea50d1cbac27 -> 
  custom:video-codec-MediaFoundation-h265: 746d11721c4dcdbdad8f713fa42b33f4 -> 
  custom:video-decoder-ogg-theora: a1e56fd34408186e4bbccfd4996cb3dc -> 
  custom:framework-win-MediaFoundation: 216162199b28c13a410421893ffa2e32 -> 
  custom:CustomObjectIndexerAttribute: 9a22284fe3817be447336de3de66b15e -> 
  custom:scripting/monoscript/fileName/PlayCardGA.cs: fcb66996ca192efd40d8c5794de6b144 -> 
  custom:container-demuxer-webm: 4f35f7cbe854078d1ac9338744f61a02 -> 
  custom:container-muxer-webm: aa71ff27fc2769a1b78a27578f13a17b -> 
  custom:video-decoder-webm-vp8: 9c59270c3fd7afecdb556c50c9e8de78 -> 
  custom:SearchIndexIgnoredProperties: e643bd26f0fe6173181afceb89e7c659 -> 
  custom:AudioImporter_EditorPlatform: d09bf68614088b80899f8185d706f6e7 -> 
  custom:video-encoder-webm-vp8: eb34c28f22e8b96e1ab97ce403110664 -> 
  custom:audio-decoder-ogg-vorbis: bf7c407c2cedff20999df2af8eb42d56 -> 
  custom:audio-encoder-webm-vorbis: bf7c407c2cedff20999df2af8eb42d56 -> 
  custom:scripting/precompiled-assembly-types:Assembly-CSharp: 61380516a33b71b340cb015dd3afd99c -> e24d7867124476b8f6c482295ea6f2d1
========================================================================
Received Import Request.
  Time since last request: 123582.646405 seconds.
  path: Assets/Scripts/GameActions/PlayCardGA.cs
  artifactKey: Guid(ff679d5e834025749a3be0010920cfae) Importer(815301076,1909f56bfc062723c751e8b465ee728b)
Start importing Assets/Scripts/GameActions/PlayCardGA.cs using Guid(ff679d5e834025749a3be0010920cfae) Importer(815301076,1909f56bfc062723c751e8b465ee728b) [PhysX] Initialized MultithreadedTaskDispatcher with 28 workers.
 -> (artifact id: 'c465b4166fe593dc588b495b6c38a2cb') in 0.004933 seconds
Number of updated asset objects reloaded before import = 0
Number of asset objects unloaded after import = 0
========================================================================
Received Prepare
Caller must complete domain reload
Begin MonoManager ReloadAssembly
- Loaded All Assemblies, in  0.566 seconds
Native extension for WindowsStandalone target not found
Mono: successfully reloaded assembly
- Finished resetting the current domain, in  5.412 seconds
Domain Reload Profiling: 5977ms
	BeginReloadAssembly (127ms)
		ExecutionOrderSort (0ms)
		DisableScriptedObjects (10ms)
		BackupInstance (0ms)
		ReleaseScriptingObjects (0ms)
		CreateAndSetChildDomain (38ms)
	RebuildCommonClasses (24ms)
	RebuildNativeTypeToScriptingClass (8ms)
	initialDomainReloadingComplete (17ms)
	LoadAllAssembliesAndSetupDomain (389ms)
		LoadAssemblies (421ms)
		RebuildTransferFunctionScriptingTraits (0ms)
		AnalyzeDomain (23ms)
			TypeCache.Refresh (9ms)
				TypeCache.ScanAssembly (1ms)
			ScanForSourceGeneratedMonoScriptInfo (8ms)
			ResolveRequiredComponents (5ms)
	FinalizeReload (5412ms)
		ReleaseScriptCaches (0ms)
		RebuildScriptCaches (0ms)
		SetupLoadedEditorAssemblies (668ms)
			LogAssemblyErrors (0ms)
			InitializePlatformSupportModulesInManaged (11ms)
			SetLoadedEditorAssemblies (7ms)
			RefreshPlugins (0ms)
			BeforeProcessingInitializeOnLoad (97ms)
			ProcessInitializeOnLoadAttributes (507ms)
			ProcessInitializeOnLoadMethodAttributes (43ms)
			AfterProcessingInitializeOnLoad (3ms)
			EditorAssembliesLoaded (0ms)
		ExecutionOrderSort2 (0ms)
		AwakeInstancesAfterBackupRestoration (30ms)
Refreshing native plugins compatible for Editor in 3.91 ms, found 4 plugins.
Preloading 0 native plugins for Editor in 0.00 ms.
Unloading 4263 Unused Serialized files (Serialized files now loaded: 0)
Unloading 22 unused Assets / (31.6 KB). Loaded Objects now: 4788.
Memory consumption went from 154.6 MB to 154.6 MB.
Total: 3.893300 ms (FindLiveObjects: 0.253200 ms CreateObjectMapping: 0.108900 ms MarkObjects: 3.469500 ms  DeleteObjects: 0.055600 ms)

Prepare: number of updated asset objects reloaded= 0
AssetImportParameters requested are different than current active one (requested -> active):
  custom:container-demuxer-ogg: 62fdf1f143b41e24485cea50d1cbac27 -> 
  custom:video-codec-MediaFoundation-h265: 746d11721c4dcdbdad8f713fa42b33f4 -> 
  custom:video-decoder-ogg-theora: a1e56fd34408186e4bbccfd4996cb3dc -> 
  custom:framework-win-MediaFoundation: 216162199b28c13a410421893ffa2e32 -> 
  custom:CustomObjectIndexerAttribute: 9a22284fe3817be447336de3de66b15e -> 
  custom:scripting/monoscript/fileName/PlayCardGA.cs: 5789139290271257e0b7651fe5863c2e -> 
  custom:container-demuxer-webm: 4f35f7cbe854078d1ac9338744f61a02 -> 
  custom:container-muxer-webm: aa71ff27fc2769a1b78a27578f13a17b -> 
  custom:video-decoder-webm-vp8: 9c59270c3fd7afecdb556c50c9e8de78 -> 
  custom:SearchIndexIgnoredProperties: e643bd26f0fe6173181afceb89e7c659 -> 
  custom:AudioImporter_EditorPlatform: d09bf68614088b80899f8185d706f6e7 -> 
  custom:video-encoder-webm-vp8: eb34c28f22e8b96e1ab97ce403110664 -> 
  custom:audio-decoder-ogg-vorbis: bf7c407c2cedff20999df2af8eb42d56 -> 
  custom:audio-encoder-webm-vorbis: bf7c407c2cedff20999df2af8eb42d56 -> 
  custom:scripting/precompiled-assembly-types:Assembly-CSharp: a08f5cc82c0cf8ce9b9e4a40a699ec2e -> e24d7867124476b8f6c482295ea6f2d1
========================================================================
Received Import Request.
  Time since last request: 70.158760 seconds.
  path: Assets/Scripts/GameActions/PlayCardGA.cs
  artifactKey: Guid(ff679d5e834025749a3be0010920cfae) Importer(815301076,1909f56bfc062723c751e8b465ee728b)
Start importing Assets/Scripts/GameActions/PlayCardGA.cs using Guid(ff679d5e834025749a3be0010920cfae) Importer(815301076,1909f56bfc062723c751e8b465ee728b) [PhysX] Initialized MultithreadedTaskDispatcher with 28 workers.
 -> (artifact id: '6de0c52f87de71b7d8758f8477aa6aff') in 0.003739 seconds
Number of updated asset objects reloaded before import = 0
Number of asset objects unloaded after import = 0
========================================================================
Received Prepare
Caller must complete domain reload
Begin MonoManager ReloadAssembly
- Loaded All Assemblies, in  0.346 seconds
Native extension for WindowsStandalone target not found
Mono: successfully reloaded assembly
- Finished resetting the current domain, in  0.651 seconds
Domain Reload Profiling: 996ms
	BeginReloadAssembly (135ms)
		ExecutionOrderSort (0ms)
		DisableScriptedObjects (8ms)
		BackupInstance (0ms)
		ReleaseScriptingObjects (0ms)
		CreateAndSetChildDomain (36ms)
	RebuildCommonClasses (20ms)
	RebuildNativeTypeToScriptingClass (7ms)
	initialDomainReloadingComplete (17ms)
	LoadAllAssembliesAndSetupDomain (166ms)
		LoadAssemblies (212ms)
		RebuildTransferFunctionScriptingTraits (0ms)
		AnalyzeDomain (22ms)
			TypeCache.Refresh (8ms)
				TypeCache.ScanAssembly (1ms)
			ScanForSourceGeneratedMonoScriptInfo (9ms)
			ResolveRequiredComponents (4ms)
	FinalizeReload (651ms)
		ReleaseScriptCaches (0ms)
		RebuildScriptCaches (0ms)
		SetupLoadedEditorAssemblies (370ms)
			LogAssemblyErrors (0ms)
			InitializePlatformSupportModulesInManaged (3ms)
			SetLoadedEditorAssemblies (2ms)
			RefreshPlugins (0ms)
			BeforeProcessingInitializeOnLoad (39ms)
			ProcessInitializeOnLoadAttributes (304ms)
			ProcessInitializeOnLoadMethodAttributes (20ms)
			AfterProcessingInitializeOnLoad (3ms)
			EditorAssembliesLoaded (0ms)
		ExecutionOrderSort2 (0ms)
		AwakeInstancesAfterBackupRestoration (10ms)
Refreshing native plugins compatible for Editor in 1.32 ms, found 4 plugins.
Preloading 0 native plugins for Editor in 0.00 ms.
Unloading 4263 Unused Serialized files (Serialized files now loaded: 0)
Unloading 22 unused Assets / (31.5 KB). Loaded Objects now: 4792.
Memory consumption went from 154.6 MB to 154.6 MB.
Total: 3.840200 ms (FindLiveObjects: 0.222400 ms CreateObjectMapping: 0.059400 ms MarkObjects: 3.522900 ms  DeleteObjects: 0.034500 ms)

Prepare: number of updated asset objects reloaded= 0
AssetImportParameters requested are different than current active one (requested -> active):
  custom:container-demuxer-ogg: 62fdf1f143b41e24485cea50d1cbac27 -> 
  custom:video-codec-MediaFoundation-h265: 746d11721c4dcdbdad8f713fa42b33f4 -> 
  custom:video-decoder-ogg-theora: a1e56fd34408186e4bbccfd4996cb3dc -> 
  custom:framework-win-MediaFoundation: 216162199b28c13a410421893ffa2e32 -> 
  custom:CustomObjectIndexerAttribute: 9a22284fe3817be447336de3de66b15e -> 
  custom:scripting/monoscript/fileName/PlayCardGA.cs: 5789139290271257e0b7651fe5863c2e -> 
  custom:container-demuxer-webm: 4f35f7cbe854078d1ac9338744f61a02 -> 
  custom:container-muxer-webm: aa71ff27fc2769a1b78a27578f13a17b -> 
  custom:video-decoder-webm-vp8: 9c59270c3fd7afecdb556c50c9e8de78 -> 
  custom:SearchIndexIgnoredProperties: e643bd26f0fe6173181afceb89e7c659 -> 
  custom:AudioImporter_EditorPlatform: d09bf68614088b80899f8185d706f6e7 -> 
  custom:video-encoder-webm-vp8: eb34c28f22e8b96e1ab97ce403110664 -> 
  custom:audio-decoder-ogg-vorbis: bf7c407c2cedff20999df2af8eb42d56 -> 
  custom:audio-encoder-webm-vorbis: bf7c407c2cedff20999df2af8eb42d56 -> 
  custom:scripting/precompiled-assembly-types:Assembly-CSharp: c8fb2344a15dd9b362626a3e1bbfa763 -> e24d7867124476b8f6c482295ea6f2d1
========================================================================
Received Prepare
Caller must complete domain reload
Begin MonoManager ReloadAssembly
- Loaded All Assemblies, in  0.396 seconds
Native extension for WindowsStandalone target not found
Mono: successfully reloaded assembly
- Finished resetting the current domain, in  0.603 seconds
Domain Reload Profiling: 999ms
	BeginReloadAssembly (152ms)
		ExecutionOrderSort (0ms)
		DisableScriptedObjects (9ms)
		BackupInstance (0ms)
		ReleaseScriptingObjects (0ms)
		CreateAndSetChildDomain (28ms)
	RebuildCommonClasses (23ms)
	RebuildNativeTypeToScriptingClass (6ms)
	initialDomainReloadingComplete (15ms)
	LoadAllAssembliesAndSetupDomain (200ms)
		LoadAssemblies (270ms)
		RebuildTransferFunctionScriptingTraits (0ms)
		AnalyzeDomain (20ms)
			TypeCache.Refresh (8ms)
				TypeCache.ScanAssembly (1ms)
			ScanForSourceGeneratedMonoScriptInfo (7ms)
			ResolveRequiredComponents (4ms)
	FinalizeReload (603ms)
		ReleaseScriptCaches (0ms)
		RebuildScriptCaches (0ms)
		SetupLoadedEditorAssemblies (359ms)
			LogAssemblyErrors (0ms)
			InitializePlatformSupportModulesInManaged (2ms)
			SetLoadedEditorAssemblies (2ms)
			RefreshPlugins (0ms)
			BeforeProcessingInitializeOnLoad (38ms)
			ProcessInitializeOnLoadAttributes (292ms)
			ProcessInitializeOnLoadMethodAttributes (22ms)
			AfterProcessingInitializeOnLoad (2ms)
			EditorAssembliesLoaded (0ms)
		ExecutionOrderSort2 (0ms)
		AwakeInstancesAfterBackupRestoration (8ms)
Refreshing native plugins compatible for Editor in 1.37 ms, found 4 plugins.
Preloading 0 native plugins for Editor in 0.00 ms.
Unloading 4264 Unused Serialized files (Serialized files now loaded: 0)
Unloading 22 unused Assets / (31.6 KB). Loaded Objects now: 4796.
Memory consumption went from 154.9 MB to 154.9 MB.
Total: 2.860000 ms (FindLiveObjects: 0.205900 ms CreateObjectMapping: 0.068000 ms MarkObjects: 2.535300 ms  DeleteObjects: 0.049700 ms)

Prepare: number of updated asset objects reloaded= 0
AssetImportParameters requested are different than current active one (requested -> active):
  custom:container-demuxer-ogg: 62fdf1f143b41e24485cea50d1cbac27 -> 
  custom:video-codec-MediaFoundation-h265: 746d11721c4dcdbdad8f713fa42b33f4 -> 
  custom:video-decoder-ogg-theora: a1e56fd34408186e4bbccfd4996cb3dc -> 
  custom:framework-win-MediaFoundation: 216162199b28c13a410421893ffa2e32 -> 
  custom:CustomObjectIndexerAttribute: 9a22284fe3817be447336de3de66b15e -> 
  custom:scripting/monoscript/fileName/PlayCardGA.cs: 5789139290271257e0b7651fe5863c2e -> 
  custom:container-demuxer-webm: 4f35f7cbe854078d1ac9338744f61a02 -> 
  custom:container-muxer-webm: aa71ff27fc2769a1b78a27578f13a17b -> 
  custom:video-decoder-webm-vp8: 9c59270c3fd7afecdb556c50c9e8de78 -> 
  custom:SearchIndexIgnoredProperties: e643bd26f0fe6173181afceb89e7c659 -> 
  custom:AudioImporter_EditorPlatform: d09bf68614088b80899f8185d706f6e7 -> 
  custom:video-encoder-webm-vp8: eb34c28f22e8b96e1ab97ce403110664 -> 
  custom:audio-decoder-ogg-vorbis: bf7c407c2cedff20999df2af8eb42d56 -> 
  custom:audio-encoder-webm-vorbis: bf7c407c2cedff20999df2af8eb42d56 -> 
  custom:scripting/precompiled-assembly-types:Assembly-CSharp: c8fb2344a15dd9b362626a3e1bbfa763 -> e24d7867124476b8f6c482295ea6f2d1
========================================================================
Received Prepare
Caller must complete domain reload
Begin MonoManager ReloadAssembly
- Loaded All Assemblies, in  0.434 seconds
Native extension for WindowsStandalone target not found
Mono: successfully reloaded assembly
- Finished resetting the current domain, in  0.762 seconds
Domain Reload Profiling: 1196ms
	BeginReloadAssembly (166ms)
		ExecutionOrderSort (0ms)
		DisableScriptedObjects (12ms)
		BackupInstance (0ms)
		ReleaseScriptingObjects (0ms)
		CreateAndSetChildDomain (49ms)
	RebuildCommonClasses (26ms)
	RebuildNativeTypeToScriptingClass (8ms)
	initialDomainReloadingComplete (20ms)
	LoadAllAssembliesAndSetupDomain (213ms)
		LoadAssemblies (259ms)
		RebuildTransferFunctionScriptingTraits (0ms)
		AnalyzeDomain (30ms)
			TypeCache.Refresh (13ms)
				TypeCache.ScanAssembly (1ms)
			ScanForSourceGeneratedMonoScriptInfo (10ms)
			ResolveRequiredComponents (5ms)
	FinalizeReload (762ms)
		ReleaseScriptCaches (0ms)
		RebuildScriptCaches (0ms)
		SetupLoadedEditorAssemblies (404ms)
			LogAssemblyErrors (0ms)
			InitializePlatformSupportModulesInManaged (6ms)
			SetLoadedEditorAssemblies (4ms)
			RefreshPlugins (0ms)
			BeforeProcessingInitializeOnLoad (50ms)
			ProcessInitializeOnLoadAttributes (321ms)
			ProcessInitializeOnLoadMethodAttributes (22ms)
			AfterProcessingInitializeOnLoad (1ms)
			EditorAssembliesLoaded (0ms)
		ExecutionOrderSort2 (0ms)
		AwakeInstancesAfterBackupRestoration (9ms)
Refreshing native plugins compatible for Editor in 1.34 ms, found 4 plugins.
Preloading 0 native plugins for Editor in 0.00 ms.
Unloading 4264 Unused Serialized files (Serialized files now loaded: 0)
Unloading 22 unused Assets / (31.6 KB). Loaded Objects now: 4800.
Memory consumption went from 154.9 MB to 154.9 MB.
Total: 2.901400 ms (FindLiveObjects: 0.184300 ms CreateObjectMapping: 0.054700 ms MarkObjects: 2.620600 ms  DeleteObjects: 0.041000 ms)

Prepare: number of updated asset objects reloaded= 0
AssetImportParameters requested are different than current active one (requested -> active):
  custom:container-demuxer-ogg: 62fdf1f143b41e24485cea50d1cbac27 -> 
  custom:video-codec-MediaFoundation-h265: 746d11721c4dcdbdad8f713fa42b33f4 -> 
  custom:video-decoder-ogg-theora: a1e56fd34408186e4bbccfd4996cb3dc -> 
  custom:framework-win-MediaFoundation: 216162199b28c13a410421893ffa2e32 -> 
  custom:CustomObjectIndexerAttribute: 9a22284fe3817be447336de3de66b15e -> 
  custom:scripting/monoscript/fileName/PlayCardGA.cs: 5789139290271257e0b7651fe5863c2e -> 
  custom:container-demuxer-webm: 4f35f7cbe854078d1ac9338744f61a02 -> 
  custom:container-muxer-webm: aa71ff27fc2769a1b78a27578f13a17b -> 
  custom:video-decoder-webm-vp8: 9c59270c3fd7afecdb556c50c9e8de78 -> 
  custom:SearchIndexIgnoredProperties: e643bd26f0fe6173181afceb89e7c659 -> 
  custom:AudioImporter_EditorPlatform: d09bf68614088b80899f8185d706f6e7 -> 
  custom:video-encoder-webm-vp8: eb34c28f22e8b96e1ab97ce403110664 -> 
  custom:audio-decoder-ogg-vorbis: bf7c407c2cedff20999df2af8eb42d56 -> 
  custom:audio-encoder-webm-vorbis: bf7c407c2cedff20999df2af8eb42d56 -> 
  custom:scripting/precompiled-assembly-types:Assembly-CSharp: c8fb2344a15dd9b362626a3e1bbfa763 -> e24d7867124476b8f6c482295ea6f2d1
========================================================================
Received Prepare
Caller must complete domain reload
Begin MonoManager ReloadAssembly
- Loaded All Assemblies, in  0.386 seconds
Native extension for WindowsStandalone target not found
Mono: successfully reloaded assembly
- Finished resetting the current domain, in  0.917 seconds
Domain Reload Profiling: 1303ms
	BeginReloadAssembly (146ms)
		ExecutionOrderSort (0ms)
		DisableScriptedObjects (11ms)
		BackupInstance (0ms)
		ReleaseScriptingObjects (0ms)
		CreateAndSetChildDomain (40ms)
	RebuildCommonClasses (29ms)
	RebuildNativeTypeToScriptingClass (10ms)
	initialDomainReloadingComplete (21ms)
	LoadAllAssembliesAndSetupDomain (180ms)
		LoadAssemblies (234ms)
		RebuildTransferFunctionScriptingTraits (0ms)
		AnalyzeDomain (14ms)
			TypeCache.Refresh (7ms)
				TypeCache.ScanAssembly (0ms)
			ScanForSourceGeneratedMonoScriptInfo (0ms)
			ResolveRequiredComponents (5ms)
	FinalizeReload (918ms)
		ReleaseScriptCaches (0ms)
		RebuildScriptCaches (0ms)
		SetupLoadedEditorAssemblies (594ms)
			LogAssemblyErrors (0ms)
			InitializePlatformSupportModulesInManaged (4ms)
			SetLoadedEditorAssemblies (2ms)
			RefreshPlugins (0ms)
			BeforeProcessingInitializeOnLoad (49ms)
			ProcessInitializeOnLoadAttributes (496ms)
			ProcessInitializeOnLoadMethodAttributes (41ms)
			AfterProcessingInitializeOnLoad (2ms)
			EditorAssembliesLoaded (0ms)
		ExecutionOrderSort2 (0ms)
		AwakeInstancesAfterBackupRestoration (17ms)
Refreshing native plugins compatible for Editor in 2.46 ms, found 4 plugins.
Preloading 0 native plugins for Editor in 0.00 ms.
Unloading 4264 Unused Serialized files (Serialized files now loaded: 0)
Unloading 22 unused Assets / (31.6 KB). Loaded Objects now: 4804.
Memory consumption went from 154.9 MB to 154.9 MB.
Total: 3.922000 ms (FindLiveObjects: 0.228000 ms CreateObjectMapping: 0.091700 ms MarkObjects: 3.509400 ms  DeleteObjects: 0.091700 ms)

Prepare: number of updated asset objects reloaded= 0
AssetImportParameters requested are different than current active one (requested -> active):
  custom:container-demuxer-ogg: 62fdf1f143b41e24485cea50d1cbac27 -> 
  custom:video-codec-MediaFoundation-h265: 746d11721c4dcdbdad8f713fa42b33f4 -> 
  custom:video-decoder-ogg-theora: a1e56fd34408186e4bbccfd4996cb3dc -> 
  custom:framework-win-MediaFoundation: 216162199b28c13a410421893ffa2e32 -> 
  custom:CustomObjectIndexerAttribute: 9a22284fe3817be447336de3de66b15e -> 
  custom:scripting/monoscript/fileName/PlayCardGA.cs: 5789139290271257e0b7651fe5863c2e -> 
  custom:container-demuxer-webm: 4f35f7cbe854078d1ac9338744f61a02 -> 
  custom:container-muxer-webm: aa71ff27fc2769a1b78a27578f13a17b -> 
  custom:video-decoder-webm-vp8: 9c59270c3fd7afecdb556c50c9e8de78 -> 
  custom:SearchIndexIgnoredProperties: e643bd26f0fe6173181afceb89e7c659 -> 
  custom:AudioImporter_EditorPlatform: d09bf68614088b80899f8185d706f6e7 -> 
  custom:video-encoder-webm-vp8: eb34c28f22e8b96e1ab97ce403110664 -> 
  custom:audio-decoder-ogg-vorbis: bf7c407c2cedff20999df2af8eb42d56 -> 
  custom:audio-encoder-webm-vorbis: bf7c407c2cedff20999df2af8eb42d56 -> 
  custom:scripting/precompiled-assembly-types:Assembly-CSharp: c8fb2344a15dd9b362626a3e1bbfa763 -> e24d7867124476b8f6c482295ea6f2d1
========================================================================
Received Prepare
Caller must complete domain reload
Begin MonoManager ReloadAssembly
- Loaded All Assemblies, in  0.641 seconds
Native extension for WindowsStandalone target not found
Mono: successfully reloaded assembly
- Finished resetting the current domain, in  1.954 seconds
Domain Reload Profiling: 2595ms
	BeginReloadAssembly (132ms)
		ExecutionOrderSort (0ms)
		DisableScriptedObjects (10ms)
		BackupInstance (0ms)
		ReleaseScriptingObjects (0ms)
		CreateAndSetChildDomain (34ms)
	RebuildCommonClasses (29ms)
	RebuildNativeTypeToScriptingClass (9ms)
	initialDomainReloadingComplete (22ms)
	LoadAllAssembliesAndSetupDomain (449ms)
		LoadAssemblies (497ms)
		RebuildTransferFunctionScriptingTraits (0ms)
		AnalyzeDomain (15ms)
			TypeCache.Refresh (8ms)
				TypeCache.ScanAssembly (0ms)
			ScanForSourceGeneratedMonoScriptInfo (0ms)
			ResolveRequiredComponents (6ms)
	FinalizeReload (1955ms)
		ReleaseScriptCaches (0ms)
		RebuildScriptCaches (0ms)
		SetupLoadedEditorAssemblies (559ms)
			LogAssemblyErrors (0ms)
			InitializePlatformSupportModulesInManaged (4ms)
			SetLoadedEditorAssemblies (3ms)
			RefreshPlugins (0ms)
			BeforeProcessingInitializeOnLoad (59ms)
			ProcessInitializeOnLoadAttributes (457ms)
			ProcessInitializeOnLoadMethodAttributes (33ms)
			AfterProcessingInitializeOnLoad (2ms)
			EditorAssembliesLoaded (0ms)
		ExecutionOrderSort2 (0ms)
		AwakeInstancesAfterBackupRestoration (15ms)
Refreshing native plugins compatible for Editor in 3.04 ms, found 4 plugins.
Preloading 0 native plugins for Editor in 0.00 ms.
Unloading 4264 Unused Serialized files (Serialized files now loaded: 0)
Unloading 22 unused Assets / (31.6 KB). Loaded Objects now: 4808.
Memory consumption went from 154.9 MB to 154.9 MB.
Total: 3.683600 ms (FindLiveObjects: 0.276900 ms CreateObjectMapping: 0.092400 ms MarkObjects: 3.251900 ms  DeleteObjects: 0.060500 ms)

Prepare: number of updated asset objects reloaded= 0
AssetImportParameters requested are different than current active one (requested -> active):
  custom:container-demuxer-ogg: 62fdf1f143b41e24485cea50d1cbac27 -> 
  custom:video-codec-MediaFoundation-h265: 746d11721c4dcdbdad8f713fa42b33f4 -> 
  custom:video-decoder-ogg-theora: a1e56fd34408186e4bbccfd4996cb3dc -> 
  custom:framework-win-MediaFoundation: 216162199b28c13a410421893ffa2e32 -> 
  custom:CustomObjectIndexerAttribute: 9a22284fe3817be447336de3de66b15e -> 
  custom:scripting/monoscript/fileName/PlayCardGA.cs: 5789139290271257e0b7651fe5863c2e -> 
  custom:container-demuxer-webm: 4f35f7cbe854078d1ac9338744f61a02 -> 
  custom:container-muxer-webm: aa71ff27fc2769a1b78a27578f13a17b -> 
  custom:video-decoder-webm-vp8: 9c59270c3fd7afecdb556c50c9e8de78 -> 
  custom:SearchIndexIgnoredProperties: e643bd26f0fe6173181afceb89e7c659 -> 
  custom:AudioImporter_EditorPlatform: d09bf68614088b80899f8185d706f6e7 -> 
  custom:video-encoder-webm-vp8: eb34c28f22e8b96e1ab97ce403110664 -> 
  custom:audio-decoder-ogg-vorbis: bf7c407c2cedff20999df2af8eb42d56 -> 
  custom:audio-encoder-webm-vorbis: bf7c407c2cedff20999df2af8eb42d56 -> 
  custom:scripting/precompiled-assembly-types:Assembly-CSharp: c8fb2344a15dd9b362626a3e1bbfa763 -> e24d7867124476b8f6c482295ea6f2d1
========================================================================
Received Prepare
Caller must complete domain reload
Begin MonoManager ReloadAssembly
- Loaded All Assemblies, in  0.421 seconds
Native extension for WindowsStandalone target not found
Mono: successfully reloaded assembly
- Finished resetting the current domain, in  1.054 seconds
Domain Reload Profiling: 1475ms
	BeginReloadAssembly (152ms)
		ExecutionOrderSort (0ms)
		DisableScriptedObjects (11ms)
		BackupInstance (0ms)
		ReleaseScriptingObjects (0ms)
		CreateAndSetChildDomain (36ms)
	RebuildCommonClasses (28ms)
	RebuildNativeTypeToScriptingClass (9ms)
	initialDomainReloadingComplete (23ms)
	LoadAllAssembliesAndSetupDomain (209ms)
		LoadAssemblies (261ms)
		RebuildTransferFunctionScriptingTraits (0ms)
		AnalyzeDomain (24ms)
			TypeCache.Refresh (10ms)
				TypeCache.ScanAssembly (1ms)
			ScanForSourceGeneratedMonoScriptInfo (8ms)
			ResolveRequiredComponents (5ms)
	FinalizeReload (1054ms)
		ReleaseScriptCaches (0ms)
		RebuildScriptCaches (0ms)
		SetupLoadedEditorAssemblies (613ms)
			LogAssemblyErrors (0ms)
			InitializePlatformSupportModulesInManaged (6ms)
			SetLoadedEditorAssemblies (4ms)
			RefreshPlugins (0ms)
			BeforeProcessingInitializeOnLoad (70ms)
			ProcessInitializeOnLoadAttributes (494ms)
			ProcessInitializeOnLoadMethodAttributes (37ms)
			AfterProcessingInitializeOnLoad (2ms)
			EditorAssembliesLoaded (0ms)
		ExecutionOrderSort2 (0ms)
		AwakeInstancesAfterBackupRestoration (17ms)
Refreshing native plugins compatible for Editor in 3.45 ms, found 4 plugins.
Preloading 0 native plugins for Editor in 0.00 ms.
Unloading 4265 Unused Serialized files (Serialized files now loaded: 0)
Unloading 22 unused Assets / (31.6 KB). Loaded Objects now: 4813.
Memory consumption went from 154.9 MB to 154.9 MB.
Total: 4.039900 ms (FindLiveObjects: 0.239600 ms CreateObjectMapping: 0.084900 ms MarkObjects: 3.645900 ms  DeleteObjects: 0.067600 ms)

Prepare: number of updated asset objects reloaded= 0
AssetImportParameters requested are different than current active one (requested -> active):
  custom:container-demuxer-ogg: 62fdf1f143b41e24485cea50d1cbac27 -> 
  custom:video-codec-MediaFoundation-h265: 746d11721c4dcdbdad8f713fa42b33f4 -> 
  custom:video-decoder-ogg-theora: a1e56fd34408186e4bbccfd4996cb3dc -> 
  custom:framework-win-MediaFoundation: 216162199b28c13a410421893ffa2e32 -> 
  custom:CustomObjectIndexerAttribute: 9a22284fe3817be447336de3de66b15e -> 
  custom:scripting/monoscript/fileName/PlayCardGA.cs: 5789139290271257e0b7651fe5863c2e -> 
  custom:container-demuxer-webm: 4f35f7cbe854078d1ac9338744f61a02 -> 
  custom:container-muxer-webm: aa71ff27fc2769a1b78a27578f13a17b -> 
  custom:video-decoder-webm-vp8: 9c59270c3fd7afecdb556c50c9e8de78 -> 
  custom:SearchIndexIgnoredProperties: e643bd26f0fe6173181afceb89e7c659 -> 
  custom:AudioImporter_EditorPlatform: d09bf68614088b80899f8185d706f6e7 -> 
  custom:scripting/monoscript/fileName/Effect.cs: 5c08a54098b42e6660eb8ce5fee21170 -> 
  custom:video-encoder-webm-vp8: eb34c28f22e8b96e1ab97ce403110664 -> 
  custom:audio-decoder-ogg-vorbis: bf7c407c2cedff20999df2af8eb42d56 -> 
  custom:audio-encoder-webm-vorbis: bf7c407c2cedff20999df2af8eb42d56 -> 
  custom:scripting/precompiled-assembly-types:Assembly-CSharp: 6c32f42f6dd6c9936514ad21ef74969d -> e24d7867124476b8f6c482295ea6f2d1
========================================================================
Received Prepare
Caller must complete domain reload
Begin MonoManager ReloadAssembly
- Loaded All Assemblies, in  0.388 seconds
Native extension for WindowsStandalone target not found
Mono: successfully reloaded assembly
- Finished resetting the current domain, in  0.970 seconds
Domain Reload Profiling: 1357ms
	BeginReloadAssembly (143ms)
		ExecutionOrderSort (0ms)
		DisableScriptedObjects (11ms)
		BackupInstance (0ms)
		ReleaseScriptingObjects (0ms)
		CreateAndSetChildDomain (36ms)
	RebuildCommonClasses (26ms)
	RebuildNativeTypeToScriptingClass (13ms)
	initialDomainReloadingComplete (21ms)
	LoadAllAssembliesAndSetupDomain (184ms)
		LoadAssemblies (229ms)
		RebuildTransferFunctionScriptingTraits (0ms)
		AnalyzeDomain (25ms)
			TypeCache.Refresh (10ms)
				TypeCache.ScanAssembly (1ms)
			ScanForSourceGeneratedMonoScriptInfo (8ms)
			ResolveRequiredComponents (5ms)
	FinalizeReload (970ms)
		ReleaseScriptCaches (0ms)
		RebuildScriptCaches (0ms)
		SetupLoadedEditorAssemblies (609ms)
			LogAssemblyErrors (0ms)
			InitializePlatformSupportModulesInManaged (4ms)
			SetLoadedEditorAssemblies (3ms)
			RefreshPlugins (0ms)
			BeforeProcessingInitializeOnLoad (60ms)
			ProcessInitializeOnLoadAttributes (501ms)
			ProcessInitializeOnLoadMethodAttributes (38ms)
			AfterProcessingInitializeOnLoad (2ms)
			EditorAssembliesLoaded (0ms)
		ExecutionOrderSort2 (0ms)
		AwakeInstancesAfterBackupRestoration (18ms)
Refreshing native plugins compatible for Editor in 2.52 ms, found 4 plugins.
Preloading 0 native plugins for Editor in 0.00 ms.
Unloading 4265 Unused Serialized files (Serialized files now loaded: 0)
Unloading 22 unused Assets / (31.6 KB). Loaded Objects now: 4817.
Memory consumption went from 154.9 MB to 154.9 MB.
Total: 3.430100 ms (FindLiveObjects: 0.291900 ms CreateObjectMapping: 0.082900 ms MarkObjects: 3.008300 ms  DeleteObjects: 0.045800 ms)

Prepare: number of updated asset objects reloaded= 0
AssetImportParameters requested are different than current active one (requested -> active):
  custom:container-demuxer-ogg: 62fdf1f143b41e24485cea50d1cbac27 -> 
  custom:video-codec-MediaFoundation-h265: 746d11721c4dcdbdad8f713fa42b33f4 -> 
  custom:video-decoder-ogg-theora: a1e56fd34408186e4bbccfd4996cb3dc -> 
  custom:framework-win-MediaFoundation: 216162199b28c13a410421893ffa2e32 -> 
  custom:CustomObjectIndexerAttribute: 9a22284fe3817be447336de3de66b15e -> 
  custom:scripting/monoscript/fileName/PlayCardGA.cs: 5789139290271257e0b7651fe5863c2e -> 
  custom:container-demuxer-webm: 4f35f7cbe854078d1ac9338744f61a02 -> 
  custom:container-muxer-webm: aa71ff27fc2769a1b78a27578f13a17b -> 
  custom:video-decoder-webm-vp8: 9c59270c3fd7afecdb556c50c9e8de78 -> 
  custom:SearchIndexIgnoredProperties: e643bd26f0fe6173181afceb89e7c659 -> 
  custom:AudioImporter_EditorPlatform: d09bf68614088b80899f8185d706f6e7 -> 
  custom:scripting/monoscript/fileName/Effect.cs: db0847a469ed795dc13473466caf2c90 -> 
  custom:video-encoder-webm-vp8: eb34c28f22e8b96e1ab97ce403110664 -> 
  custom:audio-decoder-ogg-vorbis: bf7c407c2cedff20999df2af8eb42d56 -> 
  custom:audio-encoder-webm-vorbis: bf7c407c2cedff20999df2af8eb42d56 -> 
  custom:scripting/precompiled-assembly-types:Assembly-CSharp: fcfac9191d2cf5c888b86a5e5da75603 -> e24d7867124476b8f6c482295ea6f2d1
========================================================================
Received Prepare
Caller must complete domain reload
Begin MonoManager ReloadAssembly
- Loaded All Assemblies, in  0.492 seconds
Native extension for WindowsStandalone target not found
Mono: successfully reloaded assembly
- Finished resetting the current domain, in  1.096 seconds
Domain Reload Profiling: 1588ms
	BeginReloadAssembly (149ms)
		ExecutionOrderSort (0ms)
		DisableScriptedObjects (9ms)
		BackupInstance (0ms)
		ReleaseScriptingObjects (0ms)
		CreateAndSetChildDomain (45ms)
	RebuildCommonClasses (27ms)
	RebuildNativeTypeToScriptingClass (9ms)
	initialDomainReloadingComplete (25ms)
	LoadAllAssembliesAndSetupDomain (280ms)
		LoadAssemblies (304ms)
		RebuildTransferFunctionScriptingTraits (0ms)
		AnalyzeDomain (42ms)
			TypeCache.Refresh (13ms)
				TypeCache.ScanAssembly (1ms)
			ScanForSourceGeneratedMonoScriptInfo (16ms)
			ResolveRequiredComponents (9ms)
	FinalizeReload (1097ms)
		ReleaseScriptCaches (0ms)
		RebuildScriptCaches (0ms)
		SetupLoadedEditorAssemblies (621ms)
			LogAssemblyErrors (0ms)
			InitializePlatformSupportModulesInManaged (5ms)
			SetLoadedEditorAssemblies (4ms)
			RefreshPlugins (0ms)
			BeforeProcessingInitializeOnLoad (66ms)
			ProcessInitializeOnLoadAttributes (506ms)
			ProcessInitializeOnLoadMethodAttributes (37ms)
			AfterProcessingInitializeOnLoad (2ms)
			EditorAssembliesLoaded (0ms)
		ExecutionOrderSort2 (0ms)
		AwakeInstancesAfterBackupRestoration (16ms)
Refreshing native plugins compatible for Editor in 3.09 ms, found 4 plugins.
Preloading 0 native plugins for Editor in 0.00 ms.
Unloading 4265 Unused Serialized files (Serialized files now loaded: 0)
Unloading 22 unused Assets / (31.7 KB). Loaded Objects now: 4821.
Memory consumption went from 154.9 MB to 154.9 MB.
Total: 3.991400 ms (FindLiveObjects: 0.234100 ms CreateObjectMapping: 0.076600 ms MarkObjects: 3.553800 ms  DeleteObjects: 0.125200 ms)

Prepare: number of updated asset objects reloaded= 0
AssetImportParameters requested are different than current active one (requested -> active):
  custom:container-demuxer-ogg: 62fdf1f143b41e24485cea50d1cbac27 -> 
  custom:video-codec-MediaFoundation-h265: 746d11721c4dcdbdad8f713fa42b33f4 -> 
  custom:video-decoder-ogg-theora: a1e56fd34408186e4bbccfd4996cb3dc -> 
  custom:framework-win-MediaFoundation: 216162199b28c13a410421893ffa2e32 -> 
  custom:CustomObjectIndexerAttribute: 9a22284fe3817be447336de3de66b15e -> 
  custom:scripting/monoscript/fileName/PlayCardGA.cs: 5789139290271257e0b7651fe5863c2e -> 
  custom:container-demuxer-webm: 4f35f7cbe854078d1ac9338744f61a02 -> 
  custom:container-muxer-webm: aa71ff27fc2769a1b78a27578f13a17b -> 
  custom:video-decoder-webm-vp8: 9c59270c3fd7afecdb556c50c9e8de78 -> 
  custom:SearchIndexIgnoredProperties: e643bd26f0fe6173181afceb89e7c659 -> 
  custom:AudioImporter_EditorPlatform: d09bf68614088b80899f8185d706f6e7 -> 
  custom:scripting/monoscript/fileName/Effect.cs: db0847a469ed795dc13473466caf2c90 -> 
  custom:video-encoder-webm-vp8: eb34c28f22e8b96e1ab97ce403110664 -> 
  custom:audio-decoder-ogg-vorbis: bf7c407c2cedff20999df2af8eb42d56 -> 
  custom:audio-encoder-webm-vorbis: bf7c407c2cedff20999df2af8eb42d56 -> 
  custom:scripting/precompiled-assembly-types:Assembly-CSharp: fcfac9191d2cf5c888b86a5e5da75603 -> e24d7867124476b8f6c482295ea6f2d1
========================================================================
Received Prepare
Caller must complete domain reload
Begin MonoManager ReloadAssembly
- Loaded All Assemblies, in  0.442 seconds
Native extension for WindowsStandalone target not found
Mono: successfully reloaded assembly
- Finished resetting the current domain, in  0.977 seconds
Domain Reload Profiling: 1419ms
	BeginReloadAssembly (142ms)
		ExecutionOrderSort (0ms)
		DisableScriptedObjects (9ms)
		BackupInstance (0ms)
		ReleaseScriptingObjects (0ms)
		CreateAndSetChildDomain (33ms)
	RebuildCommonClasses (25ms)
	RebuildNativeTypeToScriptingClass (9ms)
	initialDomainReloadingComplete (24ms)
	LoadAllAssembliesAndSetupDomain (243ms)
		LoadAssemblies (286ms)
		RebuildTransferFunctionScriptingTraits (0ms)
		AnalyzeDomain (31ms)
			TypeCache.Refresh (12ms)
				TypeCache.ScanAssembly (1ms)
			ScanForSourceGeneratedMonoScriptInfo (10ms)
			ResolveRequiredComponents (7ms)
	FinalizeReload (978ms)
		ReleaseScriptCaches (0ms)
		RebuildScriptCaches (0ms)
		SetupLoadedEditorAssemblies (569ms)
			LogAssemblyErrors (0ms)
			InitializePlatformSupportModulesInManaged (4ms)
			SetLoadedEditorAssemblies (3ms)
			RefreshPlugins (0ms)
			BeforeProcessingInitializeOnLoad (61ms)
			ProcessInitializeOnLoadAttributes (466ms)
			ProcessInitializeOnLoadMethodAttributes (32ms)
			AfterProcessingInitializeOnLoad (2ms)
			EditorAssembliesLoaded (0ms)
		ExecutionOrderSort2 (0ms)
		AwakeInstancesAfterBackupRestoration (18ms)
Refreshing native plugins compatible for Editor in 2.94 ms, found 4 plugins.
Preloading 0 native plugins for Editor in 0.00 ms.
Unloading 4265 Unused Serialized files (Serialized files now loaded: 0)
Unloading 22 unused Assets / (31.6 KB). Loaded Objects now: 4825.
Memory consumption went from 155.0 MB to 154.9 MB.
Total: 3.603700 ms (FindLiveObjects: 0.255500 ms CreateObjectMapping: 0.123400 ms MarkObjects: 3.173700 ms  DeleteObjects: 0.050200 ms)

Prepare: number of updated asset objects reloaded= 0
AssetImportParameters requested are different than current active one (requested -> active):
  custom:container-demuxer-ogg: 62fdf1f143b41e24485cea50d1cbac27 -> 
  custom:video-codec-MediaFoundation-h265: 746d11721c4dcdbdad8f713fa42b33f4 -> 
  custom:video-decoder-ogg-theora: a1e56fd34408186e4bbccfd4996cb3dc -> 
  custom:framework-win-MediaFoundation: 216162199b28c13a410421893ffa2e32 -> 
  custom:CustomObjectIndexerAttribute: 9a22284fe3817be447336de3de66b15e -> 
  custom:scripting/monoscript/fileName/PlayCardGA.cs: 5789139290271257e0b7651fe5863c2e -> 
  custom:container-demuxer-webm: 4f35f7cbe854078d1ac9338744f61a02 -> 
  custom:container-muxer-webm: aa71ff27fc2769a1b78a27578f13a17b -> 
  custom:video-decoder-webm-vp8: 9c59270c3fd7afecdb556c50c9e8de78 -> 
  custom:SearchIndexIgnoredProperties: e643bd26f0fe6173181afceb89e7c659 -> 
  custom:AudioImporter_EditorPlatform: d09bf68614088b80899f8185d706f6e7 -> 
  custom:scripting/monoscript/fileName/Effect.cs: db0847a469ed795dc13473466caf2c90 -> 
  custom:video-encoder-webm-vp8: eb34c28f22e8b96e1ab97ce403110664 -> 
  custom:audio-decoder-ogg-vorbis: bf7c407c2cedff20999df2af8eb42d56 -> 
  custom:audio-encoder-webm-vorbis: bf7c407c2cedff20999df2af8eb42d56 -> 
  custom:scripting/precompiled-assembly-types:Assembly-CSharp: fcfac9191d2cf5c888b86a5e5da75603 -> e24d7867124476b8f6c482295ea6f2d1
========================================================================
Received Prepare
Caller must complete domain reload
Begin MonoManager ReloadAssembly
- Loaded All Assemblies, in  0.547 seconds
Native extension for WindowsStandalone target not found
Mono: successfully reloaded assembly
- Finished resetting the current domain, in  3.012 seconds
Domain Reload Profiling: 3560ms
	BeginReloadAssembly (173ms)
		ExecutionOrderSort (0ms)
		DisableScriptedObjects (13ms)
		BackupInstance (0ms)
		ReleaseScriptingObjects (0ms)
		CreateAndSetChildDomain (46ms)
	RebuildCommonClasses (31ms)
	RebuildNativeTypeToScriptingClass (9ms)
	initialDomainReloadingComplete (28ms)
	LoadAllAssembliesAndSetupDomain (306ms)
		LoadAssemblies (361ms)
		RebuildTransferFunctionScriptingTraits (0ms)
		AnalyzeDomain (30ms)
			TypeCache.Refresh (12ms)
				TypeCache.ScanAssembly (2ms)
			ScanForSourceGeneratedMonoScriptInfo (11ms)
			ResolveRequiredComponents (6ms)
	FinalizeReload (3013ms)
		ReleaseScriptCaches (0ms)
		RebuildScriptCaches (0ms)
		SetupLoadedEditorAssemblies (539ms)
			LogAssemblyErrors (0ms)
			InitializePlatformSupportModulesInManaged (5ms)
			SetLoadedEditorAssemblies (3ms)
			RefreshPlugins (0ms)
			BeforeProcessingInitializeOnLoad (60ms)
			ProcessInitializeOnLoadAttributes (428ms)
			ProcessInitializeOnLoadMethodAttributes (41ms)
			AfterProcessingInitializeOnLoad (2ms)
			EditorAssembliesLoaded (0ms)
		ExecutionOrderSort2 (0ms)
		AwakeInstancesAfterBackupRestoration (11ms)
Refreshing native plugins compatible for Editor in 1.46 ms, found 4 plugins.
Preloading 0 native plugins for Editor in 0.00 ms.
Unloading 4325 Unused Serialized files (Serialized files now loaded: 0)
Unloading 22 unused Assets / (31.6 KB). Loaded Objects now: 4890.
Memory consumption went from 156.1 MB to 156.1 MB.
Total: 3.197200 ms (FindLiveObjects: 0.188600 ms CreateObjectMapping: 0.064700 ms MarkObjects: 2.893800 ms  DeleteObjects: 0.049400 ms)

Prepare: number of updated asset objects reloaded= 0
AssetImportParameters requested are different than current active one (requested -> active):
  custom:scripting/monoscript/fileName/SRDemoAttribute.cs: 6ccbafad3c791d764fc3499ecc4bab59 -> 
  custom:scripting/monoscript/fileName/LoadAllScriptableObjects.cs: e66c333df26233d2626484d132f341dc -> 
  custom:container-demuxer-ogg: 62fdf1f143b41e24485cea50d1cbac27 -> 
  custom:scripting/monoscript/fileName/StringData.cs: dbe603d4813d3fc95c266317e90e37bc -> 
  custom:scripting/monoscript/fileName/IAssetsLoader.cs: f252c3005d3ed3d4eadb090497fb6066 -> 
  custom:scripting/monoscript/fileName/SRTypeTreeFactory.cs: bffa0765f4ea96b6b44413cd49b40dbf -> 
  custom:scripting/monoscript/fileName/TypeReplacer.cs: a6583ed4dd622f9bd9a599520be1d674 -> 
  custom:scripting/monoscript/fileName/SRTypeCache.cs: bb8a6b571cd0de2157b5cb53234c9cff -> 
  custom:video-codec-MediaFoundation-h265: 746d11721c4dcdbdad8f713fa42b33f4 -> 
  custom:scripting/monoscript/fileName/FormerlySerializedTypeAttribute.cs: 1d89d7606eee76977381ab83bb4a8300 -> 
  custom:scripting/monoscript/fileName/IData.cs: 9faa5ea0cd967258f91cdf22bcd83abe -> 
  custom:video-decoder-ogg-theora: a1e56fd34408186e4bbccfd4996cb3dc -> 
  custom:scripting/monoscript/fileName/TypeInfo.cs: 0a6533c0d329969adf2dd099a31fbf3e -> 
  custom:scripting/monoscript/fileName/InstanceClassSRAction.cs: 16f3cf3357ddc5d5981ae9b85329228e -> 
  custom:framework-win-MediaFoundation: 216162199b28c13a410421893ffa2e32 -> 
  custom:scripting/monoscript/fileName/ScriptableObjectTestData.cs: 10c11abd49231b0d91ccbd95622a5977 -> 
  custom:scripting/precompiled-assembly-types:SREditor-Editor: dccaf550fa29aaab8f34b7b7e6894d78 -> 
  custom:scripting/monoscript/fileName/SRDrawer.cs: bbc3c2877d2e919a750885d848861b1e -> 
  custom:scripting/monoscript/fileName/SRNameAttribute.cs: 74ca6d41a24c12eb8b134c7b21f3d295 -> 
  custom:scripting/monoscript/fileName/AbstractData.cs: 59b1a224dca65e1260ce4a3f08e05103 -> 
  custom:scripting/monoscript/fileName/DataList.cs: 100ab48f250741e9a66d81b7bb98dc0f -> 
  custom:scripting/precompiled-assembly-types:NewTest: 5a34b2dcc265d1e0d8535495e67cb997 -> 
  custom:scripting/monoscript/fileName/TypeReplaceHelper.cs: af26fe9058a1b027fdc29c74852b03e0 -> 
  custom:CustomObjectIndexerAttribute: 9a22284fe3817be447336de3de66b15e -> 
  custom:scripting/monoscript/fileName/IntegerData.cs: 31ed90a73f2a47c6a052cfb9c1704f4a -> 
  custom:scripting/monoscript/fileName/TypeReplacerWindow.cs: 1cf63902605b00410a1f4eb3150c9f2b -> 
  custom:scripting/monoscript/fileName/NewTestData.cs: 715b68aa75bf91fe4b08a299346a5f6e -> 
  custom:scripting/monoscript/fileName/StringInterfaceData.cs: e4c0eb36091f8a73a0cbef98d644d8f1 -> 
  custom:scripting/monoscript/fileName/ProcessingCoordinator.cs: f0bad2c58b6b2dc235f3b91993a48986 -> 
  custom:scripting/monoscript/fileName/PlayCardGA.cs: 5789139290271257e0b7651fe5863c2e -> 
  custom:scripting/monoscript/fileName/SRFormerlyTypeCache.cs: e2643bab9fd9277bfb90f488dd508e9b -> 
  custom:container-demuxer-webm: 4f35f7cbe854078d1ac9338744f61a02 -> 
  custom:scripting/monoscript/fileName/SREditorSettings.cs: 3be20c2ced999538817d7e73eef0eb4e -> 
  custom:scripting/precompiled-assembly-types:SRDemo-Editor: 6828e6edb5a6113e7b7d54c9a87c64fd -> 
  custom:scripting/monoscript/fileName/SRMissingTypesValidator.cs: a3ab475318f61165f1b05c3c6f59904a -> 
  custom:scripting/precompiled-assembly-types:SREditor: eff79812a9d7b8e22e59e67338cdfda2 -> 
  custom:scripting/monoscript/fileName/CustomDataDrawer.cs: 567f3014340c7ff2785f820ac5acd1fb -> 
  custom:scripting/monoscript/fileName/DataHolder.cs: 29d51dbde49e2844611800b8e7cb913f -> 
  custom:scripting/monoscript/fileName/FloatNamedData.cs: 2f24d109324c51c87ad60bfb78f933ce -> 
  custom:scripting/monoscript/fileName/SRAttribute.cs: cc6dda8ac6362b23b37fe40fa3b2bbf3 -> 
  custom:scripting/monoscript/fileName/SRDuplicateCleaner.cs: 48ba78d155bb765f76ae3b7a48227096 -> 
  custom:scripting/monoscript/fileName/StringNamedData.cs: a0be046363b5145e8d7a10a6e7b39fd8 -> 
  custom:scripting/monoscript/fileName/PrefabTest.cs: 6b6887b3dc8e3af96cf14d93abfb5dc3 -> 
  custom:scripting/monoscript/fileName/FloatData.cs: cc167c52f95b4a9cfd19d3403edd9488 -> 
  custom:container-muxer-webm: aa71ff27fc2769a1b78a27578f13a17b -> 
  custom:video-decoder-webm-vp8: 9c59270c3fd7afecdb556c50c9e8de78 -> 
  custom:scripting/monoscript/fileName/ComplexData.cs: 1a194a9e801ae00127b7095ad5fb5845 -> 
  custom:scripting/monoscript/fileName/SRMissingTypesValidatorConfig.cs: f45a7213a13dc24388a4b9cf08ab6b0b -> 
  custom:SearchIndexIgnoredProperties: e643bd26f0fe6173181afceb89e7c659 -> 
  custom:AudioImporter_EditorPlatform: d09bf68614088b80899f8185d706f6e7 -> 
  custom:scripting/monoscript/fileName/SRTypesSearchWindowProvider.cs: 1216ce721f248c626210c79502c323d4 -> 
  custom:scripting/monoscript/fileName/MissingTypesCleaner.cs: 84c61a80bbc4c1446fbc65f2d72d8309 -> 
  custom:scripting/monoscript/fileName/SREditorSettingsProvider.cs: 96796a38016c0039c6a8612eec69034e -> 
  custom:scripting/monoscript/fileName/AbstractNamedData.cs: 30ddc6fd631c0e3d1b2ec1581e1bd6a4 -> 
  custom:scripting/monoscript/fileName/UnityLogAssetMissingTypeReport.cs: 40d72f05898153cb2bbe167f1651b9f7 -> 
  custom:scripting/monoscript/fileName/Effect.cs: db0847a469ed795dc13473466caf2c90 -> 
  custom:scripting/monoscript/fileName/SRCashTypeSearchTree.cs: 564a21cdbf2a2de755085e7e539d2d31 -> 
  custom:scripting/monoscript/fileName/SRHiddenAttribute.cs: 0136e3b4217b162da6fdfbacda44c0a1 -> 
  custom:scripting/monoscript/fileName/TypeInfoComparer.cs: 4d647e244dcbe40605e88bae9e66872b -> 
  custom:scripting/monoscript/fileName/NameService.cs: f450f04e7adb2532951c1331cfcecb1e -> 
  custom:scripting/monoscript/fileName/TestData.cs: 81ea9ea5cfeb494cd17ed04f7b8a6380 -> 
  custom:scripting/monoscript/fileName/CustomData.cs: 269d83f5b9b524c131a0338ab3268d54 -> 
  custom:scripting/monoscript/fileName/SRActionFactory.cs: 50947e36386537c0a0e1f84ca4fccdb9 -> 
  custom:scripting/monoscript/fileName/SRAction.cs: 222f673910e31316790fa3e1083cd837 -> 
  custom:video-encoder-webm-vp8: eb34c28f22e8b96e1ab97ce403110664 -> 
  custom:scripting/monoscript/fileName/HiddenData.cs: cc64cbbe526a41a16d9b0150b88bbbb7 -> 
  custom:audio-decoder-ogg-vorbis: bf7c407c2cedff20999df2af8eb42d56 -> 
  custom:scripting/monoscript/fileName/IntegerNamedData.cs: 3762cd7004115ee6ec36e1e47f5e8ffb -> 
  custom:scripting/monoscript/fileName/AssetChangeDetector.cs: 66241e9dff315550ae7fce59cb4845ae -> 
  custom:scripting/monoscript/fileName/ContainerData.cs: f8f7c63f3fc2634c71f417af7f430f7d -> 
  custom:scripting/monoscript/fileName/SRDrawerOptions.cs: c3337e45076f3c342b6a5a188ec88709 -> 
  custom:scripting/monoscript/fileName/IAssetMissingTypeReport.cs: a696b4ab419f1ee269354f38e3d5215c -> 
  custom:audio-encoder-webm-vorbis: bf7c407c2cedff20999df2af8eb42d56 -> 
  custom:scripting/precompiled-assembly-types:SRDemo: f47e35127e2bdb2babc1659ccc27ed59 -> 
  custom:scripting/monoscript/fileName/MissingTypesLogger.cs: 99cb48659ab3fcfec4988af39589e2c8 -> 
  custom:scripting/precompiled-assembly-types:Assembly-CSharp: fcfac9191d2cf5c888b86a5e5da75603 -> e24d7867124476b8f6c482295ea6f2d1
  custom:scripting/monoscript/fileName/TypeInfoArrayComparer.cs: a0155c04541da41c86293c994a8bb1a0 -> 
  custom:scripting/monoscript/fileName/ScriptableObjectTest.cs: 032499110290d01e6cc12268ed0aad8a -> 
  custom:scripting/monoscript/fileName/ErasePropertySRAction.cs: 48c4464404a9169de8d56b994197a54e -> 
========================================================================
Received Import Request.
  Time since last request: 1185.368326 seconds.
  path: Assets/Prefabs/SerializeReferenceEditor
  artifactKey: Guid(bc7499a2619535a4a8b037f6b168ebf8) Importer(815301076,1909f56bfc062723c751e8b465ee728b)
Start importing Assets/Prefabs/SerializeReferenceEditor using Guid(bc7499a2619535a4a8b037f6b168ebf8) Importer(815301076,1909f56bfc062723c751e8b465ee728b) [PhysX] Initialized MultithreadedTaskDispatcher with 28 workers.
 -> (artifact id: '838a6ecb88f2f89e8a5ea819fc4544fc') in 0.002992 seconds
Number of updated asset objects reloaded before import = 0
Number of asset objects unloaded after import = 0
========================================================================
Received Prepare
Caller must complete domain reload
Begin MonoManager ReloadAssembly
- Loaded All Assemblies, in  0.317 seconds
Native extension for WindowsStandalone target not found
Mono: successfully reloaded assembly
- Finished resetting the current domain, in  0.935 seconds
Domain Reload Profiling: 1253ms
	BeginReloadAssembly (103ms)
		ExecutionOrderSort (0ms)
		DisableScriptedObjects (6ms)
		BackupInstance (0ms)
		ReleaseScriptingObjects (0ms)
		CreateAndSetChildDomain (25ms)
	RebuildCommonClasses (21ms)
	RebuildNativeTypeToScriptingClass (7ms)
	initialDomainReloadingComplete (16ms)
	LoadAllAssembliesAndSetupDomain (170ms)
		LoadAssemblies (189ms)
		RebuildTransferFunctionScriptingTraits (0ms)
		AnalyzeDomain (27ms)
			TypeCache.Refresh (11ms)
				TypeCache.ScanAssembly (1ms)
			ScanForSourceGeneratedMonoScriptInfo (10ms)
			ResolveRequiredComponents (4ms)
	FinalizeReload (935ms)
		ReleaseScriptCaches (0ms)
		RebuildScriptCaches (0ms)
		SetupLoadedEditorAssemblies (536ms)
			LogAssemblyErrors (0ms)
			InitializePlatformSupportModulesInManaged (5ms)
			SetLoadedEditorAssemblies (4ms)
			RefreshPlugins (0ms)
			BeforeProcessingInitializeOnLoad (64ms)
			ProcessInitializeOnLoadAttributes (429ms)
			ProcessInitializeOnLoadMethodAttributes (32ms)
			AfterProcessingInitializeOnLoad (2ms)
			EditorAssembliesLoaded (0ms)
		ExecutionOrderSort2 (0ms)
		AwakeInstancesAfterBackupRestoration (13ms)
Refreshing native plugins compatible for Editor in 3.51 ms, found 4 plugins.
Preloading 0 native plugins for Editor in 0.00 ms.
Unloading 4264 Unused Serialized files (Serialized files now loaded: 0)
Unloading 52 unused Assets / (47.1 KB). Loaded Objects now: 4864.
Memory consumption went from 154.8 MB to 154.8 MB.
Total: 3.639200 ms (FindLiveObjects: 0.239800 ms CreateObjectMapping: 0.153900 ms MarkObjects: 3.171700 ms  DeleteObjects: 0.072600 ms)

Prepare: number of updated asset objects reloaded= 0
AssetImportParameters requested are different than current active one (requested -> active):
  custom:scripting/monoscript/fileName/SRDemoAttribute.cs: 6ccbafad3c791d764fc3499ecc4bab59 -> 
  custom:scripting/monoscript/fileName/LoadAllScriptableObjects.cs: e66c333df26233d2626484d132f341dc -> 
  custom:container-demuxer-ogg: 62fdf1f143b41e24485cea50d1cbac27 -> 
  custom:scripting/monoscript/fileName/StringData.cs: dbe603d4813d3fc95c266317e90e37bc -> 
  custom:scripting/monoscript/fileName/IAssetsLoader.cs: f252c3005d3ed3d4eadb090497fb6066 -> 
  custom:scripting/monoscript/fileName/SRTypeTreeFactory.cs: bffa0765f4ea96b6b44413cd49b40dbf -> 
  custom:scripting/monoscript/fileName/TypeReplacer.cs: a6583ed4dd622f9bd9a599520be1d674 -> 
  custom:scripting/monoscript/fileName/SRTypeCache.cs: bb8a6b571cd0de2157b5cb53234c9cff -> 
  custom:video-codec-MediaFoundation-h265: 746d11721c4dcdbdad8f713fa42b33f4 -> 
  custom:scripting/monoscript/fileName/FormerlySerializedTypeAttribute.cs: 1d89d7606eee76977381ab83bb4a8300 -> 
  custom:scripting/monoscript/fileName/IData.cs: 9faa5ea0cd967258f91cdf22bcd83abe -> 
  custom:video-decoder-ogg-theora: a1e56fd34408186e4bbccfd4996cb3dc -> 
  custom:scripting/monoscript/fileName/TypeInfo.cs: 0a6533c0d329969adf2dd099a31fbf3e -> 
  custom:scripting/monoscript/fileName/InstanceClassSRAction.cs: 16f3cf3357ddc5d5981ae9b85329228e -> 
  custom:framework-win-MediaFoundation: 216162199b28c13a410421893ffa2e32 -> 
  custom:scripting/monoscript/fileName/ScriptableObjectTestData.cs: 10c11abd49231b0d91ccbd95622a5977 -> 
  custom:scripting/monoscript/fileName/SRDrawer.cs: bbc3c2877d2e919a750885d848861b1e -> 
  custom:scripting/monoscript/fileName/SRNameAttribute.cs: 74ca6d41a24c12eb8b134c7b21f3d295 -> 
  custom:scripting/monoscript/fileName/AbstractData.cs: 59b1a224dca65e1260ce4a3f08e05103 -> 
  custom:scripting/monoscript/fileName/DataList.cs: 100ab48f250741e9a66d81b7bb98dc0f -> 
  custom:scripting/monoscript/fileName/TypeReplaceHelper.cs: af26fe9058a1b027fdc29c74852b03e0 -> 
  custom:CustomObjectIndexerAttribute: 9a22284fe3817be447336de3de66b15e -> 
  custom:scripting/monoscript/fileName/IntegerData.cs: 31ed90a73f2a47c6a052cfb9c1704f4a -> 
  custom:scripting/monoscript/fileName/TypeReplacerWindow.cs: 1cf63902605b00410a1f4eb3150c9f2b -> 
  custom:scripting/monoscript/fileName/NewTestData.cs: 715b68aa75bf91fe4b08a299346a5f6e -> 
  custom:scripting/monoscript/fileName/StringInterfaceData.cs: e4c0eb36091f8a73a0cbef98d644d8f1 -> 
  custom:scripting/monoscript/fileName/ProcessingCoordinator.cs: f0bad2c58b6b2dc235f3b91993a48986 -> 
  custom:scripting/monoscript/fileName/PlayCardGA.cs: 5789139290271257e0b7651fe5863c2e -> 
  custom:scripting/monoscript/fileName/SRFormerlyTypeCache.cs: e2643bab9fd9277bfb90f488dd508e9b -> 
  custom:container-demuxer-webm: 4f35f7cbe854078d1ac9338744f61a02 -> 
  custom:scripting/monoscript/fileName/SREditorSettings.cs: 3be20c2ced999538817d7e73eef0eb4e -> 
  custom:scripting/monoscript/fileName/SRMissingTypesValidator.cs: a3ab475318f61165f1b05c3c6f59904a -> 
  custom:scripting/monoscript/fileName/CustomDataDrawer.cs: 567f3014340c7ff2785f820ac5acd1fb -> 
  custom:scripting/monoscript/fileName/DataHolder.cs: 29d51dbde49e2844611800b8e7cb913f -> 
  custom:scripting/monoscript/fileName/FloatNamedData.cs: 2f24d109324c51c87ad60bfb78f933ce -> 
  custom:scripting/monoscript/fileName/SRAttribute.cs: cc6dda8ac6362b23b37fe40fa3b2bbf3 -> 
  custom:scripting/monoscript/fileName/SRDuplicateCleaner.cs: 48ba78d155bb765f76ae3b7a48227096 -> 
  custom:scripting/monoscript/fileName/StringNamedData.cs: a0be046363b5145e8d7a10a6e7b39fd8 -> 
  custom:scripting/monoscript/fileName/PrefabTest.cs: 6b6887b3dc8e3af96cf14d93abfb5dc3 -> 
  custom:scripting/monoscript/fileName/FloatData.cs: cc167c52f95b4a9cfd19d3403edd9488 -> 
  custom:container-muxer-webm: aa71ff27fc2769a1b78a27578f13a17b -> 
  custom:video-decoder-webm-vp8: 9c59270c3fd7afecdb556c50c9e8de78 -> 
  custom:scripting/monoscript/fileName/ComplexData.cs: 1a194a9e801ae00127b7095ad5fb5845 -> 
  custom:scripting/monoscript/fileName/SRMissingTypesValidatorConfig.cs: f45a7213a13dc24388a4b9cf08ab6b0b -> 
  custom:SearchIndexIgnoredProperties: e643bd26f0fe6173181afceb89e7c659 -> 
  custom:AudioImporter_EditorPlatform: d09bf68614088b80899f8185d706f6e7 -> 
  custom:scripting/monoscript/fileName/SRTypesSearchWindowProvider.cs: 1216ce721f248c626210c79502c323d4 -> 
  custom:scripting/monoscript/fileName/MissingTypesCleaner.cs: 84c61a80bbc4c1446fbc65f2d72d8309 -> 
  custom:scripting/monoscript/fileName/SREditorSettingsProvider.cs: 96796a38016c0039c6a8612eec69034e -> 
  custom:scripting/monoscript/fileName/AbstractNamedData.cs: 30ddc6fd631c0e3d1b2ec1581e1bd6a4 -> 
  custom:scripting/monoscript/fileName/UnityLogAssetMissingTypeReport.cs: 40d72f05898153cb2bbe167f1651b9f7 -> 
  custom:scripting/monoscript/fileName/Effect.cs: db0847a469ed795dc13473466caf2c90 -> 
  custom:scripting/monoscript/fileName/SRCashTypeSearchTree.cs: 564a21cdbf2a2de755085e7e539d2d31 -> 
  custom:scripting/monoscript/fileName/SRHiddenAttribute.cs: 0136e3b4217b162da6fdfbacda44c0a1 -> 
  custom:scripting/monoscript/fileName/TypeInfoComparer.cs: 4d647e244dcbe40605e88bae9e66872b -> 
  custom:scripting/monoscript/fileName/NameService.cs: f450f04e7adb2532951c1331cfcecb1e -> 
  custom:scripting/monoscript/fileName/TestData.cs: 81ea9ea5cfeb494cd17ed04f7b8a6380 -> 
  custom:scripting/monoscript/fileName/CustomData.cs: 269d83f5b9b524c131a0338ab3268d54 -> 
  custom:scripting/monoscript/fileName/SRActionFactory.cs: 50947e36386537c0a0e1f84ca4fccdb9 -> 
  custom:scripting/monoscript/fileName/SRAction.cs: 222f673910e31316790fa3e1083cd837 -> 
  custom:video-encoder-webm-vp8: eb34c28f22e8b96e1ab97ce403110664 -> 
  custom:scripting/monoscript/fileName/HiddenData.cs: cc64cbbe526a41a16d9b0150b88bbbb7 -> 
  custom:audio-decoder-ogg-vorbis: bf7c407c2cedff20999df2af8eb42d56 -> 
  custom:scripting/monoscript/fileName/IntegerNamedData.cs: 3762cd7004115ee6ec36e1e47f5e8ffb -> 
  custom:scripting/monoscript/fileName/AssetChangeDetector.cs: 66241e9dff315550ae7fce59cb4845ae -> 
  custom:scripting/monoscript/fileName/ContainerData.cs: f8f7c63f3fc2634c71f417af7f430f7d -> 
  custom:scripting/monoscript/fileName/SRDrawerOptions.cs: c3337e45076f3c342b6a5a188ec88709 -> 
  custom:scripting/monoscript/fileName/IAssetMissingTypeReport.cs: a696b4ab419f1ee269354f38e3d5215c -> 
  custom:audio-encoder-webm-vorbis: bf7c407c2cedff20999df2af8eb42d56 -> 
  custom:scripting/monoscript/fileName/MissingTypesLogger.cs: 99cb48659ab3fcfec4988af39589e2c8 -> 
  custom:scripting/precompiled-assembly-types:Assembly-CSharp: fcfac9191d2cf5c888b86a5e5da75603 -> e24d7867124476b8f6c482295ea6f2d1
  custom:scripting/monoscript/fileName/TypeInfoArrayComparer.cs: a0155c04541da41c86293c994a8bb1a0 -> 
  custom:scripting/monoscript/fileName/ScriptableObjectTest.cs: 032499110290d01e6cc12268ed0aad8a -> 
  custom:scripting/monoscript/fileName/ErasePropertySRAction.cs: 48c4464404a9169de8d56b994197a54e -> 
========================================================================
Received Prepare
Assembly with name 'SRDemo' already exists (Assets/SerializeReferenceEditor/Assets/SREditor/Samples/Demo/SRDemo.asmdef)
Assembly with name 'SRDemo' already exists (Assets/Prefabs/SerializeReferenceEditor/Assets/SREditor/Samples/Demo/SRDemo.asmdef)
Assembly with name 'SREditor-Editor' already exists (Assets/SerializeReferenceEditor/Assets/SREditor/Package/Editor/SREditor-Editor.asmdef)
Assembly with name 'SREditor-Editor' already exists (Assets/Prefabs/SerializeReferenceEditor/Assets/SREditor/Package/Editor/SREditor-Editor.asmdef)
Assembly with name 'NewTest' already exists (Assets/SerializeReferenceEditor/Assets/SREditor/Samples/Demo/NewTests/NewTest.asmdef)
Assembly with name 'NewTest' already exists (Assets/Prefabs/SerializeReferenceEditor/Assets/SREditor/Samples/Demo/NewTests/NewTest.asmdef)
Assembly with name 'SREditor' already exists (Assets/Prefabs/SerializeReferenceEditor/Assets/SREditor/Package/Scripts/SREditor.asmdef)
Assembly with name 'SREditor' already exists (Assets/SerializeReferenceEditor/Assets/SREditor/Package/Scripts/SREditor.asmdef)
Assembly with name 'SRDemo-Editor' already exists (Assets/Prefabs/SerializeReferenceEditor/Assets/SREditor/Samples/Demo/Editor/SRDemo-Editor.asmdef)
Assembly with name 'SRDemo-Editor' already exists (Assets/SerializeReferenceEditor/Assets/SREditor/Samples/Demo/Editor/SRDemo-Editor.asmdef)
Caller must complete domain reload
Assembly with name 'SRDemo' already exists (Assets/SerializeReferenceEditor/Assets/SREditor/Samples/Demo/SRDemo.asmdef)
Assembly with name 'SRDemo' already exists (Assets/Prefabs/SerializeReferenceEditor/Assets/SREditor/Samples/Demo/SRDemo.asmdef)
Assembly with name 'SREditor-Editor' already exists (Assets/SerializeReferenceEditor/Assets/SREditor/Package/Editor/SREditor-Editor.asmdef)
Assembly with name 'SREditor-Editor' already exists (Assets/Prefabs/SerializeReferenceEditor/Assets/SREditor/Package/Editor/SREditor-Editor.asmdef)
Assembly with name 'NewTest' already exists (Assets/SerializeReferenceEditor/Assets/SREditor/Samples/Demo/NewTests/NewTest.asmdef)
Assembly with name 'NewTest' already exists (Assets/Prefabs/SerializeReferenceEditor/Assets/SREditor/Samples/Demo/NewTests/NewTest.asmdef)
Assembly with name 'SREditor' already exists (Assets/Prefabs/SerializeReferenceEditor/Assets/SREditor/Package/Scripts/SREditor.asmdef)
Assembly with name 'SREditor' already exists (Assets/SerializeReferenceEditor/Assets/SREditor/Package/Scripts/SREditor.asmdef)
Assembly with name 'SRDemo-Editor' already exists (Assets/Prefabs/SerializeReferenceEditor/Assets/SREditor/Samples/Demo/Editor/SRDemo-Editor.asmdef)
Assembly with name 'SRDemo-Editor' already exists (Assets/SerializeReferenceEditor/Assets/SREditor/Samples/Demo/Editor/SRDemo-Editor.asmdef)
Begin MonoManager ReloadAssembly
- Loaded All Assemblies, in  0.372 seconds
Native extension for WindowsStandalone target not found
Assembly with name 'SRDemo' already exists (Assets/SerializeReferenceEditor/Assets/SREditor/Samples/Demo/SRDemo.asmdef)
Assembly with name 'SRDemo' already exists (Assets/Prefabs/SerializeReferenceEditor/Assets/SREditor/Samples/Demo/SRDemo.asmdef)
Assembly with name 'SREditor-Editor' already exists (Assets/SerializeReferenceEditor/Assets/SREditor/Package/Editor/SREditor-Editor.asmdef)
Assembly with name 'SREditor-Editor' already exists (Assets/Prefabs/SerializeReferenceEditor/Assets/SREditor/Package/Editor/SREditor-Editor.asmdef)
Assembly with name 'NewTest' already exists (Assets/SerializeReferenceEditor/Assets/SREditor/Samples/Demo/NewTests/NewTest.asmdef)
Assembly with name 'NewTest' already exists (Assets/Prefabs/SerializeReferenceEditor/Assets/SREditor/Samples/Demo/NewTests/NewTest.asmdef)
Assembly with name 'SREditor' already exists (Assets/Prefabs/SerializeReferenceEditor/Assets/SREditor/Package/Scripts/SREditor.asmdef)
Assembly with name 'SREditor' already exists (Assets/SerializeReferenceEditor/Assets/SREditor/Package/Scripts/SREditor.asmdef)
Assembly with name 'SRDemo-Editor' already exists (Assets/Prefabs/SerializeReferenceEditor/Assets/SREditor/Samples/Demo/Editor/SRDemo-Editor.asmdef)
Assembly with name 'SRDemo-Editor' already exists (Assets/SerializeReferenceEditor/Assets/SREditor/Samples/Demo/Editor/SRDemo-Editor.asmdef)
Mono: successfully reloaded assembly
- Finished resetting the current domain, in  0.831 seconds
Domain Reload Profiling: 1203ms
	BeginReloadAssembly (139ms)
		ExecutionOrderSort (0ms)
		DisableScriptedObjects (10ms)
		BackupInstance (0ms)
		ReleaseScriptingObjects (0ms)
		CreateAndSetChildDomain (41ms)
	RebuildCommonClasses (23ms)
	RebuildNativeTypeToScriptingClass (8ms)
	initialDomainReloadingComplete (18ms)
	LoadAllAssembliesAndSetupDomain (184ms)
		LoadAssemblies (219ms)
		RebuildTransferFunctionScriptingTraits (0ms)
		AnalyzeDomain (24ms)
			TypeCache.Refresh (9ms)
				TypeCache.ScanAssembly (1ms)
			ScanForSourceGeneratedMonoScriptInfo (10ms)
			ResolveRequiredComponents (4ms)
	FinalizeReload (831ms)
		ReleaseScriptCaches (0ms)
		RebuildScriptCaches (0ms)
		SetupLoadedEditorAssemblies (538ms)
			LogAssemblyErrors (0ms)
			InitializePlatformSupportModulesInManaged (3ms)
			SetLoadedEditorAssemblies (3ms)
			RefreshPlugins (0ms)
			BeforeProcessingInitializeOnLoad (70ms)
			ProcessInitializeOnLoadAttributes (425ms)
			ProcessInitializeOnLoadMethodAttributes (35ms)
			AfterProcessingInitializeOnLoad (2ms)
			EditorAssembliesLoaded (0ms)
		ExecutionOrderSort2 (0ms)
		AwakeInstancesAfterBackupRestoration (14ms)
Refreshing native plugins compatible for Editor in 2.38 ms, found 4 plugins.
Preloading 0 native plugins for Editor in 0.00 ms.
Unloading 4325 Unused Serialized files (Serialized files now loaded: 0)
Unloading 23 unused Assets / (31.6 KB). Loaded Objects now: 4899.
Memory consumption went from 156.2 MB to 156.1 MB.
Total: 3.459000 ms (FindLiveObjects: 0.210900 ms CreateObjectMapping: 0.132000 ms MarkObjects: 3.007000 ms  DeleteObjects: 0.108300 ms)

Prepare: number of updated asset objects reloaded= 30
AssetImportParameters requested are different than current active one (requested -> active):
  custom:scripting/monoscript/fileName/SRDemoAttribute.cs: b217f8d4e07b14b9940a83b035def963 -> 
  custom:scripting/monoscript/fileName/LoadAllScriptableObjects.cs: 8c4c4caa6c9d58a1046ba488534e615c -> 
  custom:container-demuxer-ogg: 62fdf1f143b41e24485cea50d1cbac27 -> 
  custom:scripting/monoscript/fileName/StringData.cs: 899c5872079327f54ed117fc61ea02c0 -> 
  custom:scripting/monoscript/fileName/IAssetsLoader.cs: 8d295a5e2d097f03f5f00e3441d974eb -> 
  custom:scripting/monoscript/fileName/SRTypeTreeFactory.cs: b9f0ea0d3f426034a242fccaec253fa9 -> 
  custom:scripting/monoscript/fileName/TypeReplacer.cs: ae51176d3fdd2e15067fbf3eeb4d1ffd -> 
  custom:scripting/monoscript/fileName/SRTypeCache.cs: cd51da883b797559c225dab095647981 -> 
  custom:video-codec-MediaFoundation-h265: 746d11721c4dcdbdad8f713fa42b33f4 -> 
  custom:scripting/monoscript/fileName/FormerlySerializedTypeAttribute.cs: a2ba12d6f49519a27a785cb6e7cc3b9c -> 
  custom:scripting/monoscript/fileName/IData.cs: 869deb168c5112234ead0b60061e88d4 -> 
  custom:video-decoder-ogg-theora: a1e56fd34408186e4bbccfd4996cb3dc -> 
  custom:scripting/monoscript/fileName/TypeInfo.cs: 3a9ce2b1121b5df65b59d03380de4ab6 -> 
  custom:scripting/monoscript/fileName/InstanceClassSRAction.cs: 78c0331d959a99a60c1adff7e81d3862 -> 
  custom:framework-win-MediaFoundation: 216162199b28c13a410421893ffa2e32 -> 
  custom:scripting/monoscript/fileName/ScriptableObjectTestData.cs: 56e0c1e05ef2b3e0ecda33fad772a283 -> 
  custom:scripting/precompiled-assembly-types:SREditor-Editor: 55b5456b5630cab223524f958b1d591b -> 
  custom:scripting/monoscript/fileName/SRDrawer.cs: cbea2dac214fbebe88c1bdc69ad4b45f -> 
  custom:scripting/monoscript/fileName/SRNameAttribute.cs: 1b1dbd11348e161435c454df7cc85608 -> 
  custom:scripting/monoscript/fileName/AbstractData.cs: c2fc160bd7af24ef3912d4546ba164da -> 
  custom:scripting/monoscript/fileName/DataList.cs: ac707c81ae30f006632cf7b337900264 -> 
  custom:scripting/precompiled-assembly-types:NewTest: 1f1ee7a59c4c112b0ac23a43c8848db5 -> 
  custom:scripting/monoscript/fileName/TypeReplaceHelper.cs: 5061a70e5cba90a2f93fbaca5002d92c -> 
  custom:CustomObjectIndexerAttribute: 9a22284fe3817be447336de3de66b15e -> 
  custom:scripting/monoscript/fileName/IntegerData.cs: be3d36b532f74a94814765d5582dd467 -> 
  custom:scripting/monoscript/fileName/TypeReplacerWindow.cs: c75b82325a10408dedd0b6359fe6ec16 -> 
  custom:scripting/monoscript/fileName/NewTestData.cs: d4cd3933424ead977ec2d13d82f8bf32 -> 
  custom:scripting/monoscript/fileName/StringInterfaceData.cs: 3d50b8fc8dd0f40f14ecec98ae9d71bf -> 
  custom:scripting/monoscript/fileName/ProcessingCoordinator.cs: a2cc59e2f1bdaa862f8699f5126d0c16 -> 
  custom:scripting/monoscript/fileName/PlayCardGA.cs: 5789139290271257e0b7651fe5863c2e -> 
  custom:scripting/monoscript/fileName/SRFormerlyTypeCache.cs: b7cf08609a0a042a8236322b594b8142 -> 
  custom:container-demuxer-webm: 4f35f7cbe854078d1ac9338744f61a02 -> 
  custom:scripting/monoscript/fileName/SREditorSettings.cs: 3331118a764dc5e43cc7c0d781d392d8 -> 
  custom:scripting/precompiled-assembly-types:SRDemo-Editor: 8adfbed147264f837f3a0482ccfceda7 -> 
  custom:scripting/monoscript/fileName/SRMissingTypesValidator.cs: 46bac1a342b6b1607f4b717707b04fa2 -> 
  custom:scripting/precompiled-assembly-types:SREditor: df3fe5802f2450a7160c4b4df24efb82 -> 
  custom:scripting/monoscript/fileName/CustomDataDrawer.cs: 65ff75100b510d38b07627bf3a1e89c7 -> 
  custom:scripting/monoscript/fileName/DataHolder.cs: b5fe96c290fd369c9489341d8f0c6c3f -> 
  custom:scripting/monoscript/fileName/FloatNamedData.cs: f5fca032bc29de94a8bc17bae6d6c41d -> 
  custom:scripting/monoscript/fileName/SRAttribute.cs: 789115209565033af35d3e3afd3e3310 -> 
  custom:scripting/monoscript/fileName/SRDuplicateCleaner.cs: d225ff68fd10a29da65fb6f03456bf58 -> 
  custom:scripting/monoscript/fileName/StringNamedData.cs: b9ca07eb5bf5f668f896b2406b80c50f -> 
  custom:scripting/monoscript/fileName/PrefabTest.cs: 6b21488e501f2b8de0cbf89d0ebca7f4 -> 
  custom:scripting/monoscript/fileName/FloatData.cs: a36b3dfab935a3cafd5bec620587edb1 -> 
  custom:container-muxer-webm: aa71ff27fc2769a1b78a27578f13a17b -> 
  custom:video-decoder-webm-vp8: 9c59270c3fd7afecdb556c50c9e8de78 -> 
  custom:scripting/monoscript/fileName/ComplexData.cs: a41c3c64cbd5a4249e25f8e18e449ae5 -> 
  custom:scripting/monoscript/fileName/SRMissingTypesValidatorConfig.cs: 311504d3d80993c651daaad954f1305b -> 
  custom:SearchIndexIgnoredProperties: e643bd26f0fe6173181afceb89e7c659 -> 
  custom:AudioImporter_EditorPlatform: d09bf68614088b80899f8185d706f6e7 -> 
  custom:scripting/monoscript/fileName/SRTypesSearchWindowProvider.cs: efc74559e42bc1aa7b7f5150b360d2fb -> 
  custom:scripting/monoscript/fileName/MissingTypesCleaner.cs: d3f00f379b86ec4cc811f9c87e215dd8 -> 
  custom:scripting/monoscript/fileName/SREditorSettingsProvider.cs: 37a99a0352dafd2b90ce1865506af283 -> 
  custom:scripting/monoscript/fileName/AbstractNamedData.cs: e532bceb478b1b5456b1c7ec34accfb2 -> 
  custom:scripting/monoscript/fileName/UnityLogAssetMissingTypeReport.cs: 0623721f233a6cc1458bd3d77272d40b -> 
  custom:scripting/monoscript/fileName/Effect.cs: db0847a469ed795dc13473466caf2c90 -> 
  custom:scripting/monoscript/fileName/SRCashTypeSearchTree.cs: ce95e72afce0c3503f63fc4c4d621b06 -> 
  custom:scripting/monoscript/fileName/SRHiddenAttribute.cs: b80fc48a45fff22c67246a0eb3bb2f52 -> 
  custom:scripting/monoscript/fileName/TypeInfoComparer.cs: f78e3dd8571fb435023b893ff6ab0349 -> 
  custom:scripting/monoscript/fileName/NameService.cs: 0b470d478878f04170f09ea709d96d20 -> 
  custom:scripting/monoscript/fileName/TestData.cs: 30cb1cfce572b4f2dcb721be1e0e9081 -> 
  custom:scripting/monoscript/fileName/CustomData.cs: d49523017a9f23851db158eaea2801ff -> 
  custom:scripting/monoscript/fileName/SRActionFactory.cs: 6cb7f0a6c20ec38e4610be62bfe55206 -> 
  custom:scripting/monoscript/fileName/SRAction.cs: ef58eb737e49a3b52271615452d512d9 -> 
  custom:video-encoder-webm-vp8: eb34c28f22e8b96e1ab97ce403110664 -> 
  custom:scripting/monoscript/fileName/HiddenData.cs: 1b489c97a3d23394b73da862faf88fdf -> 
  custom:audio-decoder-ogg-vorbis: bf7c407c2cedff20999df2af8eb42d56 -> 
  custom:scripting/monoscript/fileName/IntegerNamedData.cs: 608697fde81a43c41d54201b88e6e311 -> 
  custom:scripting/monoscript/fileName/AssetChangeDetector.cs: 65333c271892a57b3b74113ae0b0e6d4 -> 
  custom:scripting/monoscript/fileName/ContainerData.cs: c5dc4e9b9c3e32e43213d6d81fd37d43 -> 
  custom:scripting/monoscript/fileName/SRDrawerOptions.cs: 2b1003830d2989546caf7126adc49d41 -> 
  custom:scripting/monoscript/fileName/IAssetMissingTypeReport.cs: 22126180f057be89ffb14e06670cf701 -> 
  custom:audio-encoder-webm-vorbis: bf7c407c2cedff20999df2af8eb42d56 -> 
  custom:scripting/precompiled-assembly-types:SRDemo: 12f6be23b5d35fc375ef15de3d23d5b7 -> 
  custom:scripting/monoscript/fileName/MissingTypesLogger.cs: eac8c33766e6330de4c0a44b29a2de78 -> 
  custom:scripting/precompiled-assembly-types:Assembly-CSharp: fcfac9191d2cf5c888b86a5e5da75603 -> e24d7867124476b8f6c482295ea6f2d1
  custom:scripting/monoscript/fileName/TypeInfoArrayComparer.cs: 4734a6743c056bda54f6256be31cb96a -> 
  custom:scripting/monoscript/fileName/ScriptableObjectTest.cs: b53441fff951350b341178933e3e23ef -> 
  custom:scripting/monoscript/fileName/ErasePropertySRAction.cs: 4b881b6741f1070c9d03f1dd87107a3b -> 
========================================================================
Received Prepare
Assembly with name 'SRDemo' already exists (Assets/SerializeReferenceEditor/Assets/SREditor/Samples/Demo/SRDemo.asmdef)
Assembly with name 'SRDemo' already exists (Assets/Prefabs/SerializeReferenceEditor/Assets/SREditor/Samples/Demo/SRDemo.asmdef)
Assembly with name 'SREditor-Editor' already exists (Assets/SerializeReferenceEditor/Assets/SREditor/Package/Editor/SREditor-Editor.asmdef)
Assembly with name 'SREditor-Editor' already exists (Assets/Prefabs/SerializeReferenceEditor/Assets/SREditor/Package/Editor/SREditor-Editor.asmdef)
Assembly with name 'NewTest' already exists (Assets/SerializeReferenceEditor/Assets/SREditor/Samples/Demo/NewTests/NewTest.asmdef)
Assembly with name 'NewTest' already exists (Assets/Prefabs/SerializeReferenceEditor/Assets/SREditor/Samples/Demo/NewTests/NewTest.asmdef)
Assembly with name 'SREditor' already exists (Assets/Prefabs/SerializeReferenceEditor/Assets/SREditor/Package/Scripts/SREditor.asmdef)
Assembly with name 'SREditor' already exists (Assets/SerializeReferenceEditor/Assets/SREditor/Package/Scripts/SREditor.asmdef)
Assembly with name 'SRDemo-Editor' already exists (Assets/Prefabs/SerializeReferenceEditor/Assets/SREditor/Samples/Demo/Editor/SRDemo-Editor.asmdef)
Assembly with name 'SRDemo-Editor' already exists (Assets/SerializeReferenceEditor/Assets/SREditor/Samples/Demo/Editor/SRDemo-Editor.asmdef)
Caller must complete domain reload
Assembly with name 'SRDemo' already exists (Assets/SerializeReferenceEditor/Assets/SREditor/Samples/Demo/SRDemo.asmdef)
Assembly with name 'SRDemo' already exists (Assets/Prefabs/SerializeReferenceEditor/Assets/SREditor/Samples/Demo/SRDemo.asmdef)
Assembly with name 'SREditor-Editor' already exists (Assets/SerializeReferenceEditor/Assets/SREditor/Package/Editor/SREditor-Editor.asmdef)
Assembly with name 'SREditor-Editor' already exists (Assets/Prefabs/SerializeReferenceEditor/Assets/SREditor/Package/Editor/SREditor-Editor.asmdef)
Assembly with name 'NewTest' already exists (Assets/SerializeReferenceEditor/Assets/SREditor/Samples/Demo/NewTests/NewTest.asmdef)
Assembly with name 'NewTest' already exists (Assets/Prefabs/SerializeReferenceEditor/Assets/SREditor/Samples/Demo/NewTests/NewTest.asmdef)
Assembly with name 'SREditor' already exists (Assets/Prefabs/SerializeReferenceEditor/Assets/SREditor/Package/Scripts/SREditor.asmdef)
Assembly with name 'SREditor' already exists (Assets/SerializeReferenceEditor/Assets/SREditor/Package/Scripts/SREditor.asmdef)
Assembly with name 'SRDemo-Editor' already exists (Assets/Prefabs/SerializeReferenceEditor/Assets/SREditor/Samples/Demo/Editor/SRDemo-Editor.asmdef)
Assembly with name 'SRDemo-Editor' already exists (Assets/SerializeReferenceEditor/Assets/SREditor/Samples/Demo/Editor/SRDemo-Editor.asmdef)
Begin MonoManager ReloadAssembly
- Loaded All Assemblies, in  0.387 seconds
Native extension for WindowsStandalone target not found
Assembly with name 'SRDemo' already exists (Assets/SerializeReferenceEditor/Assets/SREditor/Samples/Demo/SRDemo.asmdef)
Assembly with name 'SRDemo' already exists (Assets/Prefabs/SerializeReferenceEditor/Assets/SREditor/Samples/Demo/SRDemo.asmdef)
Assembly with name 'SREditor-Editor' already exists (Assets/SerializeReferenceEditor/Assets/SREditor/Package/Editor/SREditor-Editor.asmdef)
Assembly with name 'SREditor-Editor' already exists (Assets/Prefabs/SerializeReferenceEditor/Assets/SREditor/Package/Editor/SREditor-Editor.asmdef)
Assembly with name 'NewTest' already exists (Assets/SerializeReferenceEditor/Assets/SREditor/Samples/Demo/NewTests/NewTest.asmdef)
Assembly with name 'NewTest' already exists (Assets/Prefabs/SerializeReferenceEditor/Assets/SREditor/Samples/Demo/NewTests/NewTest.asmdef)
Assembly with name 'SREditor' already exists (Assets/Prefabs/SerializeReferenceEditor/Assets/SREditor/Package/Scripts/SREditor.asmdef)
Assembly with name 'SREditor' already exists (Assets/SerializeReferenceEditor/Assets/SREditor/Package/Scripts/SREditor.asmdef)
Assembly with name 'SRDemo-Editor' already exists (Assets/Prefabs/SerializeReferenceEditor/Assets/SREditor/Samples/Demo/Editor/SRDemo-Editor.asmdef)
Assembly with name 'SRDemo-Editor' already exists (Assets/SerializeReferenceEditor/Assets/SREditor/Samples/Demo/Editor/SRDemo-Editor.asmdef)
Mono: successfully reloaded assembly
- Finished resetting the current domain, in  5.854 seconds
Domain Reload Profiling: 6241ms
	BeginReloadAssembly (114ms)
		ExecutionOrderSort (0ms)
		DisableScriptedObjects (8ms)
		BackupInstance (0ms)
		ReleaseScriptingObjects (0ms)
		CreateAndSetChildDomain (27ms)
	RebuildCommonClasses (22ms)
	RebuildNativeTypeToScriptingClass (7ms)
	initialDomainReloadingComplete (16ms)
	LoadAllAssembliesAndSetupDomain (227ms)
		LoadAssemblies (262ms)
		RebuildTransferFunctionScriptingTraits (0ms)
		AnalyzeDomain (22ms)
			TypeCache.Refresh (9ms)
				TypeCache.ScanAssembly (1ms)
			ScanForSourceGeneratedMonoScriptInfo (7ms)
			ResolveRequiredComponents (5ms)
	FinalizeReload (5854ms)
		ReleaseScriptCaches (0ms)
		RebuildScriptCaches (0ms)
		SetupLoadedEditorAssemblies (369ms)
			LogAssemblyErrors (0ms)
			InitializePlatformSupportModulesInManaged (3ms)
			SetLoadedEditorAssemblies (3ms)
			RefreshPlugins (0ms)
			BeforeProcessingInitializeOnLoad (62ms)
			ProcessInitializeOnLoadAttributes (278ms)
			ProcessInitializeOnLoadMethodAttributes (21ms)
			AfterProcessingInitializeOnLoad (2ms)
			EditorAssembliesLoaded (0ms)
		ExecutionOrderSort2 (0ms)
		AwakeInstancesAfterBackupRestoration (8ms)
Refreshing native plugins compatible for Editor in 1.49 ms, found 4 plugins.
Preloading 0 native plugins for Editor in 0.00 ms.
Unloading 4325 Unused Serialized files (Serialized files now loaded: 0)
Unloading 23 unused Assets / (31.6 KB). Loaded Objects now: 4904.
Memory consumption went from 156.2 MB to 156.1 MB.
Total: 2.974900 ms (FindLiveObjects: 0.300300 ms CreateObjectMapping: 0.083600 ms MarkObjects: 2.549400 ms  DeleteObjects: 0.040900 ms)

Prepare: number of updated asset objects reloaded= 0
AssetImportParameters requested are different than current active one (requested -> active):
  custom:scripting/monoscript/fileName/SRDemoAttribute.cs: b217f8d4e07b14b9940a83b035def963 -> 
  custom:scripting/monoscript/fileName/LoadAllScriptableObjects.cs: 8c4c4caa6c9d58a1046ba488534e615c -> 
  custom:container-demuxer-ogg: 62fdf1f143b41e24485cea50d1cbac27 -> 
  custom:scripting/monoscript/fileName/StringData.cs: 899c5872079327f54ed117fc61ea02c0 -> 
  custom:scripting/monoscript/fileName/IAssetsLoader.cs: 8d295a5e2d097f03f5f00e3441d974eb -> 
  custom:scripting/monoscript/fileName/SRTypeTreeFactory.cs: b9f0ea0d3f426034a242fccaec253fa9 -> 
  custom:scripting/monoscript/fileName/TypeReplacer.cs: ae51176d3fdd2e15067fbf3eeb4d1ffd -> 
  custom:scripting/monoscript/fileName/SRTypeCache.cs: cd51da883b797559c225dab095647981 -> 
  custom:video-codec-MediaFoundation-h265: 746d11721c4dcdbdad8f713fa42b33f4 -> 
  custom:scripting/monoscript/fileName/FormerlySerializedTypeAttribute.cs: a2ba12d6f49519a27a785cb6e7cc3b9c -> 
  custom:scripting/monoscript/fileName/IData.cs: 869deb168c5112234ead0b60061e88d4 -> 
  custom:video-decoder-ogg-theora: a1e56fd34408186e4bbccfd4996cb3dc -> 
  custom:scripting/monoscript/fileName/TypeInfo.cs: 3a9ce2b1121b5df65b59d03380de4ab6 -> 
  custom:scripting/monoscript/fileName/InstanceClassSRAction.cs: 78c0331d959a99a60c1adff7e81d3862 -> 
  custom:framework-win-MediaFoundation: 216162199b28c13a410421893ffa2e32 -> 
  custom:scripting/monoscript/fileName/ScriptableObjectTestData.cs: 56e0c1e05ef2b3e0ecda33fad772a283 -> 
  custom:scripting/precompiled-assembly-types:SREditor-Editor: 55b5456b5630cab223524f958b1d591b -> 
  custom:scripting/monoscript/fileName/SRDrawer.cs: cbea2dac214fbebe88c1bdc69ad4b45f -> 
  custom:scripting/monoscript/fileName/SRNameAttribute.cs: 1b1dbd11348e161435c454df7cc85608 -> 
  custom:scripting/monoscript/fileName/AbstractData.cs: c2fc160bd7af24ef3912d4546ba164da -> 
  custom:scripting/monoscript/fileName/DataList.cs: ac707c81ae30f006632cf7b337900264 -> 
  custom:scripting/precompiled-assembly-types:NewTest: 1f1ee7a59c4c112b0ac23a43c8848db5 -> 
  custom:scripting/monoscript/fileName/TypeReplaceHelper.cs: 5061a70e5cba90a2f93fbaca5002d92c -> 
  custom:CustomObjectIndexerAttribute: 9a22284fe3817be447336de3de66b15e -> 
  custom:scripting/monoscript/fileName/IntegerData.cs: be3d36b532f74a94814765d5582dd467 -> 
  custom:scripting/monoscript/fileName/TypeReplacerWindow.cs: c75b82325a10408dedd0b6359fe6ec16 -> 
  custom:scripting/monoscript/fileName/NewTestData.cs: d4cd3933424ead977ec2d13d82f8bf32 -> 
  custom:scripting/monoscript/fileName/StringInterfaceData.cs: 3d50b8fc8dd0f40f14ecec98ae9d71bf -> 
  custom:scripting/monoscript/fileName/ProcessingCoordinator.cs: a2cc59e2f1bdaa862f8699f5126d0c16 -> 
  custom:scripting/monoscript/fileName/PlayCardGA.cs: 5789139290271257e0b7651fe5863c2e -> 
  custom:scripting/monoscript/fileName/SRFormerlyTypeCache.cs: b7cf08609a0a042a8236322b594b8142 -> 
  custom:container-demuxer-webm: 4f35f7cbe854078d1ac9338744f61a02 -> 
  custom:scripting/monoscript/fileName/SREditorSettings.cs: 3331118a764dc5e43cc7c0d781d392d8 -> 
  custom:scripting/precompiled-assembly-types:SRDemo-Editor: 8adfbed147264f837f3a0482ccfceda7 -> 
  custom:scripting/monoscript/fileName/SRMissingTypesValidator.cs: 46bac1a342b6b1607f4b717707b04fa2 -> 
  custom:scripting/precompiled-assembly-types:SREditor: df3fe5802f2450a7160c4b4df24efb82 -> 
  custom:scripting/monoscript/fileName/CustomDataDrawer.cs: 65ff75100b510d38b07627bf3a1e89c7 -> 
  custom:scripting/monoscript/fileName/DataHolder.cs: b5fe96c290fd369c9489341d8f0c6c3f -> 
  custom:scripting/monoscript/fileName/FloatNamedData.cs: f5fca032bc29de94a8bc17bae6d6c41d -> 
  custom:scripting/monoscript/fileName/SRAttribute.cs: 789115209565033af35d3e3afd3e3310 -> 
  custom:scripting/monoscript/fileName/SRDuplicateCleaner.cs: d225ff68fd10a29da65fb6f03456bf58 -> 
  custom:scripting/monoscript/fileName/StringNamedData.cs: b9ca07eb5bf5f668f896b2406b80c50f -> 
  custom:scripting/monoscript/fileName/PrefabTest.cs: 6b21488e501f2b8de0cbf89d0ebca7f4 -> 
  custom:scripting/monoscript/fileName/FloatData.cs: a36b3dfab935a3cafd5bec620587edb1 -> 
  custom:container-muxer-webm: aa71ff27fc2769a1b78a27578f13a17b -> 
  custom:video-decoder-webm-vp8: 9c59270c3fd7afecdb556c50c9e8de78 -> 
  custom:scripting/monoscript/fileName/ComplexData.cs: a41c3c64cbd5a4249e25f8e18e449ae5 -> 
  custom:scripting/monoscript/fileName/SRMissingTypesValidatorConfig.cs: 311504d3d80993c651daaad954f1305b -> 
  custom:SearchIndexIgnoredProperties: e643bd26f0fe6173181afceb89e7c659 -> 
  custom:AudioImporter_EditorPlatform: d09bf68614088b80899f8185d706f6e7 -> 
  custom:scripting/monoscript/fileName/SRTypesSearchWindowProvider.cs: efc74559e42bc1aa7b7f5150b360d2fb -> 
  custom:scripting/monoscript/fileName/MissingTypesCleaner.cs: d3f00f379b86ec4cc811f9c87e215dd8 -> 
  custom:scripting/monoscript/fileName/SREditorSettingsProvider.cs: 37a99a0352dafd2b90ce1865506af283 -> 
  custom:scripting/monoscript/fileName/AbstractNamedData.cs: e532bceb478b1b5456b1c7ec34accfb2 -> 
  custom:scripting/monoscript/fileName/UnityLogAssetMissingTypeReport.cs: 0623721f233a6cc1458bd3d77272d40b -> 
  custom:scripting/monoscript/fileName/Effect.cs: db0847a469ed795dc13473466caf2c90 -> 
  custom:scripting/monoscript/fileName/SRCashTypeSearchTree.cs: ce95e72afce0c3503f63fc4c4d621b06 -> 
  custom:scripting/monoscript/fileName/SRHiddenAttribute.cs: b80fc48a45fff22c67246a0eb3bb2f52 -> 
  custom:scripting/monoscript/fileName/TypeInfoComparer.cs: f78e3dd8571fb435023b893ff6ab0349 -> 
  custom:scripting/monoscript/fileName/NameService.cs: 0b470d478878f04170f09ea709d96d20 -> 
  custom:scripting/monoscript/fileName/TestData.cs: 30cb1cfce572b4f2dcb721be1e0e9081 -> 
  custom:scripting/monoscript/fileName/CustomData.cs: d49523017a9f23851db158eaea2801ff -> 
  custom:scripting/monoscript/fileName/SRActionFactory.cs: 6cb7f0a6c20ec38e4610be62bfe55206 -> 
  custom:scripting/monoscript/fileName/SRAction.cs: ef58eb737e49a3b52271615452d512d9 -> 
  custom:video-encoder-webm-vp8: eb34c28f22e8b96e1ab97ce403110664 -> 
  custom:scripting/monoscript/fileName/HiddenData.cs: 1b489c97a3d23394b73da862faf88fdf -> 
  custom:audio-decoder-ogg-vorbis: bf7c407c2cedff20999df2af8eb42d56 -> 
  custom:scripting/monoscript/fileName/IntegerNamedData.cs: 608697fde81a43c41d54201b88e6e311 -> 
  custom:scripting/monoscript/fileName/AssetChangeDetector.cs: 65333c271892a57b3b74113ae0b0e6d4 -> 
  custom:scripting/monoscript/fileName/ContainerData.cs: c5dc4e9b9c3e32e43213d6d81fd37d43 -> 
  custom:scripting/monoscript/fileName/SRDrawerOptions.cs: 2b1003830d2989546caf7126adc49d41 -> 
  custom:scripting/monoscript/fileName/IAssetMissingTypeReport.cs: 22126180f057be89ffb14e06670cf701 -> 
  custom:audio-encoder-webm-vorbis: bf7c407c2cedff20999df2af8eb42d56 -> 
  custom:scripting/precompiled-assembly-types:SRDemo: 12f6be23b5d35fc375ef15de3d23d5b7 -> 
  custom:scripting/monoscript/fileName/MissingTypesLogger.cs: eac8c33766e6330de4c0a44b29a2de78 -> 
  custom:scripting/precompiled-assembly-types:Assembly-CSharp: fcfac9191d2cf5c888b86a5e5da75603 -> e24d7867124476b8f6c482295ea6f2d1
  custom:scripting/monoscript/fileName/TypeInfoArrayComparer.cs: 4734a6743c056bda54f6256be31cb96a -> 
  custom:scripting/monoscript/fileName/ScriptableObjectTest.cs: b53441fff951350b341178933e3e23ef -> 
  custom:scripting/monoscript/fileName/ErasePropertySRAction.cs: 4b881b6741f1070c9d03f1dd87107a3b -> 
========================================================================
Received Prepare
Assembly with name 'SRDemo' already exists (Assets/SerializeReferenceEditor/Assets/SREditor/Samples/Demo/SRDemo.asmdef)
Assembly with name 'SRDemo' already exists (Assets/Prefabs/SerializeReferenceEditor/Assets/SREditor/Samples/Demo/SRDemo.asmdef)
Assembly with name 'SREditor-Editor' already exists (Assets/SerializeReferenceEditor/Assets/SREditor/Package/Editor/SREditor-Editor.asmdef)
Assembly with name 'SREditor-Editor' already exists (Assets/Prefabs/SerializeReferenceEditor/Assets/SREditor/Package/Editor/SREditor-Editor.asmdef)
Assembly with name 'NewTest' already exists (Assets/SerializeReferenceEditor/Assets/SREditor/Samples/Demo/NewTests/NewTest.asmdef)
Assembly with name 'NewTest' already exists (Assets/Prefabs/SerializeReferenceEditor/Assets/SREditor/Samples/Demo/NewTests/NewTest.asmdef)
Assembly with name 'SREditor' already exists (Assets/Prefabs/SerializeReferenceEditor/Assets/SREditor/Package/Scripts/SREditor.asmdef)
Assembly with name 'SREditor' already exists (Assets/SerializeReferenceEditor/Assets/SREditor/Package/Scripts/SREditor.asmdef)
Assembly with name 'SRDemo-Editor' already exists (Assets/Prefabs/SerializeReferenceEditor/Assets/SREditor/Samples/Demo/Editor/SRDemo-Editor.asmdef)
Assembly with name 'SRDemo-Editor' already exists (Assets/SerializeReferenceEditor/Assets/SREditor/Samples/Demo/Editor/SRDemo-Editor.asmdef)
Caller must complete domain reload
Assembly with name 'SRDemo' already exists (Assets/SerializeReferenceEditor/Assets/SREditor/Samples/Demo/SRDemo.asmdef)
Assembly with name 'SRDemo' already exists (Assets/Prefabs/SerializeReferenceEditor/Assets/SREditor/Samples/Demo/SRDemo.asmdef)
Assembly with name 'SREditor-Editor' already exists (Assets/SerializeReferenceEditor/Assets/SREditor/Package/Editor/SREditor-Editor.asmdef)
Assembly with name 'SREditor-Editor' already exists (Assets/Prefabs/SerializeReferenceEditor/Assets/SREditor/Package/Editor/SREditor-Editor.asmdef)
Assembly with name 'NewTest' already exists (Assets/SerializeReferenceEditor/Assets/SREditor/Samples/Demo/NewTests/NewTest.asmdef)
Assembly with name 'NewTest' already exists (Assets/Prefabs/SerializeReferenceEditor/Assets/SREditor/Samples/Demo/NewTests/NewTest.asmdef)
Assembly with name 'SREditor' already exists (Assets/Prefabs/SerializeReferenceEditor/Assets/SREditor/Package/Scripts/SREditor.asmdef)
Assembly with name 'SREditor' already exists (Assets/SerializeReferenceEditor/Assets/SREditor/Package/Scripts/SREditor.asmdef)
Assembly with name 'SRDemo-Editor' already exists (Assets/Prefabs/SerializeReferenceEditor/Assets/SREditor/Samples/Demo/Editor/SRDemo-Editor.asmdef)
Assembly with name 'SRDemo-Editor' already exists (Assets/SerializeReferenceEditor/Assets/SREditor/Samples/Demo/Editor/SRDemo-Editor.asmdef)
Begin MonoManager ReloadAssembly
- Loaded All Assemblies, in  0.337 seconds
Native extension for WindowsStandalone target not found
Assembly with name 'SRDemo' already exists (Assets/SerializeReferenceEditor/Assets/SREditor/Samples/Demo/SRDemo.asmdef)
Assembly with name 'SRDemo' already exists (Assets/Prefabs/SerializeReferenceEditor/Assets/SREditor/Samples/Demo/SRDemo.asmdef)
Assembly with name 'SREditor-Editor' already exists (Assets/SerializeReferenceEditor/Assets/SREditor/Package/Editor/SREditor-Editor.asmdef)
Assembly with name 'SREditor-Editor' already exists (Assets/Prefabs/SerializeReferenceEditor/Assets/SREditor/Package/Editor/SREditor-Editor.asmdef)
Assembly with name 'NewTest' already exists (Assets/SerializeReferenceEditor/Assets/SREditor/Samples/Demo/NewTests/NewTest.asmdef)
Assembly with name 'NewTest' already exists (Assets/Prefabs/SerializeReferenceEditor/Assets/SREditor/Samples/Demo/NewTests/NewTest.asmdef)
Assembly with name 'SREditor' already exists (Assets/Prefabs/SerializeReferenceEditor/Assets/SREditor/Package/Scripts/SREditor.asmdef)
Assembly with name 'SREditor' already exists (Assets/SerializeReferenceEditor/Assets/SREditor/Package/Scripts/SREditor.asmdef)
Assembly with name 'SRDemo-Editor' already exists (Assets/Prefabs/SerializeReferenceEditor/Assets/SREditor/Samples/Demo/Editor/SRDemo-Editor.asmdef)
Assembly with name 'SRDemo-Editor' already exists (Assets/SerializeReferenceEditor/Assets/SREditor/Samples/Demo/Editor/SRDemo-Editor.asmdef)
Mono: successfully reloaded assembly
- Finished resetting the current domain, in  0.666 seconds
Domain Reload Profiling: 1003ms
	BeginReloadAssembly (116ms)
		ExecutionOrderSort (0ms)
		DisableScriptedObjects (8ms)
		BackupInstance (0ms)
		ReleaseScriptingObjects (0ms)
		CreateAndSetChildDomain (31ms)
	RebuildCommonClasses (22ms)
	RebuildNativeTypeToScriptingClass (7ms)
	initialDomainReloadingComplete (18ms)
	LoadAllAssembliesAndSetupDomain (174ms)
		LoadAssemblies (204ms)
		RebuildTransferFunctionScriptingTraits (0ms)
		AnalyzeDomain (22ms)
			TypeCache.Refresh (10ms)
				TypeCache.ScanAssembly (1ms)
			ScanForSourceGeneratedMonoScriptInfo (7ms)
			ResolveRequiredComponents (4ms)
	FinalizeReload (666ms)
		ReleaseScriptCaches (0ms)
		RebuildScriptCaches (0ms)
		SetupLoadedEditorAssemblies (362ms)
			LogAssemblyErrors (0ms)
			InitializePlatformSupportModulesInManaged (4ms)
			SetLoadedEditorAssemblies (4ms)
			RefreshPlugins (0ms)
			BeforeProcessingInitializeOnLoad (57ms)
			ProcessInitializeOnLoadAttributes (274ms)
			ProcessInitializeOnLoadMethodAttributes (21ms)
			AfterProcessingInitializeOnLoad (2ms)
			EditorAssembliesLoaded (0ms)
		ExecutionOrderSort2 (0ms)
		AwakeInstancesAfterBackupRestoration (8ms)
Refreshing native plugins compatible for Editor in 1.77 ms, found 4 plugins.
Preloading 0 native plugins for Editor in 0.00 ms.
Unloading 4325 Unused Serialized files (Serialized files now loaded: 0)
Unloading 23 unused Assets / (31.6 KB). Loaded Objects now: 4909.
Memory consumption went from 156.2 MB to 156.1 MB.
Total: 2.763100 ms (FindLiveObjects: 0.179700 ms CreateObjectMapping: 0.060700 ms MarkObjects: 2.481600 ms  DeleteObjects: 0.035000 ms)

Prepare: number of updated asset objects reloaded= 0
AssetImportParameters requested are different than current active one (requested -> active):
  custom:scripting/monoscript/fileName/SRDemoAttribute.cs: b217f8d4e07b14b9940a83b035def963 -> 
  custom:scripting/monoscript/fileName/LoadAllScriptableObjects.cs: 8c4c4caa6c9d58a1046ba488534e615c -> 
  custom:container-demuxer-ogg: 62fdf1f143b41e24485cea50d1cbac27 -> 
  custom:scripting/monoscript/fileName/StringData.cs: 899c5872079327f54ed117fc61ea02c0 -> 
  custom:scripting/monoscript/fileName/IAssetsLoader.cs: 8d295a5e2d097f03f5f00e3441d974eb -> 
  custom:scripting/monoscript/fileName/SRTypeTreeFactory.cs: b9f0ea0d3f426034a242fccaec253fa9 -> 
  custom:scripting/monoscript/fileName/TypeReplacer.cs: ae51176d3fdd2e15067fbf3eeb4d1ffd -> 
  custom:scripting/monoscript/fileName/SRTypeCache.cs: cd51da883b797559c225dab095647981 -> 
  custom:video-codec-MediaFoundation-h265: 746d11721c4dcdbdad8f713fa42b33f4 -> 
  custom:scripting/monoscript/fileName/FormerlySerializedTypeAttribute.cs: a2ba12d6f49519a27a785cb6e7cc3b9c -> 
  custom:scripting/monoscript/fileName/IData.cs: 869deb168c5112234ead0b60061e88d4 -> 
  custom:video-decoder-ogg-theora: a1e56fd34408186e4bbccfd4996cb3dc -> 
  custom:scripting/monoscript/fileName/TypeInfo.cs: 3a9ce2b1121b5df65b59d03380de4ab6 -> 
  custom:scripting/monoscript/fileName/InstanceClassSRAction.cs: 78c0331d959a99a60c1adff7e81d3862 -> 
  custom:framework-win-MediaFoundation: 216162199b28c13a410421893ffa2e32 -> 
  custom:scripting/monoscript/fileName/ScriptableObjectTestData.cs: 56e0c1e05ef2b3e0ecda33fad772a283 -> 
  custom:scripting/precompiled-assembly-types:SREditor-Editor: 55b5456b5630cab223524f958b1d591b -> 
  custom:scripting/monoscript/fileName/SRDrawer.cs: cbea2dac214fbebe88c1bdc69ad4b45f -> 
  custom:scripting/monoscript/fileName/SRNameAttribute.cs: 1b1dbd11348e161435c454df7cc85608 -> 
  custom:scripting/monoscript/fileName/AbstractData.cs: c2fc160bd7af24ef3912d4546ba164da -> 
  custom:scripting/monoscript/fileName/DataList.cs: ac707c81ae30f006632cf7b337900264 -> 
  custom:scripting/precompiled-assembly-types:NewTest: 1f1ee7a59c4c112b0ac23a43c8848db5 -> 
  custom:scripting/monoscript/fileName/TypeReplaceHelper.cs: 5061a70e5cba90a2f93fbaca5002d92c -> 
  custom:CustomObjectIndexerAttribute: 9a22284fe3817be447336de3de66b15e -> 
  custom:scripting/monoscript/fileName/IntegerData.cs: be3d36b532f74a94814765d5582dd467 -> 
  custom:scripting/monoscript/fileName/TypeReplacerWindow.cs: c75b82325a10408dedd0b6359fe6ec16 -> 
  custom:scripting/monoscript/fileName/NewTestData.cs: d4cd3933424ead977ec2d13d82f8bf32 -> 
  custom:scripting/monoscript/fileName/StringInterfaceData.cs: 3d50b8fc8dd0f40f14ecec98ae9d71bf -> 
  custom:scripting/monoscript/fileName/ProcessingCoordinator.cs: a2cc59e2f1bdaa862f8699f5126d0c16 -> 
  custom:scripting/monoscript/fileName/PlayCardGA.cs: 5789139290271257e0b7651fe5863c2e -> 
  custom:scripting/monoscript/fileName/SRFormerlyTypeCache.cs: b7cf08609a0a042a8236322b594b8142 -> 
  custom:container-demuxer-webm: 4f35f7cbe854078d1ac9338744f61a02 -> 
  custom:scripting/monoscript/fileName/SREditorSettings.cs: 3331118a764dc5e43cc7c0d781d392d8 -> 
  custom:scripting/precompiled-assembly-types:SRDemo-Editor: 8adfbed147264f837f3a0482ccfceda7 -> 
  custom:scripting/monoscript/fileName/SRMissingTypesValidator.cs: 46bac1a342b6b1607f4b717707b04fa2 -> 
  custom:scripting/precompiled-assembly-types:SREditor: df3fe5802f2450a7160c4b4df24efb82 -> 
  custom:scripting/monoscript/fileName/CustomDataDrawer.cs: 65ff75100b510d38b07627bf3a1e89c7 -> 
  custom:scripting/monoscript/fileName/DataHolder.cs: b5fe96c290fd369c9489341d8f0c6c3f -> 
  custom:scripting/monoscript/fileName/FloatNamedData.cs: f5fca032bc29de94a8bc17bae6d6c41d -> 
  custom:scripting/monoscript/fileName/SRAttribute.cs: 789115209565033af35d3e3afd3e3310 -> 
  custom:scripting/monoscript/fileName/SRDuplicateCleaner.cs: d225ff68fd10a29da65fb6f03456bf58 -> 
  custom:scripting/monoscript/fileName/StringNamedData.cs: b9ca07eb5bf5f668f896b2406b80c50f -> 
  custom:scripting/monoscript/fileName/PrefabTest.cs: 6b21488e501f2b8de0cbf89d0ebca7f4 -> 
  custom:scripting/monoscript/fileName/FloatData.cs: a36b3dfab935a3cafd5bec620587edb1 -> 
  custom:container-muxer-webm: aa71ff27fc2769a1b78a27578f13a17b -> 
  custom:video-decoder-webm-vp8: 9c59270c3fd7afecdb556c50c9e8de78 -> 
  custom:scripting/monoscript/fileName/ComplexData.cs: a41c3c64cbd5a4249e25f8e18e449ae5 -> 
  custom:scripting/monoscript/fileName/SRMissingTypesValidatorConfig.cs: 311504d3d80993c651daaad954f1305b -> 
  custom:SearchIndexIgnoredProperties: e643bd26f0fe6173181afceb89e7c659 -> 
  custom:AudioImporter_EditorPlatform: d09bf68614088b80899f8185d706f6e7 -> 
  custom:scripting/monoscript/fileName/SRTypesSearchWindowProvider.cs: efc74559e42bc1aa7b7f5150b360d2fb -> 
  custom:scripting/monoscript/fileName/MissingTypesCleaner.cs: d3f00f379b86ec4cc811f9c87e215dd8 -> 
  custom:scripting/monoscript/fileName/SREditorSettingsProvider.cs: 37a99a0352dafd2b90ce1865506af283 -> 
  custom:scripting/monoscript/fileName/AbstractNamedData.cs: e532bceb478b1b5456b1c7ec34accfb2 -> 
  custom:scripting/monoscript/fileName/UnityLogAssetMissingTypeReport.cs: 0623721f233a6cc1458bd3d77272d40b -> 
  custom:scripting/monoscript/fileName/Effect.cs: db0847a469ed795dc13473466caf2c90 -> 
  custom:scripting/monoscript/fileName/SRCashTypeSearchTree.cs: ce95e72afce0c3503f63fc4c4d621b06 -> 
  custom:scripting/monoscript/fileName/SRHiddenAttribute.cs: b80fc48a45fff22c67246a0eb3bb2f52 -> 
  custom:scripting/monoscript/fileName/TypeInfoComparer.cs: f78e3dd8571fb435023b893ff6ab0349 -> 
  custom:scripting/monoscript/fileName/NameService.cs: 0b470d478878f04170f09ea709d96d20 -> 
  custom:scripting/monoscript/fileName/TestData.cs: 30cb1cfce572b4f2dcb721be1e0e9081 -> 
  custom:scripting/monoscript/fileName/CustomData.cs: d49523017a9f23851db158eaea2801ff -> 
  custom:scripting/monoscript/fileName/SRActionFactory.cs: 6cb7f0a6c20ec38e4610be62bfe55206 -> 
  custom:scripting/monoscript/fileName/SRAction.cs: ef58eb737e49a3b52271615452d512d9 -> 
  custom:video-encoder-webm-vp8: eb34c28f22e8b96e1ab97ce403110664 -> 
  custom:scripting/monoscript/fileName/HiddenData.cs: 1b489c97a3d23394b73da862faf88fdf -> 
  custom:audio-decoder-ogg-vorbis: bf7c407c2cedff20999df2af8eb42d56 -> 
  custom:scripting/monoscript/fileName/IntegerNamedData.cs: 608697fde81a43c41d54201b88e6e311 -> 
  custom:scripting/monoscript/fileName/AssetChangeDetector.cs: 65333c271892a57b3b74113ae0b0e6d4 -> 
  custom:scripting/monoscript/fileName/ContainerData.cs: c5dc4e9b9c3e32e43213d6d81fd37d43 -> 
  custom:scripting/monoscript/fileName/SRDrawerOptions.cs: 2b1003830d2989546caf7126adc49d41 -> 
  custom:scripting/monoscript/fileName/IAssetMissingTypeReport.cs: 22126180f057be89ffb14e06670cf701 -> 
  custom:audio-encoder-webm-vorbis: bf7c407c2cedff20999df2af8eb42d56 -> 
  custom:scripting/precompiled-assembly-types:SRDemo: 12f6be23b5d35fc375ef15de3d23d5b7 -> 
  custom:scripting/monoscript/fileName/MissingTypesLogger.cs: eac8c33766e6330de4c0a44b29a2de78 -> 
  custom:scripting/precompiled-assembly-types:Assembly-CSharp: fcfac9191d2cf5c888b86a5e5da75603 -> e24d7867124476b8f6c482295ea6f2d1
  custom:scripting/monoscript/fileName/TypeInfoArrayComparer.cs: 4734a6743c056bda54f6256be31cb96a -> 
  custom:scripting/monoscript/fileName/ScriptableObjectTest.cs: b53441fff951350b341178933e3e23ef -> 
  custom:scripting/monoscript/fileName/ErasePropertySRAction.cs: 4b881b6741f1070c9d03f1dd87107a3b -> 
========================================================================
Received Prepare
Assembly with name 'SRDemo' already exists (Assets/SerializeReferenceEditor/Assets/SREditor/Samples/Demo/SRDemo.asmdef)
Assembly with name 'SRDemo' already exists (Assets/Prefabs/SerializeReferenceEditor/Assets/SREditor/Samples/Demo/SRDemo.asmdef)
Assembly with name 'SREditor-Editor' already exists (Assets/SerializeReferenceEditor/Assets/SREditor/Package/Editor/SREditor-Editor.asmdef)
Assembly with name 'SREditor-Editor' already exists (Assets/Prefabs/SerializeReferenceEditor/Assets/SREditor/Package/Editor/SREditor-Editor.asmdef)
Assembly with name 'NewTest' already exists (Assets/SerializeReferenceEditor/Assets/SREditor/Samples/Demo/NewTests/NewTest.asmdef)
Assembly with name 'NewTest' already exists (Assets/Prefabs/SerializeReferenceEditor/Assets/SREditor/Samples/Demo/NewTests/NewTest.asmdef)
Assembly with name 'SREditor' already exists (Assets/Prefabs/SerializeReferenceEditor/Assets/SREditor/Package/Scripts/SREditor.asmdef)
Assembly with name 'SREditor' already exists (Assets/SerializeReferenceEditor/Assets/SREditor/Package/Scripts/SREditor.asmdef)
Assembly with name 'SRDemo-Editor' already exists (Assets/Prefabs/SerializeReferenceEditor/Assets/SREditor/Samples/Demo/Editor/SRDemo-Editor.asmdef)
Assembly with name 'SRDemo-Editor' already exists (Assets/SerializeReferenceEditor/Assets/SREditor/Samples/Demo/Editor/SRDemo-Editor.asmdef)
Caller must complete domain reload
Assembly with name 'SRDemo' already exists (Assets/SerializeReferenceEditor/Assets/SREditor/Samples/Demo/SRDemo.asmdef)
Assembly with name 'SRDemo' already exists (Assets/Prefabs/SerializeReferenceEditor/Assets/SREditor/Samples/Demo/SRDemo.asmdef)
Assembly with name 'SREditor-Editor' already exists (Assets/SerializeReferenceEditor/Assets/SREditor/Package/Editor/SREditor-Editor.asmdef)
Assembly with name 'SREditor-Editor' already exists (Assets/Prefabs/SerializeReferenceEditor/Assets/SREditor/Package/Editor/SREditor-Editor.asmdef)
Assembly with name 'NewTest' already exists (Assets/SerializeReferenceEditor/Assets/SREditor/Samples/Demo/NewTests/NewTest.asmdef)
Assembly with name 'NewTest' already exists (Assets/Prefabs/SerializeReferenceEditor/Assets/SREditor/Samples/Demo/NewTests/NewTest.asmdef)
Assembly with name 'SREditor' already exists (Assets/Prefabs/SerializeReferenceEditor/Assets/SREditor/Package/Scripts/SREditor.asmdef)
Assembly with name 'SREditor' already exists (Assets/SerializeReferenceEditor/Assets/SREditor/Package/Scripts/SREditor.asmdef)
Assembly with name 'SRDemo-Editor' already exists (Assets/Prefabs/SerializeReferenceEditor/Assets/SREditor/Samples/Demo/Editor/SRDemo-Editor.asmdef)
Assembly with name 'SRDemo-Editor' already exists (Assets/SerializeReferenceEditor/Assets/SREditor/Samples/Demo/Editor/SRDemo-Editor.asmdef)
Begin MonoManager ReloadAssembly
- Loaded All Assemblies, in  1.631 seconds
Native extension for WindowsStandalone target not found
Assembly with name 'SRDemo' already exists (Assets/SerializeReferenceEditor/Assets/SREditor/Samples/Demo/SRDemo.asmdef)
Assembly with name 'SRDemo' already exists (Assets/Prefabs/SerializeReferenceEditor/Assets/SREditor/Samples/Demo/SRDemo.asmdef)
Assembly with name 'SREditor-Editor' already exists (Assets/SerializeReferenceEditor/Assets/SREditor/Package/Editor/SREditor-Editor.asmdef)
Assembly with name 'SREditor-Editor' already exists (Assets/Prefabs/SerializeReferenceEditor/Assets/SREditor/Package/Editor/SREditor-Editor.asmdef)
Assembly with name 'NewTest' already exists (Assets/SerializeReferenceEditor/Assets/SREditor/Samples/Demo/NewTests/NewTest.asmdef)
Assembly with name 'NewTest' already exists (Assets/Prefabs/SerializeReferenceEditor/Assets/SREditor/Samples/Demo/NewTests/NewTest.asmdef)
Assembly with name 'SREditor' already exists (Assets/Prefabs/SerializeReferenceEditor/Assets/SREditor/Package/Scripts/SREditor.asmdef)
Assembly with name 'SREditor' already exists (Assets/SerializeReferenceEditor/Assets/SREditor/Package/Scripts/SREditor.asmdef)
Assembly with name 'SRDemo-Editor' already exists (Assets/Prefabs/SerializeReferenceEditor/Assets/SREditor/Samples/Demo/Editor/SRDemo-Editor.asmdef)
Assembly with name 'SRDemo-Editor' already exists (Assets/SerializeReferenceEditor/Assets/SREditor/Samples/Demo/Editor/SRDemo-Editor.asmdef)
Mono: successfully reloaded assembly
- Finished resetting the current domain, in  1.182 seconds
Domain Reload Profiling: 2813ms
	BeginReloadAssembly (431ms)
		ExecutionOrderSort (0ms)
		DisableScriptedObjects (40ms)
		BackupInstance (0ms)
		ReleaseScriptingObjects (0ms)
		CreateAndSetChildDomain (129ms)
	RebuildCommonClasses (67ms)
	RebuildNativeTypeToScriptingClass (27ms)
	initialDomainReloadingComplete (58ms)
	LoadAllAssembliesAndSetupDomain (1047ms)
		LoadAssemblies (1126ms)
		RebuildTransferFunctionScriptingTraits (0ms)
		AnalyzeDomain (98ms)
			TypeCache.Refresh (33ms)
				TypeCache.ScanAssembly (2ms)
			ScanForSourceGeneratedMonoScriptInfo (29ms)
			ResolveRequiredComponents (34ms)
	FinalizeReload (1182ms)
		ReleaseScriptCaches (0ms)
		RebuildScriptCaches (0ms)
		SetupLoadedEditorAssemblies (365ms)
			LogAssemblyErrors (0ms)
			InitializePlatformSupportModulesInManaged (3ms)
			SetLoadedEditorAssemblies (2ms)
			RefreshPlugins (0ms)
			BeforeProcessingInitializeOnLoad (51ms)
			ProcessInitializeOnLoadAttributes (288ms)
			ProcessInitializeOnLoadMethodAttributes (20ms)
			AfterProcessingInitializeOnLoad (1ms)
			EditorAssembliesLoaded (0ms)
		ExecutionOrderSort2 (0ms)
		AwakeInstancesAfterBackupRestoration (8ms)
Refreshing native plugins compatible for Editor in 1.37 ms, found 4 plugins.
Preloading 0 native plugins for Editor in 0.00 ms.
Unloading 4325 Unused Serialized files (Serialized files now loaded: 0)
Unloading 23 unused Assets / (31.6 KB). Loaded Objects now: 4914.
Memory consumption went from 156.2 MB to 156.1 MB.
Total: 3.419700 ms (FindLiveObjects: 0.226100 ms CreateObjectMapping: 0.107500 ms MarkObjects: 3.039000 ms  DeleteObjects: 0.046500 ms)

Prepare: number of updated asset objects reloaded= 0
AssetImportParameters requested are different than current active one (requested -> active):
  custom:scripting/monoscript/fileName/SRDemoAttribute.cs: b217f8d4e07b14b9940a83b035def963 -> 
  custom:scripting/monoscript/fileName/LoadAllScriptableObjects.cs: 8c4c4caa6c9d58a1046ba488534e615c -> 
  custom:container-demuxer-ogg: 62fdf1f143b41e24485cea50d1cbac27 -> 
  custom:scripting/monoscript/fileName/StringData.cs: 899c5872079327f54ed117fc61ea02c0 -> 
  custom:scripting/monoscript/fileName/IAssetsLoader.cs: 8d295a5e2d097f03f5f00e3441d974eb -> 
  custom:scripting/monoscript/fileName/SRTypeTreeFactory.cs: b9f0ea0d3f426034a242fccaec253fa9 -> 
  custom:scripting/monoscript/fileName/TypeReplacer.cs: ae51176d3fdd2e15067fbf3eeb4d1ffd -> 
  custom:scripting/monoscript/fileName/SRTypeCache.cs: cd51da883b797559c225dab095647981 -> 
  custom:video-codec-MediaFoundation-h265: 746d11721c4dcdbdad8f713fa42b33f4 -> 
  custom:scripting/monoscript/fileName/FormerlySerializedTypeAttribute.cs: a2ba12d6f49519a27a785cb6e7cc3b9c -> 
  custom:scripting/monoscript/fileName/IData.cs: 869deb168c5112234ead0b60061e88d4 -> 
  custom:video-decoder-ogg-theora: a1e56fd34408186e4bbccfd4996cb3dc -> 
  custom:scripting/monoscript/fileName/TypeInfo.cs: 3a9ce2b1121b5df65b59d03380de4ab6 -> 
  custom:scripting/monoscript/fileName/InstanceClassSRAction.cs: 78c0331d959a99a60c1adff7e81d3862 -> 
  custom:framework-win-MediaFoundation: 216162199b28c13a410421893ffa2e32 -> 
  custom:scripting/monoscript/fileName/ScriptableObjectTestData.cs: 56e0c1e05ef2b3e0ecda33fad772a283 -> 
  custom:scripting/precompiled-assembly-types:SREditor-Editor: 55b5456b5630cab223524f958b1d591b -> 
  custom:scripting/monoscript/fileName/SRDrawer.cs: cbea2dac214fbebe88c1bdc69ad4b45f -> 
  custom:scripting/monoscript/fileName/SRNameAttribute.cs: 1b1dbd11348e161435c454df7cc85608 -> 
  custom:scripting/monoscript/fileName/AbstractData.cs: c2fc160bd7af24ef3912d4546ba164da -> 
  custom:scripting/monoscript/fileName/DataList.cs: ac707c81ae30f006632cf7b337900264 -> 
  custom:scripting/precompiled-assembly-types:NewTest: 1f1ee7a59c4c112b0ac23a43c8848db5 -> 
  custom:scripting/monoscript/fileName/TypeReplaceHelper.cs: 5061a70e5cba90a2f93fbaca5002d92c -> 
  custom:CustomObjectIndexerAttribute: 9a22284fe3817be447336de3de66b15e -> 
  custom:scripting/monoscript/fileName/IntegerData.cs: be3d36b532f74a94814765d5582dd467 -> 
  custom:scripting/monoscript/fileName/TypeReplacerWindow.cs: c75b82325a10408dedd0b6359fe6ec16 -> 
  custom:scripting/monoscript/fileName/NewTestData.cs: d4cd3933424ead977ec2d13d82f8bf32 -> 
  custom:scripting/monoscript/fileName/StringInterfaceData.cs: 3d50b8fc8dd0f40f14ecec98ae9d71bf -> 
  custom:scripting/monoscript/fileName/ProcessingCoordinator.cs: a2cc59e2f1bdaa862f8699f5126d0c16 -> 
  custom:scripting/monoscript/fileName/PlayCardGA.cs: 5789139290271257e0b7651fe5863c2e -> 
  custom:scripting/monoscript/fileName/SRFormerlyTypeCache.cs: b7cf08609a0a042a8236322b594b8142 -> 
  custom:container-demuxer-webm: 4f35f7cbe854078d1ac9338744f61a02 -> 
  custom:scripting/monoscript/fileName/SREditorSettings.cs: 3331118a764dc5e43cc7c0d781d392d8 -> 
  custom:scripting/precompiled-assembly-types:SRDemo-Editor: 8adfbed147264f837f3a0482ccfceda7 -> 
  custom:scripting/monoscript/fileName/SRMissingTypesValidator.cs: 46bac1a342b6b1607f4b717707b04fa2 -> 
  custom:scripting/precompiled-assembly-types:SREditor: df3fe5802f2450a7160c4b4df24efb82 -> 
  custom:scripting/monoscript/fileName/CustomDataDrawer.cs: 65ff75100b510d38b07627bf3a1e89c7 -> 
  custom:scripting/monoscript/fileName/DataHolder.cs: b5fe96c290fd369c9489341d8f0c6c3f -> 
  custom:scripting/monoscript/fileName/FloatNamedData.cs: f5fca032bc29de94a8bc17bae6d6c41d -> 
  custom:scripting/monoscript/fileName/SRAttribute.cs: 789115209565033af35d3e3afd3e3310 -> 
  custom:scripting/monoscript/fileName/SRDuplicateCleaner.cs: d225ff68fd10a29da65fb6f03456bf58 -> 
  custom:scripting/monoscript/fileName/StringNamedData.cs: b9ca07eb5bf5f668f896b2406b80c50f -> 
  custom:scripting/monoscript/fileName/PrefabTest.cs: 6b21488e501f2b8de0cbf89d0ebca7f4 -> 
  custom:scripting/monoscript/fileName/FloatData.cs: a36b3dfab935a3cafd5bec620587edb1 -> 
  custom:container-muxer-webm: aa71ff27fc2769a1b78a27578f13a17b -> 
  custom:video-decoder-webm-vp8: 9c59270c3fd7afecdb556c50c9e8de78 -> 
  custom:scripting/monoscript/fileName/ComplexData.cs: a41c3c64cbd5a4249e25f8e18e449ae5 -> 
  custom:scripting/monoscript/fileName/SRMissingTypesValidatorConfig.cs: 311504d3d80993c651daaad954f1305b -> 
  custom:SearchIndexIgnoredProperties: e643bd26f0fe6173181afceb89e7c659 -> 
  custom:AudioImporter_EditorPlatform: d09bf68614088b80899f8185d706f6e7 -> 
  custom:scripting/monoscript/fileName/SRTypesSearchWindowProvider.cs: efc74559e42bc1aa7b7f5150b360d2fb -> 
  custom:scripting/monoscript/fileName/MissingTypesCleaner.cs: d3f00f379b86ec4cc811f9c87e215dd8 -> 
  custom:scripting/monoscript/fileName/SREditorSettingsProvider.cs: 37a99a0352dafd2b90ce1865506af283 -> 
  custom:scripting/monoscript/fileName/AbstractNamedData.cs: e532bceb478b1b5456b1c7ec34accfb2 -> 
  custom:scripting/monoscript/fileName/UnityLogAssetMissingTypeReport.cs: 0623721f233a6cc1458bd3d77272d40b -> 
  custom:scripting/monoscript/fileName/Effect.cs: db0847a469ed795dc13473466caf2c90 -> 
  custom:scripting/monoscript/fileName/SRCashTypeSearchTree.cs: ce95e72afce0c3503f63fc4c4d621b06 -> 
  custom:scripting/monoscript/fileName/SRHiddenAttribute.cs: b80fc48a45fff22c67246a0eb3bb2f52 -> 
  custom:scripting/monoscript/fileName/TypeInfoComparer.cs: f78e3dd8571fb435023b893ff6ab0349 -> 
  custom:scripting/monoscript/fileName/NameService.cs: 0b470d478878f04170f09ea709d96d20 -> 
  custom:scripting/monoscript/fileName/TestData.cs: 30cb1cfce572b4f2dcb721be1e0e9081 -> 
  custom:scripting/monoscript/fileName/CustomData.cs: d49523017a9f23851db158eaea2801ff -> 
  custom:scripting/monoscript/fileName/SRActionFactory.cs: 6cb7f0a6c20ec38e4610be62bfe55206 -> 
  custom:scripting/monoscript/fileName/SRAction.cs: ef58eb737e49a3b52271615452d512d9 -> 
  custom:video-encoder-webm-vp8: eb34c28f22e8b96e1ab97ce403110664 -> 
  custom:scripting/monoscript/fileName/HiddenData.cs: 1b489c97a3d23394b73da862faf88fdf -> 
  custom:audio-decoder-ogg-vorbis: bf7c407c2cedff20999df2af8eb42d56 -> 
  custom:scripting/monoscript/fileName/IntegerNamedData.cs: 608697fde81a43c41d54201b88e6e311 -> 
  custom:scripting/monoscript/fileName/AssetChangeDetector.cs: 65333c271892a57b3b74113ae0b0e6d4 -> 
  custom:scripting/monoscript/fileName/ContainerData.cs: c5dc4e9b9c3e32e43213d6d81fd37d43 -> 
  custom:scripting/monoscript/fileName/SRDrawerOptions.cs: 2b1003830d2989546caf7126adc49d41 -> 
  custom:scripting/monoscript/fileName/IAssetMissingTypeReport.cs: 22126180f057be89ffb14e06670cf701 -> 
  custom:audio-encoder-webm-vorbis: bf7c407c2cedff20999df2af8eb42d56 -> 
  custom:scripting/precompiled-assembly-types:SRDemo: 12f6be23b5d35fc375ef15de3d23d5b7 -> 
  custom:scripting/monoscript/fileName/MissingTypesLogger.cs: eac8c33766e6330de4c0a44b29a2de78 -> 
  custom:scripting/precompiled-assembly-types:Assembly-CSharp: fcfac9191d2cf5c888b86a5e5da75603 -> e24d7867124476b8f6c482295ea6f2d1
  custom:scripting/monoscript/fileName/TypeInfoArrayComparer.cs: 4734a6743c056bda54f6256be31cb96a -> 
  custom:scripting/monoscript/fileName/ScriptableObjectTest.cs: b53441fff951350b341178933e3e23ef -> 
  custom:scripting/monoscript/fileName/ErasePropertySRAction.cs: 4b881b6741f1070c9d03f1dd87107a3b -> 
========================================================================
Received Prepare
Assembly with name 'SRDemo' already exists (Assets/SerializeReferenceEditor/Assets/SREditor/Samples/Demo/SRDemo.asmdef)
Assembly with name 'SRDemo' already exists (Assets/Prefabs/SerializeReferenceEditor/Assets/SREditor/Samples/Demo/SRDemo.asmdef)
Assembly with name 'SREditor-Editor' already exists (Assets/SerializeReferenceEditor/Assets/SREditor/Package/Editor/SREditor-Editor.asmdef)
Assembly with name 'SREditor-Editor' already exists (Assets/Prefabs/SerializeReferenceEditor/Assets/SREditor/Package/Editor/SREditor-Editor.asmdef)
Assembly with name 'NewTest' already exists (Assets/SerializeReferenceEditor/Assets/SREditor/Samples/Demo/NewTests/NewTest.asmdef)
Assembly with name 'NewTest' already exists (Assets/Prefabs/SerializeReferenceEditor/Assets/SREditor/Samples/Demo/NewTests/NewTest.asmdef)
Assembly with name 'SREditor' already exists (Assets/Prefabs/SerializeReferenceEditor/Assets/SREditor/Package/Scripts/SREditor.asmdef)
Assembly with name 'SREditor' already exists (Assets/SerializeReferenceEditor/Assets/SREditor/Package/Scripts/SREditor.asmdef)
Assembly with name 'SRDemo-Editor' already exists (Assets/Prefabs/SerializeReferenceEditor/Assets/SREditor/Samples/Demo/Editor/SRDemo-Editor.asmdef)
Assembly with name 'SRDemo-Editor' already exists (Assets/SerializeReferenceEditor/Assets/SREditor/Samples/Demo/Editor/SRDemo-Editor.asmdef)
Caller must complete domain reload
Assembly with name 'SRDemo' already exists (Assets/SerializeReferenceEditor/Assets/SREditor/Samples/Demo/SRDemo.asmdef)
Assembly with name 'SRDemo' already exists (Assets/Prefabs/SerializeReferenceEditor/Assets/SREditor/Samples/Demo/SRDemo.asmdef)
Assembly with name 'SREditor-Editor' already exists (Assets/SerializeReferenceEditor/Assets/SREditor/Package/Editor/SREditor-Editor.asmdef)
Assembly with name 'SREditor-Editor' already exists (Assets/Prefabs/SerializeReferenceEditor/Assets/SREditor/Package/Editor/SREditor-Editor.asmdef)
Assembly with name 'NewTest' already exists (Assets/SerializeReferenceEditor/Assets/SREditor/Samples/Demo/NewTests/NewTest.asmdef)
Assembly with name 'NewTest' already exists (Assets/Prefabs/SerializeReferenceEditor/Assets/SREditor/Samples/Demo/NewTests/NewTest.asmdef)
Assembly with name 'SREditor' already exists (Assets/Prefabs/SerializeReferenceEditor/Assets/SREditor/Package/Scripts/SREditor.asmdef)
Assembly with name 'SREditor' already exists (Assets/SerializeReferenceEditor/Assets/SREditor/Package/Scripts/SREditor.asmdef)
Assembly with name 'SRDemo-Editor' already exists (Assets/Prefabs/SerializeReferenceEditor/Assets/SREditor/Samples/Demo/Editor/SRDemo-Editor.asmdef)
Assembly with name 'SRDemo-Editor' already exists (Assets/SerializeReferenceEditor/Assets/SREditor/Samples/Demo/Editor/SRDemo-Editor.asmdef)
Begin MonoManager ReloadAssembly
- Loaded All Assemblies, in  0.345 seconds
Native extension for WindowsStandalone target not found
Assembly with name 'SRDemo' already exists (Assets/SerializeReferenceEditor/Assets/SREditor/Samples/Demo/SRDemo.asmdef)
Assembly with name 'SRDemo' already exists (Assets/Prefabs/SerializeReferenceEditor/Assets/SREditor/Samples/Demo/SRDemo.asmdef)
Assembly with name 'SREditor-Editor' already exists (Assets/SerializeReferenceEditor/Assets/SREditor/Package/Editor/SREditor-Editor.asmdef)
Assembly with name 'SREditor-Editor' already exists (Assets/Prefabs/SerializeReferenceEditor/Assets/SREditor/Package/Editor/SREditor-Editor.asmdef)
Assembly with name 'NewTest' already exists (Assets/SerializeReferenceEditor/Assets/SREditor/Samples/Demo/NewTests/NewTest.asmdef)
Assembly with name 'NewTest' already exists (Assets/Prefabs/SerializeReferenceEditor/Assets/SREditor/Samples/Demo/NewTests/NewTest.asmdef)
Assembly with name 'SREditor' already exists (Assets/Prefabs/SerializeReferenceEditor/Assets/SREditor/Package/Scripts/SREditor.asmdef)
Assembly with name 'SREditor' already exists (Assets/SerializeReferenceEditor/Assets/SREditor/Package/Scripts/SREditor.asmdef)
Assembly with name 'SRDemo-Editor' already exists (Assets/Prefabs/SerializeReferenceEditor/Assets/SREditor/Samples/Demo/Editor/SRDemo-Editor.asmdef)
Assembly with name 'SRDemo-Editor' already exists (Assets/SerializeReferenceEditor/Assets/SREditor/Samples/Demo/Editor/SRDemo-Editor.asmdef)
Mono: successfully reloaded assembly
- Finished resetting the current domain, in  0.630 seconds
Domain Reload Profiling: 975ms
	BeginReloadAssembly (109ms)
		ExecutionOrderSort (0ms)
		DisableScriptedObjects (7ms)
		BackupInstance (0ms)
		ReleaseScriptingObjects (0ms)
		CreateAndSetChildDomain (26ms)
	RebuildCommonClasses (24ms)
	RebuildNativeTypeToScriptingClass (6ms)
	initialDomainReloadingComplete (18ms)
	LoadAllAssembliesAndSetupDomain (187ms)
		LoadAssemblies (220ms)
		RebuildTransferFunctionScriptingTraits (0ms)
		AnalyzeDomain (20ms)
			TypeCache.Refresh (8ms)
				TypeCache.ScanAssembly (1ms)
			ScanForSourceGeneratedMonoScriptInfo (7ms)
			ResolveRequiredComponents (4ms)
	FinalizeReload (631ms)
		ReleaseScriptCaches (0ms)
		RebuildScriptCaches (0ms)
		SetupLoadedEditorAssemblies (363ms)
			LogAssemblyErrors (0ms)
			InitializePlatformSupportModulesInManaged (3ms)
			SetLoadedEditorAssemblies (2ms)
			RefreshPlugins (0ms)
			BeforeProcessingInitializeOnLoad (61ms)
			ProcessInitializeOnLoadAttributes (275ms)
			ProcessInitializeOnLoadMethodAttributes (20ms)
			AfterProcessingInitializeOnLoad (1ms)
			EditorAssembliesLoaded (0ms)
		ExecutionOrderSort2 (0ms)
		AwakeInstancesAfterBackupRestoration (9ms)
Refreshing native plugins compatible for Editor in 1.42 ms, found 4 plugins.
Preloading 0 native plugins for Editor in 0.00 ms.
Unloading 4326 Unused Serialized files (Serialized files now loaded: 0)
Unloading 23 unused Assets / (31.8 KB). Loaded Objects now: 4920.
Memory consumption went from 156.2 MB to 156.2 MB.
Total: 4.031600 ms (FindLiveObjects: 0.262600 ms CreateObjectMapping: 0.098300 ms MarkObjects: 3.608800 ms  DeleteObjects: 0.060900 ms)

Prepare: number of updated asset objects reloaded= 0
AssetImportParameters requested are different than current active one (requested -> active):
  custom:scripting/monoscript/fileName/SRDemoAttribute.cs: b217f8d4e07b14b9940a83b035def963 -> 
  custom:scripting/monoscript/fileName/LoadAllScriptableObjects.cs: 8c4c4caa6c9d58a1046ba488534e615c -> 
  custom:container-demuxer-ogg: 62fdf1f143b41e24485cea50d1cbac27 -> 
  custom:scripting/monoscript/fileName/StringData.cs: 899c5872079327f54ed117fc61ea02c0 -> 
  custom:scripting/monoscript/fileName/IAssetsLoader.cs: 8d295a5e2d097f03f5f00e3441d974eb -> 
  custom:scripting/monoscript/fileName/SRTypeTreeFactory.cs: b9f0ea0d3f426034a242fccaec253fa9 -> 
  custom:scripting/monoscript/fileName/TypeReplacer.cs: ae51176d3fdd2e15067fbf3eeb4d1ffd -> 
  custom:scripting/monoscript/fileName/SRTypeCache.cs: cd51da883b797559c225dab095647981 -> 
  custom:video-codec-MediaFoundation-h265: 746d11721c4dcdbdad8f713fa42b33f4 -> 
  custom:scripting/monoscript/fileName/FormerlySerializedTypeAttribute.cs: a2ba12d6f49519a27a785cb6e7cc3b9c -> 
  custom:scripting/monoscript/fileName/IData.cs: 869deb168c5112234ead0b60061e88d4 -> 
  custom:video-decoder-ogg-theora: a1e56fd34408186e4bbccfd4996cb3dc -> 
  custom:scripting/monoscript/fileName/TypeInfo.cs: 3a9ce2b1121b5df65b59d03380de4ab6 -> 
  custom:scripting/monoscript/fileName/InstanceClassSRAction.cs: 78c0331d959a99a60c1adff7e81d3862 -> 
  custom:framework-win-MediaFoundation: 216162199b28c13a410421893ffa2e32 -> 
  custom:scripting/monoscript/fileName/NewBehaviourScript.cs: b21687ddb03d73bd9f0c1daecb9714de -> 
  custom:scripting/monoscript/fileName/ScriptableObjectTestData.cs: 56e0c1e05ef2b3e0ecda33fad772a283 -> 
  custom:scripting/precompiled-assembly-types:SREditor-Editor: 55b5456b5630cab223524f958b1d591b -> 
  custom:scripting/monoscript/fileName/SRDrawer.cs: cbea2dac214fbebe88c1bdc69ad4b45f -> 
  custom:scripting/monoscript/fileName/SRNameAttribute.cs: 1b1dbd11348e161435c454df7cc85608 -> 
  custom:scripting/monoscript/fileName/AbstractData.cs: c2fc160bd7af24ef3912d4546ba164da -> 
  custom:scripting/monoscript/fileName/DataList.cs: ac707c81ae30f006632cf7b337900264 -> 
  custom:scripting/precompiled-assembly-types:NewTest: 1f1ee7a59c4c112b0ac23a43c8848db5 -> 
  custom:scripting/monoscript/fileName/TypeReplaceHelper.cs: 5061a70e5cba90a2f93fbaca5002d92c -> 
  custom:CustomObjectIndexerAttribute: 9a22284fe3817be447336de3de66b15e -> 
  custom:scripting/monoscript/fileName/IntegerData.cs: be3d36b532f74a94814765d5582dd467 -> 
  custom:scripting/monoscript/fileName/TypeReplacerWindow.cs: c75b82325a10408dedd0b6359fe6ec16 -> 
  custom:scripting/monoscript/fileName/NewTestData.cs: d4cd3933424ead977ec2d13d82f8bf32 -> 
  custom:scripting/monoscript/fileName/StringInterfaceData.cs: 3d50b8fc8dd0f40f14ecec98ae9d71bf -> 
  custom:scripting/monoscript/fileName/ProcessingCoordinator.cs: a2cc59e2f1bdaa862f8699f5126d0c16 -> 
  custom:scripting/monoscript/fileName/PlayCardGA.cs: 5789139290271257e0b7651fe5863c2e -> 
  custom:scripting/monoscript/fileName/SRFormerlyTypeCache.cs: b7cf08609a0a042a8236322b594b8142 -> 
  custom:container-demuxer-webm: 4f35f7cbe854078d1ac9338744f61a02 -> 
  custom:scripting/monoscript/fileName/SREditorSettings.cs: 3331118a764dc5e43cc7c0d781d392d8 -> 
  custom:scripting/precompiled-assembly-types:SRDemo-Editor: 8adfbed147264f837f3a0482ccfceda7 -> 
  custom:scripting/monoscript/fileName/SRMissingTypesValidator.cs: 46bac1a342b6b1607f4b717707b04fa2 -> 
  custom:scripting/precompiled-assembly-types:SREditor: df3fe5802f2450a7160c4b4df24efb82 -> 
  custom:scripting/monoscript/fileName/CustomDataDrawer.cs: 65ff75100b510d38b07627bf3a1e89c7 -> 
  custom:scripting/monoscript/fileName/DataHolder.cs: b5fe96c290fd369c9489341d8f0c6c3f -> 
  custom:scripting/monoscript/fileName/FloatNamedData.cs: f5fca032bc29de94a8bc17bae6d6c41d -> 
  custom:scripting/monoscript/fileName/SRAttribute.cs: 789115209565033af35d3e3afd3e3310 -> 
  custom:scripting/monoscript/fileName/SRDuplicateCleaner.cs: d225ff68fd10a29da65fb6f03456bf58 -> 
  custom:scripting/monoscript/fileName/StringNamedData.cs: b9ca07eb5bf5f668f896b2406b80c50f -> 
  custom:scripting/monoscript/fileName/PrefabTest.cs: 6b21488e501f2b8de0cbf89d0ebca7f4 -> 
  custom:scripting/monoscript/fileName/FloatData.cs: a36b3dfab935a3cafd5bec620587edb1 -> 
  custom:container-muxer-webm: aa71ff27fc2769a1b78a27578f13a17b -> 
  custom:video-decoder-webm-vp8: 9c59270c3fd7afecdb556c50c9e8de78 -> 
  custom:scripting/monoscript/fileName/ComplexData.cs: a41c3c64cbd5a4249e25f8e18e449ae5 -> 
  custom:scripting/monoscript/fileName/SRMissingTypesValidatorConfig.cs: 311504d3d80993c651daaad954f1305b -> 
  custom:SearchIndexIgnoredProperties: e643bd26f0fe6173181afceb89e7c659 -> 
  custom:AudioImporter_EditorPlatform: d09bf68614088b80899f8185d706f6e7 -> 
  custom:scripting/monoscript/fileName/SRTypesSearchWindowProvider.cs: efc74559e42bc1aa7b7f5150b360d2fb -> 
  custom:scripting/monoscript/fileName/MissingTypesCleaner.cs: d3f00f379b86ec4cc811f9c87e215dd8 -> 
  custom:scripting/monoscript/fileName/SREditorSettingsProvider.cs: 37a99a0352dafd2b90ce1865506af283 -> 
  custom:scripting/monoscript/fileName/AbstractNamedData.cs: e532bceb478b1b5456b1c7ec34accfb2 -> 
  custom:scripting/monoscript/fileName/UnityLogAssetMissingTypeReport.cs: 0623721f233a6cc1458bd3d77272d40b -> 
  custom:scripting/monoscript/fileName/Effect.cs: db0847a469ed795dc13473466caf2c90 -> 
  custom:scripting/monoscript/fileName/SRCashTypeSearchTree.cs: ce95e72afce0c3503f63fc4c4d621b06 -> 
  custom:scripting/monoscript/fileName/SRHiddenAttribute.cs: b80fc48a45fff22c67246a0eb3bb2f52 -> 
  custom:scripting/monoscript/fileName/TypeInfoComparer.cs: f78e3dd8571fb435023b893ff6ab0349 -> 
  custom:scripting/monoscript/fileName/NameService.cs: 0b470d478878f04170f09ea709d96d20 -> 
  custom:scripting/monoscript/fileName/TestData.cs: 30cb1cfce572b4f2dcb721be1e0e9081 -> 
  custom:scripting/monoscript/fileName/CustomData.cs: d49523017a9f23851db158eaea2801ff -> 
  custom:scripting/monoscript/fileName/SRActionFactory.cs: 6cb7f0a6c20ec38e4610be62bfe55206 -> 
  custom:scripting/monoscript/fileName/SRAction.cs: ef58eb737e49a3b52271615452d512d9 -> 
  custom:video-encoder-webm-vp8: eb34c28f22e8b96e1ab97ce403110664 -> 
  custom:scripting/monoscript/fileName/HiddenData.cs: 1b489c97a3d23394b73da862faf88fdf -> 
  custom:audio-decoder-ogg-vorbis: bf7c407c2cedff20999df2af8eb42d56 -> 
  custom:scripting/monoscript/fileName/IntegerNamedData.cs: 608697fde81a43c41d54201b88e6e311 -> 
  custom:scripting/monoscript/fileName/AssetChangeDetector.cs: 65333c271892a57b3b74113ae0b0e6d4 -> 
  custom:scripting/monoscript/fileName/ContainerData.cs: c5dc4e9b9c3e32e43213d6d81fd37d43 -> 
  custom:scripting/monoscript/fileName/SRDrawerOptions.cs: 2b1003830d2989546caf7126adc49d41 -> 
  custom:scripting/monoscript/fileName/IAssetMissingTypeReport.cs: 22126180f057be89ffb14e06670cf701 -> 
  custom:audio-encoder-webm-vorbis: bf7c407c2cedff20999df2af8eb42d56 -> 
  custom:scripting/precompiled-assembly-types:SRDemo: 12f6be23b5d35fc375ef15de3d23d5b7 -> 
  custom:scripting/monoscript/fileName/MissingTypesLogger.cs: eac8c33766e6330de4c0a44b29a2de78 -> 
  custom:scripting/precompiled-assembly-types:Assembly-CSharp: 2372416164eb06fdf5973f0e732f3e79 -> e24d7867124476b8f6c482295ea6f2d1
  custom:scripting/monoscript/fileName/TypeInfoArrayComparer.cs: 4734a6743c056bda54f6256be31cb96a -> 
  custom:scripting/monoscript/fileName/ScriptableObjectTest.cs: b53441fff951350b341178933e3e23ef -> 
  custom:scripting/monoscript/fileName/ErasePropertySRAction.cs: 4b881b6741f1070c9d03f1dd87107a3b -> 
========================================================================
Received Prepare
Assembly with name 'SRDemo' already exists (Assets/SerializeReferenceEditor/Assets/SREditor/Samples/Demo/SRDemo.asmdef)
Assembly with name 'SRDemo' already exists (Assets/Prefabs/SerializeReferenceEditor/Assets/SREditor/Samples/Demo/SRDemo.asmdef)
Assembly with name 'SREditor-Editor' already exists (Assets/SerializeReferenceEditor/Assets/SREditor/Package/Editor/SREditor-Editor.asmdef)
Assembly with name 'SREditor-Editor' already exists (Assets/Prefabs/SerializeReferenceEditor/Assets/SREditor/Package/Editor/SREditor-Editor.asmdef)
Assembly with name 'NewTest' already exists (Assets/SerializeReferenceEditor/Assets/SREditor/Samples/Demo/NewTests/NewTest.asmdef)
Assembly with name 'NewTest' already exists (Assets/Prefabs/SerializeReferenceEditor/Assets/SREditor/Samples/Demo/NewTests/NewTest.asmdef)
Assembly with name 'SREditor' already exists (Assets/Prefabs/SerializeReferenceEditor/Assets/SREditor/Package/Scripts/SREditor.asmdef)
Assembly with name 'SREditor' already exists (Assets/SerializeReferenceEditor/Assets/SREditor/Package/Scripts/SREditor.asmdef)
Assembly with name 'SRDemo-Editor' already exists (Assets/Prefabs/SerializeReferenceEditor/Assets/SREditor/Samples/Demo/Editor/SRDemo-Editor.asmdef)
Assembly with name 'SRDemo-Editor' already exists (Assets/SerializeReferenceEditor/Assets/SREditor/Samples/Demo/Editor/SRDemo-Editor.asmdef)
Caller must complete domain reload
Assembly with name 'SRDemo' already exists (Assets/SerializeReferenceEditor/Assets/SREditor/Samples/Demo/SRDemo.asmdef)
Assembly with name 'SRDemo' already exists (Assets/Prefabs/SerializeReferenceEditor/Assets/SREditor/Samples/Demo/SRDemo.asmdef)
Assembly with name 'SREditor-Editor' already exists (Assets/SerializeReferenceEditor/Assets/SREditor/Package/Editor/SREditor-Editor.asmdef)
Assembly with name 'SREditor-Editor' already exists (Assets/Prefabs/SerializeReferenceEditor/Assets/SREditor/Package/Editor/SREditor-Editor.asmdef)
Assembly with name 'NewTest' already exists (Assets/SerializeReferenceEditor/Assets/SREditor/Samples/Demo/NewTests/NewTest.asmdef)
Assembly with name 'NewTest' already exists (Assets/Prefabs/SerializeReferenceEditor/Assets/SREditor/Samples/Demo/NewTests/NewTest.asmdef)
Assembly with name 'SREditor' already exists (Assets/Prefabs/SerializeReferenceEditor/Assets/SREditor/Package/Scripts/SREditor.asmdef)
Assembly with name 'SREditor' already exists (Assets/SerializeReferenceEditor/Assets/SREditor/Package/Scripts/SREditor.asmdef)
Assembly with name 'SRDemo-Editor' already exists (Assets/Prefabs/SerializeReferenceEditor/Assets/SREditor/Samples/Demo/Editor/SRDemo-Editor.asmdef)
Assembly with name 'SRDemo-Editor' already exists (Assets/SerializeReferenceEditor/Assets/SREditor/Samples/Demo/Editor/SRDemo-Editor.asmdef)
Begin MonoManager ReloadAssembly
- Loaded All Assemblies, in  0.359 seconds
Native extension for WindowsStandalone target not found
Assembly with name 'SRDemo' already exists (Assets/SerializeReferenceEditor/Assets/SREditor/Samples/Demo/SRDemo.asmdef)
Assembly with name 'SRDemo' already exists (Assets/Prefabs/SerializeReferenceEditor/Assets/SREditor/Samples/Demo/SRDemo.asmdef)
Assembly with name 'SREditor-Editor' already exists (Assets/SerializeReferenceEditor/Assets/SREditor/Package/Editor/SREditor-Editor.asmdef)
Assembly with name 'SREditor-Editor' already exists (Assets/Prefabs/SerializeReferenceEditor/Assets/SREditor/Package/Editor/SREditor-Editor.asmdef)
Assembly with name 'NewTest' already exists (Assets/SerializeReferenceEditor/Assets/SREditor/Samples/Demo/NewTests/NewTest.asmdef)
Assembly with name 'NewTest' already exists (Assets/Prefabs/SerializeReferenceEditor/Assets/SREditor/Samples/Demo/NewTests/NewTest.asmdef)
Assembly with name 'SREditor' already exists (Assets/Prefabs/SerializeReferenceEditor/Assets/SREditor/Package/Scripts/SREditor.asmdef)
Assembly with name 'SREditor' already exists (Assets/SerializeReferenceEditor/Assets/SREditor/Package/Scripts/SREditor.asmdef)
Assembly with name 'SRDemo-Editor' already exists (Assets/Prefabs/SerializeReferenceEditor/Assets/SREditor/Samples/Demo/Editor/SRDemo-Editor.asmdef)
Assembly with name 'SRDemo-Editor' already exists (Assets/SerializeReferenceEditor/Assets/SREditor/Samples/Demo/Editor/SRDemo-Editor.asmdef)
Mono: successfully reloaded assembly
- Finished resetting the current domain, in  0.767 seconds
Domain Reload Profiling: 1127ms
	BeginReloadAssembly (134ms)
		ExecutionOrderSort (0ms)
		DisableScriptedObjects (9ms)
		BackupInstance (0ms)
		ReleaseScriptingObjects (0ms)
		CreateAndSetChildDomain (35ms)
	RebuildCommonClasses (22ms)
	RebuildNativeTypeToScriptingClass (7ms)
	initialDomainReloadingComplete (19ms)
	LoadAllAssembliesAndSetupDomain (177ms)
		LoadAssemblies (219ms)
		RebuildTransferFunctionScriptingTraits (0ms)
		AnalyzeDomain (23ms)
			TypeCache.Refresh (10ms)
				TypeCache.ScanAssembly (1ms)
			ScanForSourceGeneratedMonoScriptInfo (8ms)
			ResolveRequiredComponents (4ms)
	FinalizeReload (768ms)
		ReleaseScriptCaches (0ms)
		RebuildScriptCaches (0ms)
		SetupLoadedEditorAssemblies (451ms)
			LogAssemblyErrors (0ms)
			InitializePlatformSupportModulesInManaged (5ms)
			SetLoadedEditorAssemblies (3ms)
			RefreshPlugins (0ms)
			BeforeProcessingInitializeOnLoad (73ms)
			ProcessInitializeOnLoadAttributes (343ms)
			ProcessInitializeOnLoadMethodAttributes (26ms)
			AfterProcessingInitializeOnLoad (1ms)
			EditorAssembliesLoaded (0ms)
		ExecutionOrderSort2 (0ms)
		AwakeInstancesAfterBackupRestoration (10ms)
Refreshing native plugins compatible for Editor in 1.85 ms, found 4 plugins.
Preloading 0 native plugins for Editor in 0.00 ms.
Unloading 4326 Unused Serialized files (Serialized files now loaded: 0)
Unloading 23 unused Assets / (31.6 KB). Loaded Objects now: 4925.
Memory consumption went from 156.2 MB to 156.2 MB.
Total: 5.363800 ms (FindLiveObjects: 0.424300 ms CreateObjectMapping: 0.137800 ms MarkObjects: 4.705600 ms  DeleteObjects: 0.094500 ms)

Prepare: number of updated asset objects reloaded= 0
AssetImportParameters requested are different than current active one (requested -> active):
  custom:scripting/monoscript/fileName/SRDemoAttribute.cs: b217f8d4e07b14b9940a83b035def963 -> 
  custom:scripting/monoscript/fileName/DrawCardEffect.cs: b21687ddb03d73bd9f0c1daecb9714de -> 
  custom:scripting/monoscript/fileName/LoadAllScriptableObjects.cs: 8c4c4caa6c9d58a1046ba488534e615c -> 
  custom:container-demuxer-ogg: 62fdf1f143b41e24485cea50d1cbac27 -> 
  custom:scripting/monoscript/fileName/StringData.cs: 899c5872079327f54ed117fc61ea02c0 -> 
  custom:scripting/monoscript/fileName/IAssetsLoader.cs: 8d295a5e2d097f03f5f00e3441d974eb -> 
  custom:scripting/monoscript/fileName/SRTypeTreeFactory.cs: b9f0ea0d3f426034a242fccaec253fa9 -> 
  custom:scripting/monoscript/fileName/TypeReplacer.cs: ae51176d3fdd2e15067fbf3eeb4d1ffd -> 
  custom:scripting/monoscript/fileName/SRTypeCache.cs: cd51da883b797559c225dab095647981 -> 
  custom:video-codec-MediaFoundation-h265: 746d11721c4dcdbdad8f713fa42b33f4 -> 
  custom:scripting/monoscript/fileName/FormerlySerializedTypeAttribute.cs: a2ba12d6f49519a27a785cb6e7cc3b9c -> 
  custom:scripting/monoscript/fileName/IData.cs: 869deb168c5112234ead0b60061e88d4 -> 
  custom:video-decoder-ogg-theora: a1e56fd34408186e4bbccfd4996cb3dc -> 
  custom:scripting/monoscript/fileName/TypeInfo.cs: 3a9ce2b1121b5df65b59d03380de4ab6 -> 
  custom:scripting/monoscript/fileName/InstanceClassSRAction.cs: 78c0331d959a99a60c1adff7e81d3862 -> 
  custom:framework-win-MediaFoundation: 216162199b28c13a410421893ffa2e32 -> 
  custom:scripting/monoscript/fileName/NewBehaviourScript.cs: b21687ddb03d73bd9f0c1daecb9714de -> 
  custom:scripting/monoscript/fileName/ScriptableObjectTestData.cs: 56e0c1e05ef2b3e0ecda33fad772a283 -> 
  custom:scripting/precompiled-assembly-types:SREditor-Editor: 55b5456b5630cab223524f958b1d591b -> 
  custom:scripting/monoscript/fileName/SRDrawer.cs: cbea2dac214fbebe88c1bdc69ad4b45f -> 
  custom:scripting/monoscript/fileName/SRNameAttribute.cs: 1b1dbd11348e161435c454df7cc85608 -> 
  custom:scripting/monoscript/fileName/AbstractData.cs: c2fc160bd7af24ef3912d4546ba164da -> 
  custom:scripting/monoscript/fileName/DataList.cs: ac707c81ae30f006632cf7b337900264 -> 
  custom:scripting/precompiled-assembly-types:NewTest: 1f1ee7a59c4c112b0ac23a43c8848db5 -> 
  custom:scripting/monoscript/fileName/TypeReplaceHelper.cs: 5061a70e5cba90a2f93fbaca5002d92c -> 
  custom:CustomObjectIndexerAttribute: 9a22284fe3817be447336de3de66b15e -> 
  custom:scripting/monoscript/fileName/IntegerData.cs: be3d36b532f74a94814765d5582dd467 -> 
  custom:scripting/monoscript/fileName/TypeReplacerWindow.cs: c75b82325a10408dedd0b6359fe6ec16 -> 
  custom:scripting/monoscript/fileName/NewTestData.cs: d4cd3933424ead977ec2d13d82f8bf32 -> 
  custom:scripting/monoscript/fileName/StringInterfaceData.cs: 3d50b8fc8dd0f40f14ecec98ae9d71bf -> 
  custom:scripting/monoscript/fileName/ProcessingCoordinator.cs: a2cc59e2f1bdaa862f8699f5126d0c16 -> 
  custom:scripting/monoscript/fileName/PlayCardGA.cs: 5789139290271257e0b7651fe5863c2e -> 
  custom:scripting/monoscript/fileName/SRFormerlyTypeCache.cs: b7cf08609a0a042a8236322b594b8142 -> 
  custom:container-demuxer-webm: 4f35f7cbe854078d1ac9338744f61a02 -> 
  custom:scripting/monoscript/fileName/SREditorSettings.cs: 3331118a764dc5e43cc7c0d781d392d8 -> 
  custom:scripting/precompiled-assembly-types:SRDemo-Editor: 8adfbed147264f837f3a0482ccfceda7 -> 
  custom:scripting/monoscript/fileName/SRMissingTypesValidator.cs: 46bac1a342b6b1607f4b717707b04fa2 -> 
  custom:scripting/precompiled-assembly-types:SREditor: df3fe5802f2450a7160c4b4df24efb82 -> 
  custom:scripting/monoscript/fileName/CustomDataDrawer.cs: 65ff75100b510d38b07627bf3a1e89c7 -> 
  custom:scripting/monoscript/fileName/DataHolder.cs: b5fe96c290fd369c9489341d8f0c6c3f -> 
  custom:scripting/monoscript/fileName/FloatNamedData.cs: f5fca032bc29de94a8bc17bae6d6c41d -> 
  custom:scripting/monoscript/fileName/SRAttribute.cs: 789115209565033af35d3e3afd3e3310 -> 
  custom:scripting/monoscript/fileName/SRDuplicateCleaner.cs: d225ff68fd10a29da65fb6f03456bf58 -> 
  custom:scripting/monoscript/fileName/StringNamedData.cs: b9ca07eb5bf5f668f896b2406b80c50f -> 
  custom:scripting/monoscript/fileName/PrefabTest.cs: 6b21488e501f2b8de0cbf89d0ebca7f4 -> 
  custom:scripting/monoscript/fileName/FloatData.cs: a36b3dfab935a3cafd5bec620587edb1 -> 
  custom:container-muxer-webm: aa71ff27fc2769a1b78a27578f13a17b -> 
  custom:video-decoder-webm-vp8: 9c59270c3fd7afecdb556c50c9e8de78 -> 
  custom:scripting/monoscript/fileName/ComplexData.cs: a41c3c64cbd5a4249e25f8e18e449ae5 -> 
  custom:scripting/monoscript/fileName/SRMissingTypesValidatorConfig.cs: 311504d3d80993c651daaad954f1305b -> 
  custom:SearchIndexIgnoredProperties: e643bd26f0fe6173181afceb89e7c659 -> 
  custom:AudioImporter_EditorPlatform: d09bf68614088b80899f8185d706f6e7 -> 
  custom:scripting/monoscript/fileName/SRTypesSearchWindowProvider.cs: efc74559e42bc1aa7b7f5150b360d2fb -> 
  custom:scripting/monoscript/fileName/MissingTypesCleaner.cs: d3f00f379b86ec4cc811f9c87e215dd8 -> 
  custom:scripting/monoscript/fileName/SREditorSettingsProvider.cs: 37a99a0352dafd2b90ce1865506af283 -> 
  custom:scripting/monoscript/fileName/AbstractNamedData.cs: e532bceb478b1b5456b1c7ec34accfb2 -> 
  custom:scripting/monoscript/fileName/UnityLogAssetMissingTypeReport.cs: 0623721f233a6cc1458bd3d77272d40b -> 
  custom:scripting/monoscript/fileName/Effect.cs: db0847a469ed795dc13473466caf2c90 -> 
  custom:scripting/monoscript/fileName/SRCashTypeSearchTree.cs: ce95e72afce0c3503f63fc4c4d621b06 -> 
  custom:scripting/monoscript/fileName/SRHiddenAttribute.cs: b80fc48a45fff22c67246a0eb3bb2f52 -> 
  custom:scripting/monoscript/fileName/TypeInfoComparer.cs: f78e3dd8571fb435023b893ff6ab0349 -> 
  custom:scripting/monoscript/fileName/NameService.cs: 0b470d478878f04170f09ea709d96d20 -> 
  custom:scripting/monoscript/fileName/TestData.cs: 30cb1cfce572b4f2dcb721be1e0e9081 -> 
  custom:scripting/monoscript/fileName/CustomData.cs: d49523017a9f23851db158eaea2801ff -> 
  custom:scripting/monoscript/fileName/SRActionFactory.cs: 6cb7f0a6c20ec38e4610be62bfe55206 -> 
  custom:scripting/monoscript/fileName/SRAction.cs: ef58eb737e49a3b52271615452d512d9 -> 
  custom:video-encoder-webm-vp8: eb34c28f22e8b96e1ab97ce403110664 -> 
  custom:scripting/monoscript/fileName/HiddenData.cs: 1b489c97a3d23394b73da862faf88fdf -> 
  custom:audio-decoder-ogg-vorbis: bf7c407c2cedff20999df2af8eb42d56 -> 
  custom:scripting/monoscript/fileName/IntegerNamedData.cs: 608697fde81a43c41d54201b88e6e311 -> 
  custom:scripting/monoscript/fileName/AssetChangeDetector.cs: 65333c271892a57b3b74113ae0b0e6d4 -> 
  custom:scripting/monoscript/fileName/ContainerData.cs: c5dc4e9b9c3e32e43213d6d81fd37d43 -> 
  custom:scripting/monoscript/fileName/SRDrawerOptions.cs: 2b1003830d2989546caf7126adc49d41 -> 
  custom:scripting/monoscript/fileName/IAssetMissingTypeReport.cs: 22126180f057be89ffb14e06670cf701 -> 
  custom:audio-encoder-webm-vorbis: bf7c407c2cedff20999df2af8eb42d56 -> 
  custom:scripting/precompiled-assembly-types:SRDemo: 12f6be23b5d35fc375ef15de3d23d5b7 -> 
  custom:scripting/monoscript/fileName/MissingTypesLogger.cs: eac8c33766e6330de4c0a44b29a2de78 -> 
  custom:scripting/precompiled-assembly-types:Assembly-CSharp: c63add571158bd6e643e45bfdb15eeca -> e24d7867124476b8f6c482295ea6f2d1
  custom:scripting/monoscript/fileName/TypeInfoArrayComparer.cs: 4734a6743c056bda54f6256be31cb96a -> 
  custom:scripting/monoscript/fileName/ScriptableObjectTest.cs: b53441fff951350b341178933e3e23ef -> 
  custom:scripting/monoscript/fileName/ErasePropertySRAction.cs: 4b881b6741f1070c9d03f1dd87107a3b -> 
========================================================================
Received Import Request.
  Time since last request: 329.204305 seconds.
  path: Assets/Scripts/Effect/DrawCardEffect.cs
  artifactKey: Guid(352d3b6dcd9eef346830940e4d7802bc) Importer(815301076,1909f56bfc062723c751e8b465ee728b)
Start importing Assets/Scripts/Effect/DrawCardEffect.cs using Guid(352d3b6dcd9eef346830940e4d7802bc) Importer(815301076,1909f56bfc062723c751e8b465ee728b) [PhysX] Initialized MultithreadedTaskDispatcher with 28 workers.
 -> (artifact id: '65a2546d670aa2c4dcae8db1a2487c46') in 0.001739 seconds
Number of updated asset objects reloaded before import = 0
Number of asset objects unloaded after import = 0
========================================================================
Received Prepare
Assembly with name 'SRDemo' already exists (Assets/SerializeReferenceEditor/Assets/SREditor/Samples/Demo/SRDemo.asmdef)
Assembly with name 'SRDemo' already exists (Assets/Prefabs/SerializeReferenceEditor/Assets/SREditor/Samples/Demo/SRDemo.asmdef)
Assembly with name 'SREditor-Editor' already exists (Assets/SerializeReferenceEditor/Assets/SREditor/Package/Editor/SREditor-Editor.asmdef)
Assembly with name 'SREditor-Editor' already exists (Assets/Prefabs/SerializeReferenceEditor/Assets/SREditor/Package/Editor/SREditor-Editor.asmdef)
Assembly with name 'NewTest' already exists (Assets/SerializeReferenceEditor/Assets/SREditor/Samples/Demo/NewTests/NewTest.asmdef)
Assembly with name 'NewTest' already exists (Assets/Prefabs/SerializeReferenceEditor/Assets/SREditor/Samples/Demo/NewTests/NewTest.asmdef)
Assembly with name 'SREditor' already exists (Assets/Prefabs/SerializeReferenceEditor/Assets/SREditor/Package/Scripts/SREditor.asmdef)
Assembly with name 'SREditor' already exists (Assets/SerializeReferenceEditor/Assets/SREditor/Package/Scripts/SREditor.asmdef)
Assembly with name 'SRDemo-Editor' already exists (Assets/Prefabs/SerializeReferenceEditor/Assets/SREditor/Samples/Demo/Editor/SRDemo-Editor.asmdef)
Assembly with name 'SRDemo-Editor' already exists (Assets/SerializeReferenceEditor/Assets/SREditor/Samples/Demo/Editor/SRDemo-Editor.asmdef)
Caller must complete domain reload
Assembly with name 'SRDemo' already exists (Assets/SerializeReferenceEditor/Assets/SREditor/Samples/Demo/SRDemo.asmdef)
Assembly with name 'SRDemo' already exists (Assets/Prefabs/SerializeReferenceEditor/Assets/SREditor/Samples/Demo/SRDemo.asmdef)
Assembly with name 'SREditor-Editor' already exists (Assets/SerializeReferenceEditor/Assets/SREditor/Package/Editor/SREditor-Editor.asmdef)
Assembly with name 'SREditor-Editor' already exists (Assets/Prefabs/SerializeReferenceEditor/Assets/SREditor/Package/Editor/SREditor-Editor.asmdef)
Assembly with name 'NewTest' already exists (Assets/SerializeReferenceEditor/Assets/SREditor/Samples/Demo/NewTests/NewTest.asmdef)
Assembly with name 'NewTest' already exists (Assets/Prefabs/SerializeReferenceEditor/Assets/SREditor/Samples/Demo/NewTests/NewTest.asmdef)
Assembly with name 'SREditor' already exists (Assets/Prefabs/SerializeReferenceEditor/Assets/SREditor/Package/Scripts/SREditor.asmdef)
Assembly with name 'SREditor' already exists (Assets/SerializeReferenceEditor/Assets/SREditor/Package/Scripts/SREditor.asmdef)
Assembly with name 'SRDemo-Editor' already exists (Assets/Prefabs/SerializeReferenceEditor/Assets/SREditor/Samples/Demo/Editor/SRDemo-Editor.asmdef)
Assembly with name 'SRDemo-Editor' already exists (Assets/SerializeReferenceEditor/Assets/SREditor/Samples/Demo/Editor/SRDemo-Editor.asmdef)
Begin MonoManager ReloadAssembly
- Loaded All Assemblies, in  0.368 seconds
Native extension for WindowsStandalone target not found
Assembly with name 'SRDemo' already exists (Assets/SerializeReferenceEditor/Assets/SREditor/Samples/Demo/SRDemo.asmdef)
Assembly with name 'SRDemo' already exists (Assets/Prefabs/SerializeReferenceEditor/Assets/SREditor/Samples/Demo/SRDemo.asmdef)
Assembly with name 'SREditor-Editor' already exists (Assets/SerializeReferenceEditor/Assets/SREditor/Package/Editor/SREditor-Editor.asmdef)
Assembly with name 'SREditor-Editor' already exists (Assets/Prefabs/SerializeReferenceEditor/Assets/SREditor/Package/Editor/SREditor-Editor.asmdef)
Assembly with name 'NewTest' already exists (Assets/SerializeReferenceEditor/Assets/SREditor/Samples/Demo/NewTests/NewTest.asmdef)
Assembly with name 'NewTest' already exists (Assets/Prefabs/SerializeReferenceEditor/Assets/SREditor/Samples/Demo/NewTests/NewTest.asmdef)
Assembly with name 'SREditor' already exists (Assets/Prefabs/SerializeReferenceEditor/Assets/SREditor/Package/Scripts/SREditor.asmdef)
Assembly with name 'SREditor' already exists (Assets/SerializeReferenceEditor/Assets/SREditor/Package/Scripts/SREditor.asmdef)
Assembly with name 'SRDemo-Editor' already exists (Assets/Prefabs/SerializeReferenceEditor/Assets/SREditor/Samples/Demo/Editor/SRDemo-Editor.asmdef)
Assembly with name 'SRDemo-Editor' already exists (Assets/SerializeReferenceEditor/Assets/SREditor/Samples/Demo/Editor/SRDemo-Editor.asmdef)
Mono: successfully reloaded assembly
- Finished resetting the current domain, in  0.747 seconds
Domain Reload Profiling: 1115ms
	BeginReloadAssembly (135ms)
		ExecutionOrderSort (0ms)
		DisableScriptedObjects (8ms)
		BackupInstance (0ms)
		ReleaseScriptingObjects (0ms)
		CreateAndSetChildDomain (32ms)
	RebuildCommonClasses (25ms)
	RebuildNativeTypeToScriptingClass (9ms)
	initialDomainReloadingComplete (19ms)
	LoadAllAssembliesAndSetupDomain (180ms)
		LoadAssemblies (230ms)
		RebuildTransferFunctionScriptingTraits (0ms)
		AnalyzeDomain (21ms)
			TypeCache.Refresh (7ms)
				TypeCache.ScanAssembly (1ms)
			ScanForSourceGeneratedMonoScriptInfo (8ms)
			ResolveRequiredComponents (4ms)
	FinalizeReload (748ms)
		ReleaseScriptCaches (0ms)
		RebuildScriptCaches (0ms)
		SetupLoadedEditorAssemblies (446ms)
			LogAssemblyErrors (0ms)
			InitializePlatformSupportModulesInManaged (6ms)
			SetLoadedEditorAssemblies (4ms)
			RefreshPlugins (0ms)
			BeforeProcessingInitializeOnLoad (76ms)
			ProcessInitializeOnLoadAttributes (332ms)
			ProcessInitializeOnLoadMethodAttributes (28ms)
			AfterProcessingInitializeOnLoad (1ms)
			EditorAssembliesLoaded (0ms)
		ExecutionOrderSort2 (0ms)
		AwakeInstancesAfterBackupRestoration (9ms)
Refreshing native plugins compatible for Editor in 1.61 ms, found 4 plugins.
Preloading 0 native plugins for Editor in 0.00 ms.
Unloading 4325 Unused Serialized files (Serialized files now loaded: 0)
Unloading 23 unused Assets / (31.8 KB). Loaded Objects now: 4930.
Memory consumption went from 156.0 MB to 155.9 MB.
Total: 3.019300 ms (FindLiveObjects: 0.235100 ms CreateObjectMapping: 0.075100 ms MarkObjects: 2.661500 ms  DeleteObjects: 0.046800 ms)

Prepare: number of updated asset objects reloaded= 0
AssetImportParameters requested are different than current active one (requested -> active):
  custom:scripting/monoscript/fileName/SRDemoAttribute.cs: b217f8d4e07b14b9940a83b035def963 -> 
  custom:scripting/monoscript/fileName/DrawCardEffect.cs: d9cd090163e949cc8a887419c09c7761 -> 
  custom:scripting/monoscript/fileName/LoadAllScriptableObjects.cs: 8c4c4caa6c9d58a1046ba488534e615c -> 
  custom:container-demuxer-ogg: 62fdf1f143b41e24485cea50d1cbac27 -> 
  custom:scripting/monoscript/fileName/StringData.cs: 899c5872079327f54ed117fc61ea02c0 -> 
  custom:scripting/monoscript/fileName/IAssetsLoader.cs: 8d295a5e2d097f03f5f00e3441d974eb -> 
  custom:scripting/monoscript/fileName/SRTypeTreeFactory.cs: b9f0ea0d3f426034a242fccaec253fa9 -> 
  custom:scripting/monoscript/fileName/TypeReplacer.cs: ae51176d3fdd2e15067fbf3eeb4d1ffd -> 
  custom:scripting/monoscript/fileName/SRTypeCache.cs: cd51da883b797559c225dab095647981 -> 
  custom:video-codec-MediaFoundation-h265: 746d11721c4dcdbdad8f713fa42b33f4 -> 
  custom:scripting/monoscript/fileName/FormerlySerializedTypeAttribute.cs: a2ba12d6f49519a27a785cb6e7cc3b9c -> 
  custom:scripting/monoscript/fileName/IData.cs: 869deb168c5112234ead0b60061e88d4 -> 
  custom:video-decoder-ogg-theora: a1e56fd34408186e4bbccfd4996cb3dc -> 
  custom:scripting/monoscript/fileName/TypeInfo.cs: 3a9ce2b1121b5df65b59d03380de4ab6 -> 
  custom:scripting/monoscript/fileName/InstanceClassSRAction.cs: 78c0331d959a99a60c1adff7e81d3862 -> 
  custom:framework-win-MediaFoundation: 216162199b28c13a410421893ffa2e32 -> 
  custom:scripting/monoscript/fileName/NewBehaviourScript.cs: b21687ddb03d73bd9f0c1daecb9714de -> 
  custom:scripting/monoscript/fileName/ScriptableObjectTestData.cs: 56e0c1e05ef2b3e0ecda33fad772a283 -> 
  custom:scripting/precompiled-assembly-types:SREditor-Editor: 55b5456b5630cab223524f958b1d591b -> 
  custom:scripting/monoscript/fileName/SRDrawer.cs: cbea2dac214fbebe88c1bdc69ad4b45f -> 
  custom:scripting/monoscript/fileName/SRNameAttribute.cs: 1b1dbd11348e161435c454df7cc85608 -> 
  custom:scripting/monoscript/fileName/AbstractData.cs: c2fc160bd7af24ef3912d4546ba164da -> 
  custom:scripting/monoscript/fileName/DataList.cs: ac707c81ae30f006632cf7b337900264 -> 
  custom:scripting/precompiled-assembly-types:NewTest: 1f1ee7a59c4c112b0ac23a43c8848db5 -> 
  custom:scripting/monoscript/fileName/TypeReplaceHelper.cs: 5061a70e5cba90a2f93fbaca5002d92c -> 
  custom:CustomObjectIndexerAttribute: 9a22284fe3817be447336de3de66b15e -> 
  custom:scripting/monoscript/fileName/IntegerData.cs: be3d36b532f74a94814765d5582dd467 -> 
  custom:scripting/monoscript/fileName/TypeReplacerWindow.cs: c75b82325a10408dedd0b6359fe6ec16 -> 
  custom:scripting/monoscript/fileName/NewTestData.cs: d4cd3933424ead977ec2d13d82f8bf32 -> 
  custom:scripting/monoscript/fileName/StringInterfaceData.cs: 3d50b8fc8dd0f40f14ecec98ae9d71bf -> 
  custom:scripting/monoscript/fileName/ProcessingCoordinator.cs: a2cc59e2f1bdaa862f8699f5126d0c16 -> 
  custom:scripting/monoscript/fileName/PlayCardGA.cs: 5789139290271257e0b7651fe5863c2e -> 
  custom:scripting/monoscript/fileName/SRFormerlyTypeCache.cs: b7cf08609a0a042a8236322b594b8142 -> 
  custom:container-demuxer-webm: 4f35f7cbe854078d1ac9338744f61a02 -> 
  custom:scripting/monoscript/fileName/SREditorSettings.cs: 3331118a764dc5e43cc7c0d781d392d8 -> 
  custom:scripting/precompiled-assembly-types:SRDemo-Editor: 8adfbed147264f837f3a0482ccfceda7 -> 
  custom:scripting/monoscript/fileName/SRMissingTypesValidator.cs: 46bac1a342b6b1607f4b717707b04fa2 -> 
  custom:scripting/precompiled-assembly-types:SREditor: df3fe5802f2450a7160c4b4df24efb82 -> 
  custom:scripting/monoscript/fileName/CustomDataDrawer.cs: 65ff75100b510d38b07627bf3a1e89c7 -> 
  custom:scripting/monoscript/fileName/DataHolder.cs: b5fe96c290fd369c9489341d8f0c6c3f -> 
  custom:scripting/monoscript/fileName/FloatNamedData.cs: f5fca032bc29de94a8bc17bae6d6c41d -> 
  custom:scripting/monoscript/fileName/SRAttribute.cs: 789115209565033af35d3e3afd3e3310 -> 
  custom:scripting/monoscript/fileName/SRDuplicateCleaner.cs: d225ff68fd10a29da65fb6f03456bf58 -> 
  custom:scripting/monoscript/fileName/StringNamedData.cs: b9ca07eb5bf5f668f896b2406b80c50f -> 
  custom:scripting/monoscript/fileName/PrefabTest.cs: 6b21488e501f2b8de0cbf89d0ebca7f4 -> 
  custom:scripting/monoscript/fileName/FloatData.cs: a36b3dfab935a3cafd5bec620587edb1 -> 
  custom:container-muxer-webm: aa71ff27fc2769a1b78a27578f13a17b -> 
  custom:video-decoder-webm-vp8: 9c59270c3fd7afecdb556c50c9e8de78 -> 
  custom:scripting/monoscript/fileName/ComplexData.cs: a41c3c64cbd5a4249e25f8e18e449ae5 -> 
  custom:scripting/monoscript/fileName/SRMissingTypesValidatorConfig.cs: 311504d3d80993c651daaad954f1305b -> 
  custom:SearchIndexIgnoredProperties: e643bd26f0fe6173181afceb89e7c659 -> 
  custom:AudioImporter_EditorPlatform: d09bf68614088b80899f8185d706f6e7 -> 
  custom:scripting/monoscript/fileName/SRTypesSearchWindowProvider.cs: efc74559e42bc1aa7b7f5150b360d2fb -> 
  custom:scripting/monoscript/fileName/MissingTypesCleaner.cs: d3f00f379b86ec4cc811f9c87e215dd8 -> 
  custom:scripting/monoscript/fileName/SREditorSettingsProvider.cs: 37a99a0352dafd2b90ce1865506af283 -> 
  custom:scripting/monoscript/fileName/AbstractNamedData.cs: e532bceb478b1b5456b1c7ec34accfb2 -> 
  custom:scripting/monoscript/fileName/UnityLogAssetMissingTypeReport.cs: 0623721f233a6cc1458bd3d77272d40b -> 
  custom:scripting/monoscript/fileName/Effect.cs: db0847a469ed795dc13473466caf2c90 -> 
  custom:scripting/monoscript/fileName/SRCashTypeSearchTree.cs: ce95e72afce0c3503f63fc4c4d621b06 -> 
  custom:scripting/monoscript/fileName/SRHiddenAttribute.cs: b80fc48a45fff22c67246a0eb3bb2f52 -> 
  custom:scripting/monoscript/fileName/TypeInfoComparer.cs: f78e3dd8571fb435023b893ff6ab0349 -> 
  custom:scripting/monoscript/fileName/NameService.cs: 0b470d478878f04170f09ea709d96d20 -> 
  custom:scripting/monoscript/fileName/TestData.cs: 30cb1cfce572b4f2dcb721be1e0e9081 -> 
  custom:scripting/monoscript/fileName/CustomData.cs: d49523017a9f23851db158eaea2801ff -> 
  custom:scripting/monoscript/fileName/SRActionFactory.cs: 6cb7f0a6c20ec38e4610be62bfe55206 -> 
  custom:scripting/monoscript/fileName/SRAction.cs: ef58eb737e49a3b52271615452d512d9 -> 
  custom:video-encoder-webm-vp8: eb34c28f22e8b96e1ab97ce403110664 -> 
  custom:scripting/monoscript/fileName/HiddenData.cs: 1b489c97a3d23394b73da862faf88fdf -> 
  custom:audio-decoder-ogg-vorbis: bf7c407c2cedff20999df2af8eb42d56 -> 
  custom:scripting/monoscript/fileName/IntegerNamedData.cs: 608697fde81a43c41d54201b88e6e311 -> 
  custom:scripting/monoscript/fileName/AssetChangeDetector.cs: 65333c271892a57b3b74113ae0b0e6d4 -> 
  custom:scripting/monoscript/fileName/ContainerData.cs: c5dc4e9b9c3e32e43213d6d81fd37d43 -> 
  custom:scripting/monoscript/fileName/SRDrawerOptions.cs: 2b1003830d2989546caf7126adc49d41 -> 
  custom:scripting/monoscript/fileName/IAssetMissingTypeReport.cs: 22126180f057be89ffb14e06670cf701 -> 
  custom:audio-encoder-webm-vorbis: bf7c407c2cedff20999df2af8eb42d56 -> 
  custom:scripting/precompiled-assembly-types:SRDemo: 12f6be23b5d35fc375ef15de3d23d5b7 -> 
  custom:scripting/monoscript/fileName/MissingTypesLogger.cs: eac8c33766e6330de4c0a44b29a2de78 -> 
  custom:scripting/precompiled-assembly-types:Assembly-CSharp: 50a15658af9eabc524560516e746f48e -> e24d7867124476b8f6c482295ea6f2d1
  custom:scripting/monoscript/fileName/TypeInfoArrayComparer.cs: 4734a6743c056bda54f6256be31cb96a -> 
  custom:scripting/monoscript/fileName/ScriptableObjectTest.cs: b53441fff951350b341178933e3e23ef -> 
  custom:scripting/monoscript/fileName/ErasePropertySRAction.cs: 4b881b6741f1070c9d03f1dd87107a3b -> 
========================================================================
Received Prepare
Assembly with name 'SRDemo' already exists (Assets/SerializeReferenceEditor/Assets/SREditor/Samples/Demo/SRDemo.asmdef)
Assembly with name 'SRDemo' already exists (Assets/Prefabs/SerializeReferenceEditor/Assets/SREditor/Samples/Demo/SRDemo.asmdef)
Assembly with name 'SREditor-Editor' already exists (Assets/SerializeReferenceEditor/Assets/SREditor/Package/Editor/SREditor-Editor.asmdef)
Assembly with name 'SREditor-Editor' already exists (Assets/Prefabs/SerializeReferenceEditor/Assets/SREditor/Package/Editor/SREditor-Editor.asmdef)
Assembly with name 'NewTest' already exists (Assets/SerializeReferenceEditor/Assets/SREditor/Samples/Demo/NewTests/NewTest.asmdef)
Assembly with name 'NewTest' already exists (Assets/Prefabs/SerializeReferenceEditor/Assets/SREditor/Samples/Demo/NewTests/NewTest.asmdef)
Assembly with name 'SREditor' already exists (Assets/Prefabs/SerializeReferenceEditor/Assets/SREditor/Package/Scripts/SREditor.asmdef)
Assembly with name 'SREditor' already exists (Assets/SerializeReferenceEditor/Assets/SREditor/Package/Scripts/SREditor.asmdef)
Assembly with name 'SRDemo-Editor' already exists (Assets/Prefabs/SerializeReferenceEditor/Assets/SREditor/Samples/Demo/Editor/SRDemo-Editor.asmdef)
Assembly with name 'SRDemo-Editor' already exists (Assets/SerializeReferenceEditor/Assets/SREditor/Samples/Demo/Editor/SRDemo-Editor.asmdef)
Caller must complete domain reload
Assembly with name 'SRDemo' already exists (Assets/SerializeReferenceEditor/Assets/SREditor/Samples/Demo/SRDemo.asmdef)
Assembly with name 'SRDemo' already exists (Assets/Prefabs/SerializeReferenceEditor/Assets/SREditor/Samples/Demo/SRDemo.asmdef)
Assembly with name 'SREditor-Editor' already exists (Assets/SerializeReferenceEditor/Assets/SREditor/Package/Editor/SREditor-Editor.asmdef)
Assembly with name 'SREditor-Editor' already exists (Assets/Prefabs/SerializeReferenceEditor/Assets/SREditor/Package/Editor/SREditor-Editor.asmdef)
Assembly with name 'NewTest' already exists (Assets/SerializeReferenceEditor/Assets/SREditor/Samples/Demo/NewTests/NewTest.asmdef)
Assembly with name 'NewTest' already exists (Assets/Prefabs/SerializeReferenceEditor/Assets/SREditor/Samples/Demo/NewTests/NewTest.asmdef)
Assembly with name 'SREditor' already exists (Assets/Prefabs/SerializeReferenceEditor/Assets/SREditor/Package/Scripts/SREditor.asmdef)
Assembly with name 'SREditor' already exists (Assets/SerializeReferenceEditor/Assets/SREditor/Package/Scripts/SREditor.asmdef)
Assembly with name 'SRDemo-Editor' already exists (Assets/Prefabs/SerializeReferenceEditor/Assets/SREditor/Samples/Demo/Editor/SRDemo-Editor.asmdef)
Assembly with name 'SRDemo-Editor' already exists (Assets/SerializeReferenceEditor/Assets/SREditor/Samples/Demo/Editor/SRDemo-Editor.asmdef)
Begin MonoManager ReloadAssembly
- Loaded All Assemblies, in  0.476 seconds
Native extension for WindowsStandalone target not found
Assembly with name 'SRDemo' already exists (Assets/SerializeReferenceEditor/Assets/SREditor/Samples/Demo/SRDemo.asmdef)
Assembly with name 'SRDemo' already exists (Assets/Prefabs/SerializeReferenceEditor/Assets/SREditor/Samples/Demo/SRDemo.asmdef)
Assembly with name 'SREditor-Editor' already exists (Assets/SerializeReferenceEditor/Assets/SREditor/Package/Editor/SREditor-Editor.asmdef)
Assembly with name 'SREditor-Editor' already exists (Assets/Prefabs/SerializeReferenceEditor/Assets/SREditor/Package/Editor/SREditor-Editor.asmdef)
Assembly with name 'NewTest' already exists (Assets/SerializeReferenceEditor/Assets/SREditor/Samples/Demo/NewTests/NewTest.asmdef)
Assembly with name 'NewTest' already exists (Assets/Prefabs/SerializeReferenceEditor/Assets/SREditor/Samples/Demo/NewTests/NewTest.asmdef)
Assembly with name 'SREditor' already exists (Assets/Prefabs/SerializeReferenceEditor/Assets/SREditor/Package/Scripts/SREditor.asmdef)
Assembly with name 'SREditor' already exists (Assets/SerializeReferenceEditor/Assets/SREditor/Package/Scripts/SREditor.asmdef)
Assembly with name 'SRDemo-Editor' already exists (Assets/Prefabs/SerializeReferenceEditor/Assets/SREditor/Samples/Demo/Editor/SRDemo-Editor.asmdef)
Assembly with name 'SRDemo-Editor' already exists (Assets/SerializeReferenceEditor/Assets/SREditor/Samples/Demo/Editor/SRDemo-Editor.asmdef)
Mono: successfully reloaded assembly
- Finished resetting the current domain, in  6.118 seconds
Domain Reload Profiling: 6593ms
	BeginReloadAssembly (107ms)
		ExecutionOrderSort (0ms)
		DisableScriptedObjects (7ms)
		BackupInstance (0ms)
		ReleaseScriptingObjects (0ms)
		CreateAndSetChildDomain (29ms)
	RebuildCommonClasses (19ms)
	RebuildNativeTypeToScriptingClass (7ms)
	initialDomainReloadingComplete (16ms)
	LoadAllAssembliesAndSetupDomain (326ms)
		LoadAssemblies (345ms)
		RebuildTransferFunctionScriptingTraits (0ms)
		AnalyzeDomain (29ms)
			TypeCache.Refresh (13ms)
				TypeCache.ScanAssembly (1ms)
			ScanForSourceGeneratedMonoScriptInfo (9ms)
			ResolveRequiredComponents (7ms)
	FinalizeReload (6118ms)
		ReleaseScriptCaches (0ms)
		RebuildScriptCaches (0ms)
		SetupLoadedEditorAssemblies (443ms)
			LogAssemblyErrors (0ms)
			InitializePlatformSupportModulesInManaged (4ms)
			SetLoadedEditorAssemblies (3ms)
			RefreshPlugins (0ms)
			BeforeProcessingInitializeOnLoad (67ms)
			ProcessInitializeOnLoadAttributes (340ms)
			ProcessInitializeOnLoadMethodAttributes (28ms)
			AfterProcessingInitializeOnLoad (1ms)
			EditorAssembliesLoaded (0ms)
		ExecutionOrderSort2 (0ms)
		AwakeInstancesAfterBackupRestoration (10ms)
Refreshing native plugins compatible for Editor in 1.56 ms, found 4 plugins.
Preloading 0 native plugins for Editor in 0.00 ms.
Unloading 4326 Unused Serialized files (Serialized files now loaded: 0)
Unloading 23 unused Assets / (31.6 KB). Loaded Objects now: 4935.
Memory consumption went from 156.2 MB to 156.2 MB.
Total: 2.709900 ms (FindLiveObjects: 0.238300 ms CreateObjectMapping: 0.081200 ms MarkObjects: 2.344400 ms  DeleteObjects: 0.044600 ms)

Prepare: number of updated asset objects reloaded= 0
AssetImportParameters requested are different than current active one (requested -> active):
  custom:scripting/monoscript/fileName/SRDemoAttribute.cs: b217f8d4e07b14b9940a83b035def963 -> 
  custom:scripting/monoscript/fileName/DrawCardEffect.cs: d9cd090163e949cc8a887419c09c7761 -> 
  custom:scripting/monoscript/fileName/LoadAllScriptableObjects.cs: 8c4c4caa6c9d58a1046ba488534e615c -> 
  custom:container-demuxer-ogg: 62fdf1f143b41e24485cea50d1cbac27 -> 
  custom:scripting/monoscript/fileName/StringData.cs: 899c5872079327f54ed117fc61ea02c0 -> 
  custom:scripting/monoscript/fileName/IAssetsLoader.cs: 8d295a5e2d097f03f5f00e3441d974eb -> 
  custom:scripting/monoscript/fileName/SRTypeTreeFactory.cs: b9f0ea0d3f426034a242fccaec253fa9 -> 
  custom:scripting/monoscript/fileName/TypeReplacer.cs: ae51176d3fdd2e15067fbf3eeb4d1ffd -> 
  custom:scripting/monoscript/fileName/SRTypeCache.cs: cd51da883b797559c225dab095647981 -> 
  custom:video-codec-MediaFoundation-h265: 746d11721c4dcdbdad8f713fa42b33f4 -> 
  custom:scripting/monoscript/fileName/FormerlySerializedTypeAttribute.cs: a2ba12d6f49519a27a785cb6e7cc3b9c -> 
  custom:scripting/monoscript/fileName/IData.cs: 869deb168c5112234ead0b60061e88d4 -> 
  custom:video-decoder-ogg-theora: a1e56fd34408186e4bbccfd4996cb3dc -> 
  custom:scripting/monoscript/fileName/TypeInfo.cs: 3a9ce2b1121b5df65b59d03380de4ab6 -> 
  custom:scripting/monoscript/fileName/InstanceClassSRAction.cs: 78c0331d959a99a60c1adff7e81d3862 -> 
  custom:framework-win-MediaFoundation: 216162199b28c13a410421893ffa2e32 -> 
  custom:scripting/monoscript/fileName/NewBehaviourScript.cs: b21687ddb03d73bd9f0c1daecb9714de -> 
  custom:scripting/monoscript/fileName/ScriptableObjectTestData.cs: 56e0c1e05ef2b3e0ecda33fad772a283 -> 
  custom:scripting/precompiled-assembly-types:SREditor-Editor: 55b5456b5630cab223524f958b1d591b -> 
  custom:scripting/monoscript/fileName/SRDrawer.cs: cbea2dac214fbebe88c1bdc69ad4b45f -> 
  custom:scripting/monoscript/fileName/SRNameAttribute.cs: 1b1dbd11348e161435c454df7cc85608 -> 
  custom:scripting/monoscript/fileName/AbstractData.cs: c2fc160bd7af24ef3912d4546ba164da -> 
  custom:scripting/monoscript/fileName/DataList.cs: ac707c81ae30f006632cf7b337900264 -> 
  custom:scripting/precompiled-assembly-types:NewTest: 1f1ee7a59c4c112b0ac23a43c8848db5 -> 
  custom:scripting/monoscript/fileName/TypeReplaceHelper.cs: 5061a70e5cba90a2f93fbaca5002d92c -> 
  custom:CustomObjectIndexerAttribute: 9a22284fe3817be447336de3de66b15e -> 
  custom:scripting/monoscript/fileName/IntegerData.cs: be3d36b532f74a94814765d5582dd467 -> 
  custom:scripting/monoscript/fileName/TypeReplacerWindow.cs: c75b82325a10408dedd0b6359fe6ec16 -> 
  custom:scripting/monoscript/fileName/NewTestData.cs: d4cd3933424ead977ec2d13d82f8bf32 -> 
  custom:scripting/monoscript/fileName/StringInterfaceData.cs: 3d50b8fc8dd0f40f14ecec98ae9d71bf -> 
  custom:scripting/monoscript/fileName/ProcessingCoordinator.cs: a2cc59e2f1bdaa862f8699f5126d0c16 -> 
  custom:scripting/monoscript/fileName/PlayCardGA.cs: 5789139290271257e0b7651fe5863c2e -> 
  custom:scripting/monoscript/fileName/SRFormerlyTypeCache.cs: b7cf08609a0a042a8236322b594b8142 -> 
  custom:container-demuxer-webm: 4f35f7cbe854078d1ac9338744f61a02 -> 
  custom:scripting/monoscript/fileName/SREditorSettings.cs: 3331118a764dc5e43cc7c0d781d392d8 -> 
  custom:scripting/precompiled-assembly-types:SRDemo-Editor: 8adfbed147264f837f3a0482ccfceda7 -> 
  custom:scripting/monoscript/fileName/SRMissingTypesValidator.cs: 46bac1a342b6b1607f4b717707b04fa2 -> 
  custom:scripting/precompiled-assembly-types:SREditor: df3fe5802f2450a7160c4b4df24efb82 -> 
  custom:scripting/monoscript/fileName/CustomDataDrawer.cs: 65ff75100b510d38b07627bf3a1e89c7 -> 
  custom:scripting/monoscript/fileName/DataHolder.cs: b5fe96c290fd369c9489341d8f0c6c3f -> 
  custom:scripting/monoscript/fileName/FloatNamedData.cs: f5fca032bc29de94a8bc17bae6d6c41d -> 
  custom:scripting/monoscript/fileName/SRAttribute.cs: 789115209565033af35d3e3afd3e3310 -> 
  custom:scripting/monoscript/fileName/SRDuplicateCleaner.cs: d225ff68fd10a29da65fb6f03456bf58 -> 
  custom:scripting/monoscript/fileName/StringNamedData.cs: b9ca07eb5bf5f668f896b2406b80c50f -> 
  custom:scripting/monoscript/fileName/PrefabTest.cs: 6b21488e501f2b8de0cbf89d0ebca7f4 -> 
  custom:scripting/monoscript/fileName/FloatData.cs: a36b3dfab935a3cafd5bec620587edb1 -> 
  custom:container-muxer-webm: aa71ff27fc2769a1b78a27578f13a17b -> 
  custom:video-decoder-webm-vp8: 9c59270c3fd7afecdb556c50c9e8de78 -> 
  custom:scripting/monoscript/fileName/ComplexData.cs: a41c3c64cbd5a4249e25f8e18e449ae5 -> 
  custom:scripting/monoscript/fileName/SRMissingTypesValidatorConfig.cs: 311504d3d80993c651daaad954f1305b -> 
  custom:SearchIndexIgnoredProperties: e643bd26f0fe6173181afceb89e7c659 -> 
  custom:AudioImporter_EditorPlatform: d09bf68614088b80899f8185d706f6e7 -> 
  custom:scripting/monoscript/fileName/SRTypesSearchWindowProvider.cs: efc74559e42bc1aa7b7f5150b360d2fb -> 
  custom:scripting/monoscript/fileName/MissingTypesCleaner.cs: d3f00f379b86ec4cc811f9c87e215dd8 -> 
  custom:scripting/monoscript/fileName/SREditorSettingsProvider.cs: 37a99a0352dafd2b90ce1865506af283 -> 
  custom:scripting/monoscript/fileName/AbstractNamedData.cs: e532bceb478b1b5456b1c7ec34accfb2 -> 
  custom:scripting/monoscript/fileName/UnityLogAssetMissingTypeReport.cs: 0623721f233a6cc1458bd3d77272d40b -> 
  custom:scripting/monoscript/fileName/Effect.cs: db0847a469ed795dc13473466caf2c90 -> 
  custom:scripting/monoscript/fileName/SRCashTypeSearchTree.cs: ce95e72afce0c3503f63fc4c4d621b06 -> 
  custom:scripting/monoscript/fileName/SRHiddenAttribute.cs: b80fc48a45fff22c67246a0eb3bb2f52 -> 
  custom:scripting/monoscript/fileName/TypeInfoComparer.cs: f78e3dd8571fb435023b893ff6ab0349 -> 
  custom:scripting/monoscript/fileName/NameService.cs: 0b470d478878f04170f09ea709d96d20 -> 
  custom:scripting/monoscript/fileName/TestData.cs: 30cb1cfce572b4f2dcb721be1e0e9081 -> 
  custom:scripting/monoscript/fileName/CustomData.cs: d49523017a9f23851db158eaea2801ff -> 
  custom:scripting/monoscript/fileName/SRActionFactory.cs: 6cb7f0a6c20ec38e4610be62bfe55206 -> 
  custom:scripting/monoscript/fileName/SRAction.cs: ef58eb737e49a3b52271615452d512d9 -> 
  custom:video-encoder-webm-vp8: eb34c28f22e8b96e1ab97ce403110664 -> 
  custom:scripting/monoscript/fileName/HiddenData.cs: 1b489c97a3d23394b73da862faf88fdf -> 
  custom:audio-decoder-ogg-vorbis: bf7c407c2cedff20999df2af8eb42d56 -> 
  custom:scripting/monoscript/fileName/IntegerNamedData.cs: 608697fde81a43c41d54201b88e6e311 -> 
  custom:scripting/monoscript/fileName/AssetChangeDetector.cs: 65333c271892a57b3b74113ae0b0e6d4 -> 
  custom:scripting/monoscript/fileName/ContainerData.cs: c5dc4e9b9c3e32e43213d6d81fd37d43 -> 
  custom:scripting/monoscript/fileName/SRDrawerOptions.cs: 2b1003830d2989546caf7126adc49d41 -> 
  custom:scripting/monoscript/fileName/IAssetMissingTypeReport.cs: 22126180f057be89ffb14e06670cf701 -> 
  custom:audio-encoder-webm-vorbis: bf7c407c2cedff20999df2af8eb42d56 -> 
  custom:scripting/precompiled-assembly-types:SRDemo: 12f6be23b5d35fc375ef15de3d23d5b7 -> 
  custom:scripting/monoscript/fileName/MissingTypesLogger.cs: eac8c33766e6330de4c0a44b29a2de78 -> 
  custom:scripting/precompiled-assembly-types:Assembly-CSharp: 50a15658af9eabc524560516e746f48e -> e24d7867124476b8f6c482295ea6f2d1
  custom:scripting/monoscript/fileName/TypeInfoArrayComparer.cs: 4734a6743c056bda54f6256be31cb96a -> 
  custom:scripting/monoscript/fileName/ScriptableObjectTest.cs: b53441fff951350b341178933e3e23ef -> 
  custom:scripting/monoscript/fileName/ErasePropertySRAction.cs: 4b881b6741f1070c9d03f1dd87107a3b -> 
========================================================================
Received Prepare
Assembly with name 'SRDemo' already exists (Assets/SerializeReferenceEditor/Assets/SREditor/Samples/Demo/SRDemo.asmdef)
Assembly with name 'SRDemo' already exists (Assets/Prefabs/SerializeReferenceEditor/Assets/SREditor/Samples/Demo/SRDemo.asmdef)
Assembly with name 'SREditor-Editor' already exists (Assets/SerializeReferenceEditor/Assets/SREditor/Package/Editor/SREditor-Editor.asmdef)
Assembly with name 'SREditor-Editor' already exists (Assets/Prefabs/SerializeReferenceEditor/Assets/SREditor/Package/Editor/SREditor-Editor.asmdef)
Assembly with name 'NewTest' already exists (Assets/SerializeReferenceEditor/Assets/SREditor/Samples/Demo/NewTests/NewTest.asmdef)
Assembly with name 'NewTest' already exists (Assets/Prefabs/SerializeReferenceEditor/Assets/SREditor/Samples/Demo/NewTests/NewTest.asmdef)
Assembly with name 'SREditor' already exists (Assets/Prefabs/SerializeReferenceEditor/Assets/SREditor/Package/Scripts/SREditor.asmdef)
Assembly with name 'SREditor' already exists (Assets/SerializeReferenceEditor/Assets/SREditor/Package/Scripts/SREditor.asmdef)
Assembly with name 'SRDemo-Editor' already exists (Assets/Prefabs/SerializeReferenceEditor/Assets/SREditor/Samples/Demo/Editor/SRDemo-Editor.asmdef)
Assembly with name 'SRDemo-Editor' already exists (Assets/SerializeReferenceEditor/Assets/SREditor/Samples/Demo/Editor/SRDemo-Editor.asmdef)
Caller must complete domain reload
Assembly with name 'SRDemo' already exists (Assets/SerializeReferenceEditor/Assets/SREditor/Samples/Demo/SRDemo.asmdef)
Assembly with name 'SRDemo' already exists (Assets/Prefabs/SerializeReferenceEditor/Assets/SREditor/Samples/Demo/SRDemo.asmdef)
Assembly with name 'SREditor-Editor' already exists (Assets/SerializeReferenceEditor/Assets/SREditor/Package/Editor/SREditor-Editor.asmdef)
Assembly with name 'SREditor-Editor' already exists (Assets/Prefabs/SerializeReferenceEditor/Assets/SREditor/Package/Editor/SREditor-Editor.asmdef)
Assembly with name 'NewTest' already exists (Assets/SerializeReferenceEditor/Assets/SREditor/Samples/Demo/NewTests/NewTest.asmdef)
Assembly with name 'NewTest' already exists (Assets/Prefabs/SerializeReferenceEditor/Assets/SREditor/Samples/Demo/NewTests/NewTest.asmdef)
Assembly with name 'SREditor' already exists (Assets/Prefabs/SerializeReferenceEditor/Assets/SREditor/Package/Scripts/SREditor.asmdef)
Assembly with name 'SREditor' already exists (Assets/SerializeReferenceEditor/Assets/SREditor/Package/Scripts/SREditor.asmdef)
Assembly with name 'SRDemo-Editor' already exists (Assets/Prefabs/SerializeReferenceEditor/Assets/SREditor/Samples/Demo/Editor/SRDemo-Editor.asmdef)
Assembly with name 'SRDemo-Editor' already exists (Assets/SerializeReferenceEditor/Assets/SREditor/Samples/Demo/Editor/SRDemo-Editor.asmdef)
Begin MonoManager ReloadAssembly
- Loaded All Assemblies, in  0.367 seconds
Native extension for WindowsStandalone target not found
Assembly with name 'SRDemo' already exists (Assets/SerializeReferenceEditor/Assets/SREditor/Samples/Demo/SRDemo.asmdef)
Assembly with name 'SRDemo' already exists (Assets/Prefabs/SerializeReferenceEditor/Assets/SREditor/Samples/Demo/SRDemo.asmdef)
Assembly with name 'SREditor-Editor' already exists (Assets/SerializeReferenceEditor/Assets/SREditor/Package/Editor/SREditor-Editor.asmdef)
Assembly with name 'SREditor-Editor' already exists (Assets/Prefabs/SerializeReferenceEditor/Assets/SREditor/Package/Editor/SREditor-Editor.asmdef)
Assembly with name 'NewTest' already exists (Assets/SerializeReferenceEditor/Assets/SREditor/Samples/Demo/NewTests/NewTest.asmdef)
Assembly with name 'NewTest' already exists (Assets/Prefabs/SerializeReferenceEditor/Assets/SREditor/Samples/Demo/NewTests/NewTest.asmdef)
Assembly with name 'SREditor' already exists (Assets/Prefabs/SerializeReferenceEditor/Assets/SREditor/Package/Scripts/SREditor.asmdef)
Assembly with name 'SREditor' already exists (Assets/SerializeReferenceEditor/Assets/SREditor/Package/Scripts/SREditor.asmdef)
Assembly with name 'SRDemo-Editor' already exists (Assets/Prefabs/SerializeReferenceEditor/Assets/SREditor/Samples/Demo/Editor/SRDemo-Editor.asmdef)
Assembly with name 'SRDemo-Editor' already exists (Assets/SerializeReferenceEditor/Assets/SREditor/Samples/Demo/Editor/SRDemo-Editor.asmdef)
Mono: successfully reloaded assembly
- Finished resetting the current domain, in  0.694 seconds
Domain Reload Profiling: 1062ms
	BeginReloadAssembly (134ms)
		ExecutionOrderSort (0ms)
		DisableScriptedObjects (8ms)
		BackupInstance (0ms)
		ReleaseScriptingObjects (0ms)
		CreateAndSetChildDomain (37ms)
	RebuildCommonClasses (29ms)
	RebuildNativeTypeToScriptingClass (8ms)
	initialDomainReloadingComplete (17ms)
	LoadAllAssembliesAndSetupDomain (179ms)
		LoadAssemblies (218ms)
		RebuildTransferFunctionScriptingTraits (0ms)
		AnalyzeDomain (22ms)
			TypeCache.Refresh (8ms)
				TypeCache.ScanAssembly (1ms)
			ScanForSourceGeneratedMonoScriptInfo (7ms)
			ResolveRequiredComponents (5ms)
	FinalizeReload (695ms)
		ReleaseScriptCaches (0ms)
		RebuildScriptCaches (0ms)
		SetupLoadedEditorAssemblies (416ms)
			LogAssemblyErrors (0ms)
			InitializePlatformSupportModulesInManaged (3ms)
			SetLoadedEditorAssemblies (3ms)
			RefreshPlugins (0ms)
			BeforeProcessingInitializeOnLoad (71ms)
			ProcessInitializeOnLoadAttributes (305ms)
			ProcessInitializeOnLoadMethodAttributes (32ms)
			AfterProcessingInitializeOnLoad (1ms)
			EditorAssembliesLoaded (0ms)
		ExecutionOrderSort2 (0ms)
		AwakeInstancesAfterBackupRestoration (11ms)
Refreshing native plugins compatible for Editor in 1.85 ms, found 4 plugins.
Preloading 0 native plugins for Editor in 0.00 ms.
Unloading 4327 Unused Serialized files (Serialized files now loaded: 0)
Unloading 23 unused Assets / (31.8 KB). Loaded Objects now: 4941.
Memory consumption went from 156.2 MB to 156.2 MB.
Total: 3.453400 ms (FindLiveObjects: 0.201800 ms CreateObjectMapping: 0.074300 ms MarkObjects: 3.136500 ms  DeleteObjects: 0.039900 ms)

Prepare: number of updated asset objects reloaded= 0
AssetImportParameters requested are different than current active one (requested -> active):
  custom:scripting/monoscript/fileName/SRDemoAttribute.cs: b217f8d4e07b14b9940a83b035def963 -> 
  custom:scripting/monoscript/fileName/DrawCardEffect.cs: d9cd090163e949cc8a887419c09c7761 -> 
  custom:scripting/monoscript/fileName/LoadAllScriptableObjects.cs: 8c4c4caa6c9d58a1046ba488534e615c -> 
  custom:container-demuxer-ogg: 62fdf1f143b41e24485cea50d1cbac27 -> 
  custom:scripting/monoscript/fileName/StringData.cs: 899c5872079327f54ed117fc61ea02c0 -> 
  custom:scripting/monoscript/fileName/IAssetsLoader.cs: 8d295a5e2d097f03f5f00e3441d974eb -> 
  custom:scripting/monoscript/fileName/SRTypeTreeFactory.cs: b9f0ea0d3f426034a242fccaec253fa9 -> 
  custom:scripting/monoscript/fileName/TypeReplacer.cs: ae51176d3fdd2e15067fbf3eeb4d1ffd -> 
  custom:scripting/monoscript/fileName/SRTypeCache.cs: cd51da883b797559c225dab095647981 -> 
  custom:video-codec-MediaFoundation-h265: 746d11721c4dcdbdad8f713fa42b33f4 -> 
  custom:scripting/monoscript/fileName/FormerlySerializedTypeAttribute.cs: a2ba12d6f49519a27a785cb6e7cc3b9c -> 
  custom:scripting/monoscript/fileName/IData.cs: 869deb168c5112234ead0b60061e88d4 -> 
  custom:video-decoder-ogg-theora: a1e56fd34408186e4bbccfd4996cb3dc -> 
  custom:scripting/monoscript/fileName/TypeInfo.cs: 3a9ce2b1121b5df65b59d03380de4ab6 -> 
  custom:scripting/monoscript/fileName/InstanceClassSRAction.cs: 78c0331d959a99a60c1adff7e81d3862 -> 
  custom:framework-win-MediaFoundation: 216162199b28c13a410421893ffa2e32 -> 
  custom:scripting/monoscript/fileName/NewBehaviourScript.cs: b21687ddb03d73bd9f0c1daecb9714de -> 
  custom:scripting/monoscript/fileName/ScriptableObjectTestData.cs: 56e0c1e05ef2b3e0ecda33fad772a283 -> 
  custom:scripting/precompiled-assembly-types:SREditor-Editor: 55b5456b5630cab223524f958b1d591b -> 
  custom:scripting/monoscript/fileName/SRDrawer.cs: cbea2dac214fbebe88c1bdc69ad4b45f -> 
  custom:scripting/monoscript/fileName/SRNameAttribute.cs: 1b1dbd11348e161435c454df7cc85608 -> 
  custom:scripting/monoscript/fileName/AbstractData.cs: c2fc160bd7af24ef3912d4546ba164da -> 
  custom:scripting/monoscript/fileName/DataList.cs: ac707c81ae30f006632cf7b337900264 -> 
  custom:scripting/precompiled-assembly-types:NewTest: 1f1ee7a59c4c112b0ac23a43c8848db5 -> 
  custom:scripting/monoscript/fileName/TypeReplaceHelper.cs: 5061a70e5cba90a2f93fbaca5002d92c -> 
  custom:CustomObjectIndexerAttribute: 9a22284fe3817be447336de3de66b15e -> 
  custom:scripting/monoscript/fileName/IntegerData.cs: be3d36b532f74a94814765d5582dd467 -> 
  custom:scripting/monoscript/fileName/TypeReplacerWindow.cs: c75b82325a10408dedd0b6359fe6ec16 -> 
  custom:scripting/monoscript/fileName/NewTestData.cs: d4cd3933424ead977ec2d13d82f8bf32 -> 
  custom:scripting/monoscript/fileName/StringInterfaceData.cs: 3d50b8fc8dd0f40f14ecec98ae9d71bf -> 
  custom:scripting/monoscript/fileName/ProcessingCoordinator.cs: a2cc59e2f1bdaa862f8699f5126d0c16 -> 
  custom:scripting/monoscript/fileName/PerformEffectGA.cs: b7f1d1ee67ca91eead028ed5681dca3a -> 
  custom:scripting/monoscript/fileName/PlayCardGA.cs: 5789139290271257e0b7651fe5863c2e -> 
  custom:scripting/monoscript/fileName/SRFormerlyTypeCache.cs: b7cf08609a0a042a8236322b594b8142 -> 
  custom:container-demuxer-webm: 4f35f7cbe854078d1ac9338744f61a02 -> 
  custom:scripting/monoscript/fileName/SREditorSettings.cs: 3331118a764dc5e43cc7c0d781d392d8 -> 
  custom:scripting/precompiled-assembly-types:SRDemo-Editor: 8adfbed147264f837f3a0482ccfceda7 -> 
  custom:scripting/monoscript/fileName/SRMissingTypesValidator.cs: 46bac1a342b6b1607f4b717707b04fa2 -> 
  custom:scripting/precompiled-assembly-types:SREditor: df3fe5802f2450a7160c4b4df24efb82 -> 
  custom:scripting/monoscript/fileName/CustomDataDrawer.cs: 65ff75100b510d38b07627bf3a1e89c7 -> 
  custom:scripting/monoscript/fileName/DataHolder.cs: b5fe96c290fd369c9489341d8f0c6c3f -> 
  custom:scripting/monoscript/fileName/FloatNamedData.cs: f5fca032bc29de94a8bc17bae6d6c41d -> 
  custom:scripting/monoscript/fileName/SRAttribute.cs: 789115209565033af35d3e3afd3e3310 -> 
  custom:scripting/monoscript/fileName/SRDuplicateCleaner.cs: d225ff68fd10a29da65fb6f03456bf58 -> 
  custom:scripting/monoscript/fileName/StringNamedData.cs: b9ca07eb5bf5f668f896b2406b80c50f -> 
  custom:scripting/monoscript/fileName/PrefabTest.cs: 6b21488e501f2b8de0cbf89d0ebca7f4 -> 
  custom:scripting/monoscript/fileName/FloatData.cs: a36b3dfab935a3cafd5bec620587edb1 -> 
  custom:container-muxer-webm: aa71ff27fc2769a1b78a27578f13a17b -> 
  custom:video-decoder-webm-vp8: 9c59270c3fd7afecdb556c50c9e8de78 -> 
  custom:scripting/monoscript/fileName/ComplexData.cs: a41c3c64cbd5a4249e25f8e18e449ae5 -> 
  custom:scripting/monoscript/fileName/SRMissingTypesValidatorConfig.cs: 311504d3d80993c651daaad954f1305b -> 
  custom:SearchIndexIgnoredProperties: e643bd26f0fe6173181afceb89e7c659 -> 
  custom:AudioImporter_EditorPlatform: d09bf68614088b80899f8185d706f6e7 -> 
  custom:scripting/monoscript/fileName/SRTypesSearchWindowProvider.cs: efc74559e42bc1aa7b7f5150b360d2fb -> 
  custom:scripting/monoscript/fileName/MissingTypesCleaner.cs: d3f00f379b86ec4cc811f9c87e215dd8 -> 
  custom:scripting/monoscript/fileName/SREditorSettingsProvider.cs: 37a99a0352dafd2b90ce1865506af283 -> 
  custom:scripting/monoscript/fileName/AbstractNamedData.cs: e532bceb478b1b5456b1c7ec34accfb2 -> 
  custom:scripting/monoscript/fileName/UnityLogAssetMissingTypeReport.cs: 0623721f233a6cc1458bd3d77272d40b -> 
  custom:scripting/monoscript/fileName/Effect.cs: db0847a469ed795dc13473466caf2c90 -> 
  custom:scripting/monoscript/fileName/SRCashTypeSearchTree.cs: ce95e72afce0c3503f63fc4c4d621b06 -> 
  custom:scripting/monoscript/fileName/SRHiddenAttribute.cs: b80fc48a45fff22c67246a0eb3bb2f52 -> 
  custom:scripting/monoscript/fileName/TypeInfoComparer.cs: f78e3dd8571fb435023b893ff6ab0349 -> 
  custom:scripting/monoscript/fileName/NameService.cs: 0b470d478878f04170f09ea709d96d20 -> 
  custom:scripting/monoscript/fileName/TestData.cs: 30cb1cfce572b4f2dcb721be1e0e9081 -> 
  custom:scripting/monoscript/fileName/CustomData.cs: d49523017a9f23851db158eaea2801ff -> 
  custom:scripting/monoscript/fileName/SRActionFactory.cs: 6cb7f0a6c20ec38e4610be62bfe55206 -> 
  custom:scripting/monoscript/fileName/SRAction.cs: ef58eb737e49a3b52271615452d512d9 -> 
  custom:video-encoder-webm-vp8: eb34c28f22e8b96e1ab97ce403110664 -> 
  custom:scripting/monoscript/fileName/HiddenData.cs: 1b489c97a3d23394b73da862faf88fdf -> 
  custom:audio-decoder-ogg-vorbis: bf7c407c2cedff20999df2af8eb42d56 -> 
  custom:scripting/monoscript/fileName/IntegerNamedData.cs: 608697fde81a43c41d54201b88e6e311 -> 
  custom:scripting/monoscript/fileName/AssetChangeDetector.cs: 65333c271892a57b3b74113ae0b0e6d4 -> 
  custom:scripting/monoscript/fileName/ContainerData.cs: c5dc4e9b9c3e32e43213d6d81fd37d43 -> 
  custom:scripting/monoscript/fileName/SRDrawerOptions.cs: 2b1003830d2989546caf7126adc49d41 -> 
  custom:scripting/monoscript/fileName/IAssetMissingTypeReport.cs: 22126180f057be89ffb14e06670cf701 -> 
  custom:audio-encoder-webm-vorbis: bf7c407c2cedff20999df2af8eb42d56 -> 
  custom:scripting/precompiled-assembly-types:SRDemo: 12f6be23b5d35fc375ef15de3d23d5b7 -> 
  custom:scripting/monoscript/fileName/MissingTypesLogger.cs: eac8c33766e6330de4c0a44b29a2de78 -> 
  custom:scripting/precompiled-assembly-types:Assembly-CSharp: 5aa5e0aa8c725764d1ef71a1b8ed13e2 -> e24d7867124476b8f6c482295ea6f2d1
  custom:scripting/monoscript/fileName/TypeInfoArrayComparer.cs: 4734a6743c056bda54f6256be31cb96a -> 
  custom:scripting/monoscript/fileName/ScriptableObjectTest.cs: b53441fff951350b341178933e3e23ef -> 
  custom:scripting/monoscript/fileName/ErasePropertySRAction.cs: 4b881b6741f1070c9d03f1dd87107a3b -> 
========================================================================
Received Prepare
Assembly with name 'SRDemo' already exists (Assets/SerializeReferenceEditor/Assets/SREditor/Samples/Demo/SRDemo.asmdef)
Assembly with name 'SRDemo' already exists (Assets/Prefabs/SerializeReferenceEditor/Assets/SREditor/Samples/Demo/SRDemo.asmdef)
Assembly with name 'SREditor-Editor' already exists (Assets/SerializeReferenceEditor/Assets/SREditor/Package/Editor/SREditor-Editor.asmdef)
Assembly with name 'SREditor-Editor' already exists (Assets/Prefabs/SerializeReferenceEditor/Assets/SREditor/Package/Editor/SREditor-Editor.asmdef)
Assembly with name 'NewTest' already exists (Assets/SerializeReferenceEditor/Assets/SREditor/Samples/Demo/NewTests/NewTest.asmdef)
Assembly with name 'NewTest' already exists (Assets/Prefabs/SerializeReferenceEditor/Assets/SREditor/Samples/Demo/NewTests/NewTest.asmdef)
Assembly with name 'SREditor' already exists (Assets/Prefabs/SerializeReferenceEditor/Assets/SREditor/Package/Scripts/SREditor.asmdef)
Assembly with name 'SREditor' already exists (Assets/SerializeReferenceEditor/Assets/SREditor/Package/Scripts/SREditor.asmdef)
Assembly with name 'SRDemo-Editor' already exists (Assets/Prefabs/SerializeReferenceEditor/Assets/SREditor/Samples/Demo/Editor/SRDemo-Editor.asmdef)
Assembly with name 'SRDemo-Editor' already exists (Assets/SerializeReferenceEditor/Assets/SREditor/Samples/Demo/Editor/SRDemo-Editor.asmdef)
Caller must complete domain reload
Assembly with name 'SRDemo' already exists (Assets/SerializeReferenceEditor/Assets/SREditor/Samples/Demo/SRDemo.asmdef)
Assembly with name 'SRDemo' already exists (Assets/Prefabs/SerializeReferenceEditor/Assets/SREditor/Samples/Demo/SRDemo.asmdef)
Assembly with name 'SREditor-Editor' already exists (Assets/SerializeReferenceEditor/Assets/SREditor/Package/Editor/SREditor-Editor.asmdef)
Assembly with name 'SREditor-Editor' already exists (Assets/Prefabs/SerializeReferenceEditor/Assets/SREditor/Package/Editor/SREditor-Editor.asmdef)
Assembly with name 'NewTest' already exists (Assets/SerializeReferenceEditor/Assets/SREditor/Samples/Demo/NewTests/NewTest.asmdef)
Assembly with name 'NewTest' already exists (Assets/Prefabs/SerializeReferenceEditor/Assets/SREditor/Samples/Demo/NewTests/NewTest.asmdef)
Assembly with name 'SREditor' already exists (Assets/Prefabs/SerializeReferenceEditor/Assets/SREditor/Package/Scripts/SREditor.asmdef)
Assembly with name 'SREditor' already exists (Assets/SerializeReferenceEditor/Assets/SREditor/Package/Scripts/SREditor.asmdef)
Assembly with name 'SRDemo-Editor' already exists (Assets/Prefabs/SerializeReferenceEditor/Assets/SREditor/Samples/Demo/Editor/SRDemo-Editor.asmdef)
Assembly with name 'SRDemo-Editor' already exists (Assets/SerializeReferenceEditor/Assets/SREditor/Samples/Demo/Editor/SRDemo-Editor.asmdef)
Begin MonoManager ReloadAssembly
- Loaded All Assemblies, in  0.348 seconds
Native extension for WindowsStandalone target not found
Assembly with name 'SRDemo' already exists (Assets/SerializeReferenceEditor/Assets/SREditor/Samples/Demo/SRDemo.asmdef)
Assembly with name 'SRDemo' already exists (Assets/Prefabs/SerializeReferenceEditor/Assets/SREditor/Samples/Demo/SRDemo.asmdef)
Assembly with name 'SREditor-Editor' already exists (Assets/SerializeReferenceEditor/Assets/SREditor/Package/Editor/SREditor-Editor.asmdef)
Assembly with name 'SREditor-Editor' already exists (Assets/Prefabs/SerializeReferenceEditor/Assets/SREditor/Package/Editor/SREditor-Editor.asmdef)
Assembly with name 'NewTest' already exists (Assets/SerializeReferenceEditor/Assets/SREditor/Samples/Demo/NewTests/NewTest.asmdef)
Assembly with name 'NewTest' already exists (Assets/Prefabs/SerializeReferenceEditor/Assets/SREditor/Samples/Demo/NewTests/NewTest.asmdef)
Assembly with name 'SREditor' already exists (Assets/Prefabs/SerializeReferenceEditor/Assets/SREditor/Package/Scripts/SREditor.asmdef)
Assembly with name 'SREditor' already exists (Assets/SerializeReferenceEditor/Assets/SREditor/Package/Scripts/SREditor.asmdef)
Assembly with name 'SRDemo-Editor' already exists (Assets/Prefabs/SerializeReferenceEditor/Assets/SREditor/Samples/Demo/Editor/SRDemo-Editor.asmdef)
Assembly with name 'SRDemo-Editor' already exists (Assets/SerializeReferenceEditor/Assets/SREditor/Samples/Demo/Editor/SRDemo-Editor.asmdef)
Mono: successfully reloaded assembly
- Finished resetting the current domain, in  0.702 seconds
Domain Reload Profiling: 1049ms
	BeginReloadAssembly (119ms)
		ExecutionOrderSort (0ms)
		DisableScriptedObjects (7ms)
		BackupInstance (0ms)
		ReleaseScriptingObjects (0ms)
		CreateAndSetChildDomain (27ms)
	RebuildCommonClasses (24ms)
	RebuildNativeTypeToScriptingClass (7ms)
	initialDomainReloadingComplete (18ms)
	LoadAllAssembliesAndSetupDomain (180ms)
		LoadAssemblies (221ms)
		RebuildTransferFunctionScriptingTraits (0ms)
		AnalyzeDomain (20ms)
			TypeCache.Refresh (8ms)
				TypeCache.ScanAssembly (1ms)
			ScanForSourceGeneratedMonoScriptInfo (7ms)
			ResolveRequiredComponents (4ms)
	FinalizeReload (702ms)
		ReleaseScriptCaches (0ms)
		RebuildScriptCaches (0ms)
		SetupLoadedEditorAssemblies (433ms)
			LogAssemblyErrors (0ms)
			InitializePlatformSupportModulesInManaged (4ms)
			SetLoadedEditorAssemblies (4ms)
			RefreshPlugins (0ms)
			BeforeProcessingInitializeOnLoad (70ms)
			ProcessInitializeOnLoadAttributes (329ms)
			ProcessInitializeOnLoadMethodAttributes (25ms)
			AfterProcessingInitializeOnLoad (1ms)
			EditorAssembliesLoaded (0ms)
		ExecutionOrderSort2 (0ms)
		AwakeInstancesAfterBackupRestoration (10ms)
Refreshing native plugins compatible for Editor in 1.88 ms, found 4 plugins.
Preloading 0 native plugins for Editor in 0.00 ms.
Unloading 4327 Unused Serialized files (Serialized files now loaded: 0)
Unloading 23 unused Assets / (31.7 KB). Loaded Objects now: 4946.
Memory consumption went from 156.2 MB to 156.2 MB.
Total: 4.153700 ms (FindLiveObjects: 0.378200 ms CreateObjectMapping: 0.094800 ms MarkObjects: 3.635600 ms  DeleteObjects: 0.043300 ms)

Prepare: number of updated asset objects reloaded= 0
AssetImportParameters requested are different than current active one (requested -> active):
  custom:scripting/monoscript/fileName/SRDemoAttribute.cs: b217f8d4e07b14b9940a83b035def963 -> 
  custom:scripting/monoscript/fileName/DrawCardEffect.cs: d9cd090163e949cc8a887419c09c7761 -> 
  custom:scripting/monoscript/fileName/LoadAllScriptableObjects.cs: 8c4c4caa6c9d58a1046ba488534e615c -> 
  custom:container-demuxer-ogg: 62fdf1f143b41e24485cea50d1cbac27 -> 
  custom:scripting/monoscript/fileName/StringData.cs: 899c5872079327f54ed117fc61ea02c0 -> 
  custom:scripting/monoscript/fileName/IAssetsLoader.cs: 8d295a5e2d097f03f5f00e3441d974eb -> 
  custom:scripting/monoscript/fileName/SRTypeTreeFactory.cs: b9f0ea0d3f426034a242fccaec253fa9 -> 
  custom:scripting/monoscript/fileName/TypeReplacer.cs: ae51176d3fdd2e15067fbf3eeb4d1ffd -> 
  custom:scripting/monoscript/fileName/SRTypeCache.cs: cd51da883b797559c225dab095647981 -> 
  custom:video-codec-MediaFoundation-h265: 746d11721c4dcdbdad8f713fa42b33f4 -> 
  custom:scripting/monoscript/fileName/FormerlySerializedTypeAttribute.cs: a2ba12d6f49519a27a785cb6e7cc3b9c -> 
  custom:scripting/monoscript/fileName/IData.cs: 869deb168c5112234ead0b60061e88d4 -> 
  custom:video-decoder-ogg-theora: a1e56fd34408186e4bbccfd4996cb3dc -> 
  custom:scripting/monoscript/fileName/TypeInfo.cs: 3a9ce2b1121b5df65b59d03380de4ab6 -> 
  custom:scripting/monoscript/fileName/InstanceClassSRAction.cs: 78c0331d959a99a60c1adff7e81d3862 -> 
  custom:framework-win-MediaFoundation: 216162199b28c13a410421893ffa2e32 -> 
  custom:scripting/monoscript/fileName/NewBehaviourScript.cs: b21687ddb03d73bd9f0c1daecb9714de -> 
  custom:scripting/monoscript/fileName/ScriptableObjectTestData.cs: 56e0c1e05ef2b3e0ecda33fad772a283 -> 
  custom:scripting/precompiled-assembly-types:SREditor-Editor: 55b5456b5630cab223524f958b1d591b -> 
  custom:scripting/monoscript/fileName/SRDrawer.cs: cbea2dac214fbebe88c1bdc69ad4b45f -> 
  custom:scripting/monoscript/fileName/SRNameAttribute.cs: 1b1dbd11348e161435c454df7cc85608 -> 
  custom:scripting/monoscript/fileName/AbstractData.cs: c2fc160bd7af24ef3912d4546ba164da -> 
  custom:scripting/monoscript/fileName/DataList.cs: ac707c81ae30f006632cf7b337900264 -> 
  custom:scripting/precompiled-assembly-types:NewTest: 1f1ee7a59c4c112b0ac23a43c8848db5 -> 
  custom:scripting/monoscript/fileName/TypeReplaceHelper.cs: 5061a70e5cba90a2f93fbaca5002d92c -> 
  custom:CustomObjectIndexerAttribute: 9a22284fe3817be447336de3de66b15e -> 
  custom:scripting/monoscript/fileName/IntegerData.cs: be3d36b532f74a94814765d5582dd467 -> 
  custom:scripting/monoscript/fileName/TypeReplacerWindow.cs: c75b82325a10408dedd0b6359fe6ec16 -> 
  custom:scripting/monoscript/fileName/NewTestData.cs: d4cd3933424ead977ec2d13d82f8bf32 -> 
  custom:scripting/monoscript/fileName/StringInterfaceData.cs: 3d50b8fc8dd0f40f14ecec98ae9d71bf -> 
  custom:scripting/monoscript/fileName/ProcessingCoordinator.cs: a2cc59e2f1bdaa862f8699f5126d0c16 -> 
  custom:scripting/monoscript/fileName/PerformEffectGA.cs: 7b9d563e7db0f9ce1c3e652db6ec3676 -> 
  custom:scripting/monoscript/fileName/PlayCardGA.cs: 5789139290271257e0b7651fe5863c2e -> 
  custom:scripting/monoscript/fileName/SRFormerlyTypeCache.cs: b7cf08609a0a042a8236322b594b8142 -> 
  custom:container-demuxer-webm: 4f35f7cbe854078d1ac9338744f61a02 -> 
  custom:scripting/monoscript/fileName/SREditorSettings.cs: 3331118a764dc5e43cc7c0d781d392d8 -> 
  custom:scripting/precompiled-assembly-types:SRDemo-Editor: 8adfbed147264f837f3a0482ccfceda7 -> 
  custom:scripting/monoscript/fileName/SRMissingTypesValidator.cs: 46bac1a342b6b1607f4b717707b04fa2 -> 
  custom:scripting/precompiled-assembly-types:SREditor: df3fe5802f2450a7160c4b4df24efb82 -> 
  custom:scripting/monoscript/fileName/CustomDataDrawer.cs: 65ff75100b510d38b07627bf3a1e89c7 -> 
  custom:scripting/monoscript/fileName/DataHolder.cs: b5fe96c290fd369c9489341d8f0c6c3f -> 
  custom:scripting/monoscript/fileName/FloatNamedData.cs: f5fca032bc29de94a8bc17bae6d6c41d -> 
  custom:scripting/monoscript/fileName/SRAttribute.cs: 789115209565033af35d3e3afd3e3310 -> 
  custom:scripting/monoscript/fileName/SRDuplicateCleaner.cs: d225ff68fd10a29da65fb6f03456bf58 -> 
  custom:scripting/monoscript/fileName/StringNamedData.cs: b9ca07eb5bf5f668f896b2406b80c50f -> 
  custom:scripting/monoscript/fileName/PrefabTest.cs: 6b21488e501f2b8de0cbf89d0ebca7f4 -> 
  custom:scripting/monoscript/fileName/FloatData.cs: a36b3dfab935a3cafd5bec620587edb1 -> 
  custom:container-muxer-webm: aa71ff27fc2769a1b78a27578f13a17b -> 
  custom:video-decoder-webm-vp8: 9c59270c3fd7afecdb556c50c9e8de78 -> 
  custom:scripting/monoscript/fileName/ComplexData.cs: a41c3c64cbd5a4249e25f8e18e449ae5 -> 
  custom:scripting/monoscript/fileName/SRMissingTypesValidatorConfig.cs: 311504d3d80993c651daaad954f1305b -> 
  custom:SearchIndexIgnoredProperties: e643bd26f0fe6173181afceb89e7c659 -> 
  custom:AudioImporter_EditorPlatform: d09bf68614088b80899f8185d706f6e7 -> 
  custom:scripting/monoscript/fileName/SRTypesSearchWindowProvider.cs: efc74559e42bc1aa7b7f5150b360d2fb -> 
  custom:scripting/monoscript/fileName/MissingTypesCleaner.cs: d3f00f379b86ec4cc811f9c87e215dd8 -> 
  custom:scripting/monoscript/fileName/SREditorSettingsProvider.cs: 37a99a0352dafd2b90ce1865506af283 -> 
  custom:scripting/monoscript/fileName/AbstractNamedData.cs: e532bceb478b1b5456b1c7ec34accfb2 -> 
  custom:scripting/monoscript/fileName/UnityLogAssetMissingTypeReport.cs: 0623721f233a6cc1458bd3d77272d40b -> 
  custom:scripting/monoscript/fileName/Effect.cs: db0847a469ed795dc13473466caf2c90 -> 
  custom:scripting/monoscript/fileName/SRCashTypeSearchTree.cs: ce95e72afce0c3503f63fc4c4d621b06 -> 
  custom:scripting/monoscript/fileName/SRHiddenAttribute.cs: b80fc48a45fff22c67246a0eb3bb2f52 -> 
  custom:scripting/monoscript/fileName/TypeInfoComparer.cs: f78e3dd8571fb435023b893ff6ab0349 -> 
  custom:scripting/monoscript/fileName/NameService.cs: 0b470d478878f04170f09ea709d96d20 -> 
  custom:scripting/monoscript/fileName/TestData.cs: 30cb1cfce572b4f2dcb721be1e0e9081 -> 
  custom:scripting/monoscript/fileName/CustomData.cs: d49523017a9f23851db158eaea2801ff -> 
  custom:scripting/monoscript/fileName/SRActionFactory.cs: 6cb7f0a6c20ec38e4610be62bfe55206 -> 
  custom:scripting/monoscript/fileName/SRAction.cs: ef58eb737e49a3b52271615452d512d9 -> 
  custom:video-encoder-webm-vp8: eb34c28f22e8b96e1ab97ce403110664 -> 
  custom:scripting/monoscript/fileName/HiddenData.cs: 1b489c97a3d23394b73da862faf88fdf -> 
  custom:audio-decoder-ogg-vorbis: bf7c407c2cedff20999df2af8eb42d56 -> 
  custom:scripting/monoscript/fileName/IntegerNamedData.cs: 608697fde81a43c41d54201b88e6e311 -> 
  custom:scripting/monoscript/fileName/AssetChangeDetector.cs: 65333c271892a57b3b74113ae0b0e6d4 -> 
  custom:scripting/monoscript/fileName/ContainerData.cs: c5dc4e9b9c3e32e43213d6d81fd37d43 -> 
  custom:scripting/monoscript/fileName/SRDrawerOptions.cs: 2b1003830d2989546caf7126adc49d41 -> 
  custom:scripting/monoscript/fileName/IAssetMissingTypeReport.cs: 22126180f057be89ffb14e06670cf701 -> 
  custom:audio-encoder-webm-vorbis: bf7c407c2cedff20999df2af8eb42d56 -> 
  custom:scripting/precompiled-assembly-types:SRDemo: 12f6be23b5d35fc375ef15de3d23d5b7 -> 
  custom:scripting/monoscript/fileName/MissingTypesLogger.cs: eac8c33766e6330de4c0a44b29a2de78 -> 
  custom:scripting/precompiled-assembly-types:Assembly-CSharp: b8738daa09b9acf303f09c4ce4899e9c -> e24d7867124476b8f6c482295ea6f2d1
  custom:scripting/monoscript/fileName/TypeInfoArrayComparer.cs: 4734a6743c056bda54f6256be31cb96a -> 
  custom:scripting/monoscript/fileName/ScriptableObjectTest.cs: b53441fff951350b341178933e3e23ef -> 
  custom:scripting/monoscript/fileName/ErasePropertySRAction.cs: 4b881b6741f1070c9d03f1dd87107a3b -> 
========================================================================
Received Import Request.
  Time since last request: 801.263892 seconds.
  path: Assets/Scripts/GameActions/PerformEffectGA.cs
  artifactKey: Guid(07140a95e69a8c84bbaea74cc5e47fc5) Importer(815301076,1909f56bfc062723c751e8b465ee728b)
Start importing Assets/Scripts/GameActions/PerformEffectGA.cs using Guid(07140a95e69a8c84bbaea74cc5e47fc5) Importer(815301076,1909f56bfc062723c751e8b465ee728b) [PhysX] Initialized MultithreadedTaskDispatcher with 28 workers.
 -> (artifact id: '80d3977aac411072f830158180980914') in 0.004406 seconds
Number of updated asset objects reloaded before import = 0
Number of asset objects unloaded after import = 0
========================================================================
Received Prepare
Assembly with name 'SRDemo' already exists (Assets/SerializeReferenceEditor/Assets/SREditor/Samples/Demo/SRDemo.asmdef)
Assembly with name 'SRDemo' already exists (Assets/Prefabs/SerializeReferenceEditor/Assets/SREditor/Samples/Demo/SRDemo.asmdef)
Assembly with name 'SREditor-Editor' already exists (Assets/SerializeReferenceEditor/Assets/SREditor/Package/Editor/SREditor-Editor.asmdef)
Assembly with name 'SREditor-Editor' already exists (Assets/Prefabs/SerializeReferenceEditor/Assets/SREditor/Package/Editor/SREditor-Editor.asmdef)
Assembly with name 'NewTest' already exists (Assets/SerializeReferenceEditor/Assets/SREditor/Samples/Demo/NewTests/NewTest.asmdef)
Assembly with name 'NewTest' already exists (Assets/Prefabs/SerializeReferenceEditor/Assets/SREditor/Samples/Demo/NewTests/NewTest.asmdef)
Assembly with name 'SREditor' already exists (Assets/Prefabs/SerializeReferenceEditor/Assets/SREditor/Package/Scripts/SREditor.asmdef)
Assembly with name 'SREditor' already exists (Assets/SerializeReferenceEditor/Assets/SREditor/Package/Scripts/SREditor.asmdef)
Assembly with name 'SRDemo-Editor' already exists (Assets/Prefabs/SerializeReferenceEditor/Assets/SREditor/Samples/Demo/Editor/SRDemo-Editor.asmdef)
Assembly with name 'SRDemo-Editor' already exists (Assets/SerializeReferenceEditor/Assets/SREditor/Samples/Demo/Editor/SRDemo-Editor.asmdef)
Caller must complete domain reload
Assembly with name 'SRDemo' already exists (Assets/SerializeReferenceEditor/Assets/SREditor/Samples/Demo/SRDemo.asmdef)
Assembly with name 'SRDemo' already exists (Assets/Prefabs/SerializeReferenceEditor/Assets/SREditor/Samples/Demo/SRDemo.asmdef)
Assembly with name 'SREditor-Editor' already exists (Assets/SerializeReferenceEditor/Assets/SREditor/Package/Editor/SREditor-Editor.asmdef)
Assembly with name 'SREditor-Editor' already exists (Assets/Prefabs/SerializeReferenceEditor/Assets/SREditor/Package/Editor/SREditor-Editor.asmdef)
Assembly with name 'NewTest' already exists (Assets/SerializeReferenceEditor/Assets/SREditor/Samples/Demo/NewTests/NewTest.asmdef)
Assembly with name 'NewTest' already exists (Assets/Prefabs/SerializeReferenceEditor/Assets/SREditor/Samples/Demo/NewTests/NewTest.asmdef)
Assembly with name 'SREditor' already exists (Assets/Prefabs/SerializeReferenceEditor/Assets/SREditor/Package/Scripts/SREditor.asmdef)
Assembly with name 'SREditor' already exists (Assets/SerializeReferenceEditor/Assets/SREditor/Package/Scripts/SREditor.asmdef)
Assembly with name 'SRDemo-Editor' already exists (Assets/Prefabs/SerializeReferenceEditor/Assets/SREditor/Samples/Demo/Editor/SRDemo-Editor.asmdef)
Assembly with name 'SRDemo-Editor' already exists (Assets/SerializeReferenceEditor/Assets/SREditor/Samples/Demo/Editor/SRDemo-Editor.asmdef)
Begin MonoManager ReloadAssembly
- Loaded All Assemblies, in  0.348 seconds
Native extension for WindowsStandalone target not found
Assembly with name 'SRDemo' already exists (Assets/SerializeReferenceEditor/Assets/SREditor/Samples/Demo/SRDemo.asmdef)
Assembly with name 'SRDemo' already exists (Assets/Prefabs/SerializeReferenceEditor/Assets/SREditor/Samples/Demo/SRDemo.asmdef)
Assembly with name 'SREditor-Editor' already exists (Assets/SerializeReferenceEditor/Assets/SREditor/Package/Editor/SREditor-Editor.asmdef)
Assembly with name 'SREditor-Editor' already exists (Assets/Prefabs/SerializeReferenceEditor/Assets/SREditor/Package/Editor/SREditor-Editor.asmdef)
Assembly with name 'NewTest' already exists (Assets/SerializeReferenceEditor/Assets/SREditor/Samples/Demo/NewTests/NewTest.asmdef)
Assembly with name 'NewTest' already exists (Assets/Prefabs/SerializeReferenceEditor/Assets/SREditor/Samples/Demo/NewTests/NewTest.asmdef)
Assembly with name 'SREditor' already exists (Assets/Prefabs/SerializeReferenceEditor/Assets/SREditor/Package/Scripts/SREditor.asmdef)
Assembly with name 'SREditor' already exists (Assets/SerializeReferenceEditor/Assets/SREditor/Package/Scripts/SREditor.asmdef)
Assembly with name 'SRDemo-Editor' already exists (Assets/Prefabs/SerializeReferenceEditor/Assets/SREditor/Samples/Demo/Editor/SRDemo-Editor.asmdef)
Assembly with name 'SRDemo-Editor' already exists (Assets/SerializeReferenceEditor/Assets/SREditor/Samples/Demo/Editor/SRDemo-Editor.asmdef)
Mono: successfully reloaded assembly
- Finished resetting the current domain, in  0.791 seconds
Domain Reload Profiling: 1139ms
	BeginReloadAssembly (120ms)
		ExecutionOrderSort (0ms)
		DisableScriptedObjects (7ms)
		BackupInstance (0ms)
		ReleaseScriptingObjects (0ms)
		CreateAndSetChildDomain (29ms)
	RebuildCommonClasses (24ms)
	RebuildNativeTypeToScriptingClass (7ms)
	initialDomainReloadingComplete (18ms)
	LoadAllAssembliesAndSetupDomain (178ms)
		LoadAssemblies (219ms)
		RebuildTransferFunctionScriptingTraits (0ms)
		AnalyzeDomain (20ms)
			TypeCache.Refresh (9ms)
				TypeCache.ScanAssembly (1ms)
			ScanForSourceGeneratedMonoScriptInfo (6ms)
			ResolveRequiredComponents (4ms)
	FinalizeReload (792ms)
		ReleaseScriptCaches (0ms)
		RebuildScriptCaches (0ms)
		SetupLoadedEditorAssemblies (480ms)
			LogAssemblyErrors (0ms)
			InitializePlatformSupportModulesInManaged (4ms)
			SetLoadedEditorAssemblies (3ms)
			RefreshPlugins (0ms)
			BeforeProcessingInitializeOnLoad (74ms)
			ProcessInitializeOnLoadAttributes (361ms)
			ProcessInitializeOnLoadMethodAttributes (35ms)
			AfterProcessingInitializeOnLoad (3ms)
			EditorAssembliesLoaded (0ms)
		ExecutionOrderSort2 (0ms)
		AwakeInstancesAfterBackupRestoration (12ms)
Refreshing native plugins compatible for Editor in 2.78 ms, found 4 plugins.
Preloading 0 native plugins for Editor in 0.00 ms.
Unloading 4327 Unused Serialized files (Serialized files now loaded: 0)
Unloading 23 unused Assets / (31.8 KB). Loaded Objects now: 4952.
Memory consumption went from 156.0 MB to 156.0 MB.
Total: 3.560600 ms (FindLiveObjects: 0.371300 ms CreateObjectMapping: 0.074300 ms MarkObjects: 3.040500 ms  DeleteObjects: 0.073100 ms)

Prepare: number of updated asset objects reloaded= 0
AssetImportParameters requested are different than current active one (requested -> active):
  custom:scripting/monoscript/fileName/SRDemoAttribute.cs: b217f8d4e07b14b9940a83b035def963 -> 
  custom:scripting/monoscript/fileName/DrawCardEffect.cs: d9cd090163e949cc8a887419c09c7761 -> 
  custom:scripting/monoscript/fileName/LoadAllScriptableObjects.cs: 8c4c4caa6c9d58a1046ba488534e615c -> 
  custom:container-demuxer-ogg: 62fdf1f143b41e24485cea50d1cbac27 -> 
  custom:scripting/monoscript/fileName/StringData.cs: 899c5872079327f54ed117fc61ea02c0 -> 
  custom:scripting/monoscript/fileName/IAssetsLoader.cs: 8d295a5e2d097f03f5f00e3441d974eb -> 
  custom:scripting/monoscript/fileName/SRTypeTreeFactory.cs: b9f0ea0d3f426034a242fccaec253fa9 -> 
  custom:scripting/monoscript/fileName/TypeReplacer.cs: ae51176d3fdd2e15067fbf3eeb4d1ffd -> 
  custom:scripting/monoscript/fileName/SRTypeCache.cs: cd51da883b797559c225dab095647981 -> 
  custom:video-codec-MediaFoundation-h265: 746d11721c4dcdbdad8f713fa42b33f4 -> 
  custom:scripting/monoscript/fileName/FormerlySerializedTypeAttribute.cs: a2ba12d6f49519a27a785cb6e7cc3b9c -> 
  custom:scripting/monoscript/fileName/IData.cs: 869deb168c5112234ead0b60061e88d4 -> 
  custom:video-decoder-ogg-theora: a1e56fd34408186e4bbccfd4996cb3dc -> 
  custom:scripting/monoscript/fileName/TypeInfo.cs: 3a9ce2b1121b5df65b59d03380de4ab6 -> 
  custom:scripting/monoscript/fileName/InstanceClassSRAction.cs: 78c0331d959a99a60c1adff7e81d3862 -> 
  custom:framework-win-MediaFoundation: 216162199b28c13a410421893ffa2e32 -> 
  custom:scripting/monoscript/fileName/NewBehaviourScript.cs: b21687ddb03d73bd9f0c1daecb9714de -> 
  custom:scripting/monoscript/fileName/ScriptableObjectTestData.cs: 56e0c1e05ef2b3e0ecda33fad772a283 -> 
  custom:scripting/monoscript/fileName/EffectSystem.cs: b0ad6e16ec836c7041e32797dc41491c -> 
  custom:scripting/precompiled-assembly-types:SREditor-Editor: 55b5456b5630cab223524f958b1d591b -> 
  custom:scripting/monoscript/fileName/SRDrawer.cs: cbea2dac214fbebe88c1bdc69ad4b45f -> 
  custom:scripting/monoscript/fileName/SRNameAttribute.cs: 1b1dbd11348e161435c454df7cc85608 -> 
  custom:scripting/monoscript/fileName/AbstractData.cs: c2fc160bd7af24ef3912d4546ba164da -> 
  custom:scripting/monoscript/fileName/DataList.cs: ac707c81ae30f006632cf7b337900264 -> 
  custom:scripting/precompiled-assembly-types:NewTest: 1f1ee7a59c4c112b0ac23a43c8848db5 -> 
  custom:scripting/monoscript/fileName/TypeReplaceHelper.cs: 5061a70e5cba90a2f93fbaca5002d92c -> 
  custom:CustomObjectIndexerAttribute: 9a22284fe3817be447336de3de66b15e -> 
  custom:scripting/monoscript/fileName/IntegerData.cs: be3d36b532f74a94814765d5582dd467 -> 
  custom:scripting/monoscript/fileName/TypeReplacerWindow.cs: c75b82325a10408dedd0b6359fe6ec16 -> 
  custom:scripting/monoscript/fileName/NewTestData.cs: d4cd3933424ead977ec2d13d82f8bf32 -> 
  custom:scripting/monoscript/fileName/StringInterfaceData.cs: 3d50b8fc8dd0f40f14ecec98ae9d71bf -> 
  custom:scripting/monoscript/fileName/ProcessingCoordinator.cs: a2cc59e2f1bdaa862f8699f5126d0c16 -> 
  custom:scripting/monoscript/fileName/PerformEffectGA.cs: 7b9d563e7db0f9ce1c3e652db6ec3676 -> 
  custom:scripting/monoscript/fileName/PlayCardGA.cs: 5789139290271257e0b7651fe5863c2e -> 
  custom:scripting/monoscript/fileName/SRFormerlyTypeCache.cs: b7cf08609a0a042a8236322b594b8142 -> 
  custom:container-demuxer-webm: 4f35f7cbe854078d1ac9338744f61a02 -> 
  custom:scripting/monoscript/fileName/SREditorSettings.cs: 3331118a764dc5e43cc7c0d781d392d8 -> 
  custom:scripting/precompiled-assembly-types:SRDemo-Editor: 8adfbed147264f837f3a0482ccfceda7 -> 
  custom:scripting/monoscript/fileName/SRMissingTypesValidator.cs: 46bac1a342b6b1607f4b717707b04fa2 -> 
  custom:scripting/precompiled-assembly-types:SREditor: df3fe5802f2450a7160c4b4df24efb82 -> 
  custom:scripting/monoscript/fileName/CustomDataDrawer.cs: 65ff75100b510d38b07627bf3a1e89c7 -> 
  custom:scripting/monoscript/fileName/DataHolder.cs: b5fe96c290fd369c9489341d8f0c6c3f -> 
  custom:scripting/monoscript/fileName/FloatNamedData.cs: f5fca032bc29de94a8bc17bae6d6c41d -> 
  custom:scripting/monoscript/fileName/SRAttribute.cs: 789115209565033af35d3e3afd3e3310 -> 
  custom:scripting/monoscript/fileName/SRDuplicateCleaner.cs: d225ff68fd10a29da65fb6f03456bf58 -> 
  custom:scripting/monoscript/fileName/StringNamedData.cs: b9ca07eb5bf5f668f896b2406b80c50f -> 
  custom:scripting/monoscript/fileName/PrefabTest.cs: 6b21488e501f2b8de0cbf89d0ebca7f4 -> 
  custom:scripting/monoscript/fileName/FloatData.cs: a36b3dfab935a3cafd5bec620587edb1 -> 
  custom:container-muxer-webm: aa71ff27fc2769a1b78a27578f13a17b -> 
  custom:video-decoder-webm-vp8: 9c59270c3fd7afecdb556c50c9e8de78 -> 
  custom:scripting/monoscript/fileName/ComplexData.cs: a41c3c64cbd5a4249e25f8e18e449ae5 -> 
  custom:scripting/monoscript/fileName/SRMissingTypesValidatorConfig.cs: 311504d3d80993c651daaad954f1305b -> 
  custom:SearchIndexIgnoredProperties: e643bd26f0fe6173181afceb89e7c659 -> 
  custom:AudioImporter_EditorPlatform: d09bf68614088b80899f8185d706f6e7 -> 
  custom:scripting/monoscript/fileName/SRTypesSearchWindowProvider.cs: efc74559e42bc1aa7b7f5150b360d2fb -> 
  custom:scripting/monoscript/fileName/MissingTypesCleaner.cs: d3f00f379b86ec4cc811f9c87e215dd8 -> 
  custom:scripting/monoscript/fileName/SREditorSettingsProvider.cs: 37a99a0352dafd2b90ce1865506af283 -> 
  custom:scripting/monoscript/fileName/AbstractNamedData.cs: e532bceb478b1b5456b1c7ec34accfb2 -> 
  custom:scripting/monoscript/fileName/UnityLogAssetMissingTypeReport.cs: 0623721f233a6cc1458bd3d77272d40b -> 
  custom:scripting/monoscript/fileName/Effect.cs: db0847a469ed795dc13473466caf2c90 -> 
  custom:scripting/monoscript/fileName/SRCashTypeSearchTree.cs: ce95e72afce0c3503f63fc4c4d621b06 -> 
  custom:scripting/monoscript/fileName/SRHiddenAttribute.cs: b80fc48a45fff22c67246a0eb3bb2f52 -> 
  custom:scripting/monoscript/fileName/TypeInfoComparer.cs: f78e3dd8571fb435023b893ff6ab0349 -> 
  custom:scripting/monoscript/fileName/NameService.cs: 0b470d478878f04170f09ea709d96d20 -> 
  custom:scripting/monoscript/fileName/TestData.cs: 30cb1cfce572b4f2dcb721be1e0e9081 -> 
  custom:scripting/monoscript/fileName/CustomData.cs: d49523017a9f23851db158eaea2801ff -> 
  custom:scripting/monoscript/fileName/SRActionFactory.cs: 6cb7f0a6c20ec38e4610be62bfe55206 -> 
  custom:scripting/monoscript/fileName/SRAction.cs: ef58eb737e49a3b52271615452d512d9 -> 
  custom:video-encoder-webm-vp8: eb34c28f22e8b96e1ab97ce403110664 -> 
  custom:scripting/monoscript/fileName/HiddenData.cs: 1b489c97a3d23394b73da862faf88fdf -> 
  custom:audio-decoder-ogg-vorbis: bf7c407c2cedff20999df2af8eb42d56 -> 
  custom:scripting/monoscript/fileName/IntegerNamedData.cs: 608697fde81a43c41d54201b88e6e311 -> 
  custom:scripting/monoscript/fileName/AssetChangeDetector.cs: 65333c271892a57b3b74113ae0b0e6d4 -> 
  custom:scripting/monoscript/fileName/ContainerData.cs: c5dc4e9b9c3e32e43213d6d81fd37d43 -> 
  custom:scripting/monoscript/fileName/SRDrawerOptions.cs: 2b1003830d2989546caf7126adc49d41 -> 
  custom:scripting/monoscript/fileName/IAssetMissingTypeReport.cs: 22126180f057be89ffb14e06670cf701 -> 
  custom:audio-encoder-webm-vorbis: bf7c407c2cedff20999df2af8eb42d56 -> 
  custom:scripting/precompiled-assembly-types:SRDemo: 12f6be23b5d35fc375ef15de3d23d5b7 -> 
  custom:scripting/monoscript/fileName/MissingTypesLogger.cs: eac8c33766e6330de4c0a44b29a2de78 -> 
  custom:scripting/precompiled-assembly-types:Assembly-CSharp: 39f86e0a0c736f791113ab5b6fb5c9be -> e24d7867124476b8f6c482295ea6f2d1
  custom:scripting/monoscript/fileName/TypeInfoArrayComparer.cs: 4734a6743c056bda54f6256be31cb96a -> 
  custom:scripting/monoscript/fileName/ScriptableObjectTest.cs: b53441fff951350b341178933e3e23ef -> 
  custom:scripting/monoscript/fileName/ErasePropertySRAction.cs: 4b881b6741f1070c9d03f1dd87107a3b -> 
========================================================================
Received Prepare
Assembly with name 'SRDemo' already exists (Assets/SerializeReferenceEditor/Assets/SREditor/Samples/Demo/SRDemo.asmdef)
Assembly with name 'SRDemo' already exists (Assets/Prefabs/SerializeReferenceEditor/Assets/SREditor/Samples/Demo/SRDemo.asmdef)
Assembly with name 'SREditor-Editor' already exists (Assets/SerializeReferenceEditor/Assets/SREditor/Package/Editor/SREditor-Editor.asmdef)
Assembly with name 'SREditor-Editor' already exists (Assets/Prefabs/SerializeReferenceEditor/Assets/SREditor/Package/Editor/SREditor-Editor.asmdef)
Assembly with name 'NewTest' already exists (Assets/SerializeReferenceEditor/Assets/SREditor/Samples/Demo/NewTests/NewTest.asmdef)
Assembly with name 'NewTest' already exists (Assets/Prefabs/SerializeReferenceEditor/Assets/SREditor/Samples/Demo/NewTests/NewTest.asmdef)
Assembly with name 'SREditor' already exists (Assets/Prefabs/SerializeReferenceEditor/Assets/SREditor/Package/Scripts/SREditor.asmdef)
Assembly with name 'SREditor' already exists (Assets/SerializeReferenceEditor/Assets/SREditor/Package/Scripts/SREditor.asmdef)
Assembly with name 'SRDemo-Editor' already exists (Assets/Prefabs/SerializeReferenceEditor/Assets/SREditor/Samples/Demo/Editor/SRDemo-Editor.asmdef)
Assembly with name 'SRDemo-Editor' already exists (Assets/SerializeReferenceEditor/Assets/SREditor/Samples/Demo/Editor/SRDemo-Editor.asmdef)
Caller must complete domain reload
Assembly with name 'SRDemo' already exists (Assets/SerializeReferenceEditor/Assets/SREditor/Samples/Demo/SRDemo.asmdef)
Assembly with name 'SRDemo' already exists (Assets/Prefabs/SerializeReferenceEditor/Assets/SREditor/Samples/Demo/SRDemo.asmdef)
Assembly with name 'SREditor-Editor' already exists (Assets/SerializeReferenceEditor/Assets/SREditor/Package/Editor/SREditor-Editor.asmdef)
Assembly with name 'SREditor-Editor' already exists (Assets/Prefabs/SerializeReferenceEditor/Assets/SREditor/Package/Editor/SREditor-Editor.asmdef)
Assembly with name 'NewTest' already exists (Assets/SerializeReferenceEditor/Assets/SREditor/Samples/Demo/NewTests/NewTest.asmdef)
Assembly with name 'NewTest' already exists (Assets/Prefabs/SerializeReferenceEditor/Assets/SREditor/Samples/Demo/NewTests/NewTest.asmdef)
Assembly with name 'SREditor' already exists (Assets/Prefabs/SerializeReferenceEditor/Assets/SREditor/Package/Scripts/SREditor.asmdef)
Assembly with name 'SREditor' already exists (Assets/SerializeReferenceEditor/Assets/SREditor/Package/Scripts/SREditor.asmdef)
Assembly with name 'SRDemo-Editor' already exists (Assets/Prefabs/SerializeReferenceEditor/Assets/SREditor/Samples/Demo/Editor/SRDemo-Editor.asmdef)
Assembly with name 'SRDemo-Editor' already exists (Assets/SerializeReferenceEditor/Assets/SREditor/Samples/Demo/Editor/SRDemo-Editor.asmdef)
Begin MonoManager ReloadAssembly
- Loaded All Assemblies, in  0.415 seconds
Native extension for WindowsStandalone target not found
Assembly with name 'SRDemo' already exists (Assets/SerializeReferenceEditor/Assets/SREditor/Samples/Demo/SRDemo.asmdef)
Assembly with name 'SRDemo' already exists (Assets/Prefabs/SerializeReferenceEditor/Assets/SREditor/Samples/Demo/SRDemo.asmdef)
Assembly with name 'SREditor-Editor' already exists (Assets/SerializeReferenceEditor/Assets/SREditor/Package/Editor/SREditor-Editor.asmdef)
Assembly with name 'SREditor-Editor' already exists (Assets/Prefabs/SerializeReferenceEditor/Assets/SREditor/Package/Editor/SREditor-Editor.asmdef)
Assembly with name 'NewTest' already exists (Assets/SerializeReferenceEditor/Assets/SREditor/Samples/Demo/NewTests/NewTest.asmdef)
Assembly with name 'NewTest' already exists (Assets/Prefabs/SerializeReferenceEditor/Assets/SREditor/Samples/Demo/NewTests/NewTest.asmdef)
Assembly with name 'SREditor' already exists (Assets/Prefabs/SerializeReferenceEditor/Assets/SREditor/Package/Scripts/SREditor.asmdef)
Assembly with name 'SREditor' already exists (Assets/SerializeReferenceEditor/Assets/SREditor/Package/Scripts/SREditor.asmdef)
Assembly with name 'SRDemo-Editor' already exists (Assets/Prefabs/SerializeReferenceEditor/Assets/SREditor/Samples/Demo/Editor/SRDemo-Editor.asmdef)
Assembly with name 'SRDemo-Editor' already exists (Assets/SerializeReferenceEditor/Assets/SREditor/Samples/Demo/Editor/SRDemo-Editor.asmdef)
Mono: successfully reloaded assembly
- Finished resetting the current domain, in  0.848 seconds
Domain Reload Profiling: 1264ms
	BeginReloadAssembly (124ms)
		ExecutionOrderSort (0ms)
		DisableScriptedObjects (10ms)
		BackupInstance (0ms)
		ReleaseScriptingObjects (0ms)
		CreateAndSetChildDomain (27ms)
	RebuildCommonClasses (25ms)
	RebuildNativeTypeToScriptingClass (9ms)
	initialDomainReloadingComplete (21ms)
	LoadAllAssembliesAndSetupDomain (236ms)
		LoadAssemblies (268ms)
		RebuildTransferFunctionScriptingTraits (0ms)
		AnalyzeDomain (29ms)
			TypeCache.Refresh (12ms)
				TypeCache.ScanAssembly (1ms)
			ScanForSourceGeneratedMonoScriptInfo (11ms)
			ResolveRequiredComponents (4ms)
	FinalizeReload (848ms)
		ReleaseScriptCaches (0ms)
		RebuildScriptCaches (0ms)
		SetupLoadedEditorAssemblies (430ms)
			LogAssemblyErrors (0ms)
			InitializePlatformSupportModulesInManaged (4ms)
			SetLoadedEditorAssemblies (3ms)
			RefreshPlugins (0ms)
			BeforeProcessingInitializeOnLoad (71ms)
			ProcessInitializeOnLoadAttributes (322ms)
			ProcessInitializeOnLoadMethodAttributes (28ms)
			AfterProcessingInitializeOnLoad (1ms)
			EditorAssembliesLoaded (0ms)
		ExecutionOrderSort2 (0ms)
		AwakeInstancesAfterBackupRestoration (11ms)
Refreshing native plugins compatible for Editor in 1.70 ms, found 4 plugins.
Preloading 0 native plugins for Editor in 0.00 ms.
Unloading 4328 Unused Serialized files (Serialized files now loaded: 0)
Unloading 23 unused Assets / (31.7 KB). Loaded Objects now: 4957.
Memory consumption went from 156.3 MB to 156.2 MB.
Total: 4.517700 ms (FindLiveObjects: 0.208800 ms CreateObjectMapping: 0.064500 ms MarkObjects: 4.187000 ms  DeleteObjects: 0.055400 ms)

Prepare: number of updated asset objects reloaded= 0
AssetImportParameters requested are different than current active one (requested -> active):
  custom:scripting/monoscript/fileName/SRDemoAttribute.cs: b217f8d4e07b14b9940a83b035def963 -> 
  custom:scripting/monoscript/fileName/DrawCardEffect.cs: d9cd090163e949cc8a887419c09c7761 -> 
  custom:scripting/monoscript/fileName/LoadAllScriptableObjects.cs: 8c4c4caa6c9d58a1046ba488534e615c -> 
  custom:container-demuxer-ogg: 62fdf1f143b41e24485cea50d1cbac27 -> 
  custom:scripting/monoscript/fileName/StringData.cs: 899c5872079327f54ed117fc61ea02c0 -> 
  custom:scripting/monoscript/fileName/IAssetsLoader.cs: 8d295a5e2d097f03f5f00e3441d974eb -> 
  custom:scripting/monoscript/fileName/SRTypeTreeFactory.cs: b9f0ea0d3f426034a242fccaec253fa9 -> 
  custom:scripting/monoscript/fileName/TypeReplacer.cs: ae51176d3fdd2e15067fbf3eeb4d1ffd -> 
  custom:scripting/monoscript/fileName/SRTypeCache.cs: cd51da883b797559c225dab095647981 -> 
  custom:video-codec-MediaFoundation-h265: 746d11721c4dcdbdad8f713fa42b33f4 -> 
  custom:scripting/monoscript/fileName/FormerlySerializedTypeAttribute.cs: a2ba12d6f49519a27a785cb6e7cc3b9c -> 
  custom:scripting/monoscript/fileName/IData.cs: 869deb168c5112234ead0b60061e88d4 -> 
  custom:video-decoder-ogg-theora: a1e56fd34408186e4bbccfd4996cb3dc -> 
  custom:scripting/monoscript/fileName/TypeInfo.cs: 3a9ce2b1121b5df65b59d03380de4ab6 -> 
  custom:scripting/monoscript/fileName/InstanceClassSRAction.cs: 78c0331d959a99a60c1adff7e81d3862 -> 
  custom:framework-win-MediaFoundation: 216162199b28c13a410421893ffa2e32 -> 
  custom:scripting/monoscript/fileName/NewBehaviourScript.cs: b21687ddb03d73bd9f0c1daecb9714de -> 
  custom:scripting/monoscript/fileName/ScriptableObjectTestData.cs: 56e0c1e05ef2b3e0ecda33fad772a283 -> 
  custom:scripting/monoscript/fileName/EffectSystem.cs: b0ad6e16ec836c7041e32797dc41491c -> 
  custom:scripting/precompiled-assembly-types:SREditor-Editor: 55b5456b5630cab223524f958b1d591b -> 
  custom:scripting/monoscript/fileName/SRDrawer.cs: cbea2dac214fbebe88c1bdc69ad4b45f -> 
  custom:scripting/monoscript/fileName/SRNameAttribute.cs: 1b1dbd11348e161435c454df7cc85608 -> 
  custom:scripting/monoscript/fileName/AbstractData.cs: c2fc160bd7af24ef3912d4546ba164da -> 
  custom:scripting/monoscript/fileName/DataList.cs: ac707c81ae30f006632cf7b337900264 -> 
  custom:scripting/precompiled-assembly-types:NewTest: 1f1ee7a59c4c112b0ac23a43c8848db5 -> 
  custom:scripting/monoscript/fileName/TypeReplaceHelper.cs: 5061a70e5cba90a2f93fbaca5002d92c -> 
  custom:CustomObjectIndexerAttribute: 9a22284fe3817be447336de3de66b15e -> 
  custom:scripting/monoscript/fileName/IntegerData.cs: be3d36b532f74a94814765d5582dd467 -> 
  custom:scripting/monoscript/fileName/TypeReplacerWindow.cs: c75b82325a10408dedd0b6359fe6ec16 -> 
  custom:scripting/monoscript/fileName/NewTestData.cs: d4cd3933424ead977ec2d13d82f8bf32 -> 
  custom:scripting/monoscript/fileName/StringInterfaceData.cs: 3d50b8fc8dd0f40f14ecec98ae9d71bf -> 
  custom:scripting/monoscript/fileName/ProcessingCoordinator.cs: a2cc59e2f1bdaa862f8699f5126d0c16 -> 
  custom:scripting/monoscript/fileName/PerformEffectGA.cs: 7b9d563e7db0f9ce1c3e652db6ec3676 -> 
  custom:scripting/monoscript/fileName/PlayCardGA.cs: 5789139290271257e0b7651fe5863c2e -> 
  custom:scripting/monoscript/fileName/SRFormerlyTypeCache.cs: b7cf08609a0a042a8236322b594b8142 -> 
  custom:container-demuxer-webm: 4f35f7cbe854078d1ac9338744f61a02 -> 
  custom:scripting/monoscript/fileName/SREditorSettings.cs: 3331118a764dc5e43cc7c0d781d392d8 -> 
  custom:scripting/precompiled-assembly-types:SRDemo-Editor: 8adfbed147264f837f3a0482ccfceda7 -> 
  custom:scripting/monoscript/fileName/SRMissingTypesValidator.cs: 46bac1a342b6b1607f4b717707b04fa2 -> 
  custom:scripting/precompiled-assembly-types:SREditor: df3fe5802f2450a7160c4b4df24efb82 -> 
  custom:scripting/monoscript/fileName/CustomDataDrawer.cs: 65ff75100b510d38b07627bf3a1e89c7 -> 
  custom:scripting/monoscript/fileName/DataHolder.cs: b5fe96c290fd369c9489341d8f0c6c3f -> 
  custom:scripting/monoscript/fileName/FloatNamedData.cs: f5fca032bc29de94a8bc17bae6d6c41d -> 
  custom:scripting/monoscript/fileName/SRAttribute.cs: 789115209565033af35d3e3afd3e3310 -> 
  custom:scripting/monoscript/fileName/SRDuplicateCleaner.cs: d225ff68fd10a29da65fb6f03456bf58 -> 
  custom:scripting/monoscript/fileName/StringNamedData.cs: b9ca07eb5bf5f668f896b2406b80c50f -> 
  custom:scripting/monoscript/fileName/PrefabTest.cs: 6b21488e501f2b8de0cbf89d0ebca7f4 -> 
  custom:scripting/monoscript/fileName/FloatData.cs: a36b3dfab935a3cafd5bec620587edb1 -> 
  custom:container-muxer-webm: aa71ff27fc2769a1b78a27578f13a17b -> 
  custom:video-decoder-webm-vp8: 9c59270c3fd7afecdb556c50c9e8de78 -> 
  custom:scripting/monoscript/fileName/ComplexData.cs: a41c3c64cbd5a4249e25f8e18e449ae5 -> 
  custom:scripting/monoscript/fileName/SRMissingTypesValidatorConfig.cs: 311504d3d80993c651daaad954f1305b -> 
  custom:SearchIndexIgnoredProperties: e643bd26f0fe6173181afceb89e7c659 -> 
  custom:AudioImporter_EditorPlatform: d09bf68614088b80899f8185d706f6e7 -> 
  custom:scripting/monoscript/fileName/SRTypesSearchWindowProvider.cs: efc74559e42bc1aa7b7f5150b360d2fb -> 
  custom:scripting/monoscript/fileName/MissingTypesCleaner.cs: d3f00f379b86ec4cc811f9c87e215dd8 -> 
  custom:scripting/monoscript/fileName/SREditorSettingsProvider.cs: 37a99a0352dafd2b90ce1865506af283 -> 
  custom:scripting/monoscript/fileName/AbstractNamedData.cs: e532bceb478b1b5456b1c7ec34accfb2 -> 
  custom:scripting/monoscript/fileName/UnityLogAssetMissingTypeReport.cs: 0623721f233a6cc1458bd3d77272d40b -> 
  custom:scripting/monoscript/fileName/Effect.cs: db0847a469ed795dc13473466caf2c90 -> 
  custom:scripting/monoscript/fileName/SRCashTypeSearchTree.cs: ce95e72afce0c3503f63fc4c4d621b06 -> 
  custom:scripting/monoscript/fileName/SRHiddenAttribute.cs: b80fc48a45fff22c67246a0eb3bb2f52 -> 
  custom:scripting/monoscript/fileName/TypeInfoComparer.cs: f78e3dd8571fb435023b893ff6ab0349 -> 
  custom:scripting/monoscript/fileName/NameService.cs: 0b470d478878f04170f09ea709d96d20 -> 
  custom:scripting/monoscript/fileName/TestData.cs: 30cb1cfce572b4f2dcb721be1e0e9081 -> 
  custom:scripting/monoscript/fileName/CustomData.cs: d49523017a9f23851db158eaea2801ff -> 
  custom:scripting/monoscript/fileName/SRActionFactory.cs: 6cb7f0a6c20ec38e4610be62bfe55206 -> 
  custom:scripting/monoscript/fileName/SRAction.cs: ef58eb737e49a3b52271615452d512d9 -> 
  custom:video-encoder-webm-vp8: eb34c28f22e8b96e1ab97ce403110664 -> 
  custom:scripting/monoscript/fileName/HiddenData.cs: 1b489c97a3d23394b73da862faf88fdf -> 
  custom:audio-decoder-ogg-vorbis: bf7c407c2cedff20999df2af8eb42d56 -> 
  custom:scripting/monoscript/fileName/IntegerNamedData.cs: 608697fde81a43c41d54201b88e6e311 -> 
  custom:scripting/monoscript/fileName/AssetChangeDetector.cs: 65333c271892a57b3b74113ae0b0e6d4 -> 
  custom:scripting/monoscript/fileName/ContainerData.cs: c5dc4e9b9c3e32e43213d6d81fd37d43 -> 
  custom:scripting/monoscript/fileName/SRDrawerOptions.cs: 2b1003830d2989546caf7126adc49d41 -> 
  custom:scripting/monoscript/fileName/IAssetMissingTypeReport.cs: 22126180f057be89ffb14e06670cf701 -> 
  custom:audio-encoder-webm-vorbis: bf7c407c2cedff20999df2af8eb42d56 -> 
  custom:scripting/precompiled-assembly-types:SRDemo: 12f6be23b5d35fc375ef15de3d23d5b7 -> 
  custom:scripting/monoscript/fileName/MissingTypesLogger.cs: eac8c33766e6330de4c0a44b29a2de78 -> 
  custom:scripting/precompiled-assembly-types:Assembly-CSharp: 28ce7a9767d4a546d38c62b63d92516f -> e24d7867124476b8f6c482295ea6f2d1
  custom:scripting/monoscript/fileName/TypeInfoArrayComparer.cs: 4734a6743c056bda54f6256be31cb96a -> 
  custom:scripting/monoscript/fileName/ScriptableObjectTest.cs: b53441fff951350b341178933e3e23ef -> 
  custom:scripting/monoscript/fileName/ErasePropertySRAction.cs: 4b881b6741f1070c9d03f1dd87107a3b -> 
========================================================================
Received Prepare
Assembly with name 'SRDemo' already exists (Assets/SerializeReferenceEditor/Assets/SREditor/Samples/Demo/SRDemo.asmdef)
Assembly with name 'SRDemo' already exists (Assets/Prefabs/SerializeReferenceEditor/Assets/SREditor/Samples/Demo/SRDemo.asmdef)
Assembly with name 'SREditor-Editor' already exists (Assets/SerializeReferenceEditor/Assets/SREditor/Package/Editor/SREditor-Editor.asmdef)
Assembly with name 'SREditor-Editor' already exists (Assets/Prefabs/SerializeReferenceEditor/Assets/SREditor/Package/Editor/SREditor-Editor.asmdef)
Assembly with name 'NewTest' already exists (Assets/SerializeReferenceEditor/Assets/SREditor/Samples/Demo/NewTests/NewTest.asmdef)
Assembly with name 'NewTest' already exists (Assets/Prefabs/SerializeReferenceEditor/Assets/SREditor/Samples/Demo/NewTests/NewTest.asmdef)
Assembly with name 'SREditor' already exists (Assets/Prefabs/SerializeReferenceEditor/Assets/SREditor/Package/Scripts/SREditor.asmdef)
Assembly with name 'SREditor' already exists (Assets/SerializeReferenceEditor/Assets/SREditor/Package/Scripts/SREditor.asmdef)
Assembly with name 'SRDemo-Editor' already exists (Assets/Prefabs/SerializeReferenceEditor/Assets/SREditor/Samples/Demo/Editor/SRDemo-Editor.asmdef)
Assembly with name 'SRDemo-Editor' already exists (Assets/SerializeReferenceEditor/Assets/SREditor/Samples/Demo/Editor/SRDemo-Editor.asmdef)
Caller must complete domain reload
Assembly with name 'SRDemo' already exists (Assets/SerializeReferenceEditor/Assets/SREditor/Samples/Demo/SRDemo.asmdef)
Assembly with name 'SRDemo' already exists (Assets/Prefabs/SerializeReferenceEditor/Assets/SREditor/Samples/Demo/SRDemo.asmdef)
Assembly with name 'SREditor-Editor' already exists (Assets/SerializeReferenceEditor/Assets/SREditor/Package/Editor/SREditor-Editor.asmdef)
Assembly with name 'SREditor-Editor' already exists (Assets/Prefabs/SerializeReferenceEditor/Assets/SREditor/Package/Editor/SREditor-Editor.asmdef)
Assembly with name 'NewTest' already exists (Assets/SerializeReferenceEditor/Assets/SREditor/Samples/Demo/NewTests/NewTest.asmdef)
Assembly with name 'NewTest' already exists (Assets/Prefabs/SerializeReferenceEditor/Assets/SREditor/Samples/Demo/NewTests/NewTest.asmdef)
Assembly with name 'SREditor' already exists (Assets/Prefabs/SerializeReferenceEditor/Assets/SREditor/Package/Scripts/SREditor.asmdef)
Assembly with name 'SREditor' already exists (Assets/SerializeReferenceEditor/Assets/SREditor/Package/Scripts/SREditor.asmdef)
Assembly with name 'SRDemo-Editor' already exists (Assets/Prefabs/SerializeReferenceEditor/Assets/SREditor/Samples/Demo/Editor/SRDemo-Editor.asmdef)
Assembly with name 'SRDemo-Editor' already exists (Assets/SerializeReferenceEditor/Assets/SREditor/Samples/Demo/Editor/SRDemo-Editor.asmdef)
Begin MonoManager ReloadAssembly
- Loaded All Assemblies, in  0.440 seconds
Native extension for WindowsStandalone target not found
Assembly with name 'SRDemo' already exists (Assets/SerializeReferenceEditor/Assets/SREditor/Samples/Demo/SRDemo.asmdef)
Assembly with name 'SRDemo' already exists (Assets/Prefabs/SerializeReferenceEditor/Assets/SREditor/Samples/Demo/SRDemo.asmdef)
Assembly with name 'SREditor-Editor' already exists (Assets/SerializeReferenceEditor/Assets/SREditor/Package/Editor/SREditor-Editor.asmdef)
Assembly with name 'SREditor-Editor' already exists (Assets/Prefabs/SerializeReferenceEditor/Assets/SREditor/Package/Editor/SREditor-Editor.asmdef)
Assembly with name 'NewTest' already exists (Assets/SerializeReferenceEditor/Assets/SREditor/Samples/Demo/NewTests/NewTest.asmdef)
Assembly with name 'NewTest' already exists (Assets/Prefabs/SerializeReferenceEditor/Assets/SREditor/Samples/Demo/NewTests/NewTest.asmdef)
Assembly with name 'SREditor' already exists (Assets/Prefabs/SerializeReferenceEditor/Assets/SREditor/Package/Scripts/SREditor.asmdef)
Assembly with name 'SREditor' already exists (Assets/SerializeReferenceEditor/Assets/SREditor/Package/Scripts/SREditor.asmdef)
Assembly with name 'SRDemo-Editor' already exists (Assets/Prefabs/SerializeReferenceEditor/Assets/SREditor/Samples/Demo/Editor/SRDemo-Editor.asmdef)
Assembly with name 'SRDemo-Editor' already exists (Assets/SerializeReferenceEditor/Assets/SREditor/Samples/Demo/Editor/SRDemo-Editor.asmdef)
Mono: successfully reloaded assembly
- Finished resetting the current domain, in  1.022 seconds
Domain Reload Profiling: 1461ms
	BeginReloadAssembly (161ms)
		ExecutionOrderSort (0ms)
		DisableScriptedObjects (12ms)
		BackupInstance (0ms)
		ReleaseScriptingObjects (0ms)
		CreateAndSetChildDomain (41ms)
	RebuildCommonClasses (28ms)
	RebuildNativeTypeToScriptingClass (9ms)
	initialDomainReloadingComplete (24ms)
	LoadAllAssembliesAndSetupDomain (217ms)
		LoadAssemblies (274ms)
		RebuildTransferFunctionScriptingTraits (0ms)
		AnalyzeDomain (18ms)
			TypeCache.Refresh (10ms)
				TypeCache.ScanAssembly (0ms)
			ScanForSourceGeneratedMonoScriptInfo (0ms)
			ResolveRequiredComponents (5ms)
	FinalizeReload (1022ms)
		ReleaseScriptCaches (0ms)
		RebuildScriptCaches (0ms)
		SetupLoadedEditorAssemblies (600ms)
			LogAssemblyErrors (0ms)
			InitializePlatformSupportModulesInManaged (5ms)
			SetLoadedEditorAssemblies (3ms)
			RefreshPlugins (0ms)
			BeforeProcessingInitializeOnLoad (67ms)
			ProcessInitializeOnLoadAttributes (477ms)
			ProcessInitializeOnLoadMethodAttributes (45ms)
			AfterProcessingInitializeOnLoad (4ms)
			EditorAssembliesLoaded (1ms)
		ExecutionOrderSort2 (0ms)
		AwakeInstancesAfterBackupRestoration (17ms)
Refreshing native plugins compatible for Editor in 2.94 ms, found 4 plugins.
Preloading 0 native plugins for Editor in 0.00 ms.
Unloading 4328 Unused Serialized files (Serialized files now loaded: 0)
Unloading 23 unused Assets / (31.8 KB). Loaded Objects now: 4962.
Memory consumption went from 156.3 MB to 156.2 MB.
Total: 4.578700 ms (FindLiveObjects: 0.373300 ms CreateObjectMapping: 0.106400 ms MarkObjects: 4.006900 ms  DeleteObjects: 0.091000 ms)

Prepare: number of updated asset objects reloaded= 0
AssetImportParameters requested are different than current active one (requested -> active):
  custom:scripting/monoscript/fileName/SRDemoAttribute.cs: b217f8d4e07b14b9940a83b035def963 -> 
  custom:scripting/monoscript/fileName/DrawCardEffect.cs: d9cd090163e949cc8a887419c09c7761 -> 
  custom:scripting/monoscript/fileName/LoadAllScriptableObjects.cs: 8c4c4caa6c9d58a1046ba488534e615c -> 
  custom:container-demuxer-ogg: 62fdf1f143b41e24485cea50d1cbac27 -> 
  custom:scripting/monoscript/fileName/StringData.cs: 899c5872079327f54ed117fc61ea02c0 -> 
  custom:scripting/monoscript/fileName/IAssetsLoader.cs: 8d295a5e2d097f03f5f00e3441d974eb -> 
  custom:scripting/monoscript/fileName/SRTypeTreeFactory.cs: b9f0ea0d3f426034a242fccaec253fa9 -> 
  custom:scripting/monoscript/fileName/TypeReplacer.cs: ae51176d3fdd2e15067fbf3eeb4d1ffd -> 
  custom:scripting/monoscript/fileName/SRTypeCache.cs: cd51da883b797559c225dab095647981 -> 
  custom:video-codec-MediaFoundation-h265: 746d11721c4dcdbdad8f713fa42b33f4 -> 
  custom:scripting/monoscript/fileName/FormerlySerializedTypeAttribute.cs: a2ba12d6f49519a27a785cb6e7cc3b9c -> 
  custom:scripting/monoscript/fileName/IData.cs: 869deb168c5112234ead0b60061e88d4 -> 
  custom:video-decoder-ogg-theora: a1e56fd34408186e4bbccfd4996cb3dc -> 
  custom:scripting/monoscript/fileName/TypeInfo.cs: 3a9ce2b1121b5df65b59d03380de4ab6 -> 
  custom:scripting/monoscript/fileName/InstanceClassSRAction.cs: 78c0331d959a99a60c1adff7e81d3862 -> 
  custom:framework-win-MediaFoundation: 216162199b28c13a410421893ffa2e32 -> 
  custom:scripting/monoscript/fileName/NewBehaviourScript.cs: b21687ddb03d73bd9f0c1daecb9714de -> 
  custom:scripting/monoscript/fileName/ScriptableObjectTestData.cs: 56e0c1e05ef2b3e0ecda33fad772a283 -> 
  custom:scripting/monoscript/fileName/EffectSystem.cs: b0ad6e16ec836c7041e32797dc41491c -> 
  custom:scripting/precompiled-assembly-types:SREditor-Editor: 55b5456b5630cab223524f958b1d591b -> 
  custom:scripting/monoscript/fileName/SRDrawer.cs: cbea2dac214fbebe88c1bdc69ad4b45f -> 
  custom:scripting/monoscript/fileName/SRNameAttribute.cs: 1b1dbd11348e161435c454df7cc85608 -> 
  custom:scripting/monoscript/fileName/AbstractData.cs: c2fc160bd7af24ef3912d4546ba164da -> 
  custom:scripting/monoscript/fileName/DataList.cs: ac707c81ae30f006632cf7b337900264 -> 
  custom:scripting/precompiled-assembly-types:NewTest: 1f1ee7a59c4c112b0ac23a43c8848db5 -> 
  custom:scripting/monoscript/fileName/TypeReplaceHelper.cs: 5061a70e5cba90a2f93fbaca5002d92c -> 
  custom:CustomObjectIndexerAttribute: 9a22284fe3817be447336de3de66b15e -> 
  custom:scripting/monoscript/fileName/IntegerData.cs: be3d36b532f74a94814765d5582dd467 -> 
  custom:scripting/monoscript/fileName/TypeReplacerWindow.cs: c75b82325a10408dedd0b6359fe6ec16 -> 
  custom:scripting/monoscript/fileName/NewTestData.cs: d4cd3933424ead977ec2d13d82f8bf32 -> 
  custom:scripting/monoscript/fileName/StringInterfaceData.cs: 3d50b8fc8dd0f40f14ecec98ae9d71bf -> 
  custom:scripting/monoscript/fileName/ProcessingCoordinator.cs: a2cc59e2f1bdaa862f8699f5126d0c16 -> 
  custom:scripting/monoscript/fileName/PerformEffectGA.cs: 7b9d563e7db0f9ce1c3e652db6ec3676 -> 
  custom:scripting/monoscript/fileName/PlayCardGA.cs: 5789139290271257e0b7651fe5863c2e -> 
  custom:scripting/monoscript/fileName/SRFormerlyTypeCache.cs: b7cf08609a0a042a8236322b594b8142 -> 
  custom:container-demuxer-webm: 4f35f7cbe854078d1ac9338744f61a02 -> 
  custom:scripting/monoscript/fileName/SREditorSettings.cs: 3331118a764dc5e43cc7c0d781d392d8 -> 
  custom:scripting/precompiled-assembly-types:SRDemo-Editor: 8adfbed147264f837f3a0482ccfceda7 -> 
  custom:scripting/monoscript/fileName/SRMissingTypesValidator.cs: 46bac1a342b6b1607f4b717707b04fa2 -> 
  custom:scripting/precompiled-assembly-types:SREditor: df3fe5802f2450a7160c4b4df24efb82 -> 
  custom:scripting/monoscript/fileName/CustomDataDrawer.cs: 65ff75100b510d38b07627bf3a1e89c7 -> 
  custom:scripting/monoscript/fileName/DataHolder.cs: b5fe96c290fd369c9489341d8f0c6c3f -> 
  custom:scripting/monoscript/fileName/FloatNamedData.cs: f5fca032bc29de94a8bc17bae6d6c41d -> 
  custom:scripting/monoscript/fileName/SRAttribute.cs: 789115209565033af35d3e3afd3e3310 -> 
  custom:scripting/monoscript/fileName/SRDuplicateCleaner.cs: d225ff68fd10a29da65fb6f03456bf58 -> 
  custom:scripting/monoscript/fileName/StringNamedData.cs: b9ca07eb5bf5f668f896b2406b80c50f -> 
  custom:scripting/monoscript/fileName/PrefabTest.cs: 6b21488e501f2b8de0cbf89d0ebca7f4 -> 
  custom:scripting/monoscript/fileName/FloatData.cs: a36b3dfab935a3cafd5bec620587edb1 -> 
  custom:container-muxer-webm: aa71ff27fc2769a1b78a27578f13a17b -> 
  custom:video-decoder-webm-vp8: 9c59270c3fd7afecdb556c50c9e8de78 -> 
  custom:scripting/monoscript/fileName/ComplexData.cs: a41c3c64cbd5a4249e25f8e18e449ae5 -> 
  custom:scripting/monoscript/fileName/SRMissingTypesValidatorConfig.cs: 311504d3d80993c651daaad954f1305b -> 
  custom:SearchIndexIgnoredProperties: e643bd26f0fe6173181afceb89e7c659 -> 
  custom:AudioImporter_EditorPlatform: d09bf68614088b80899f8185d706f6e7 -> 
  custom:scripting/monoscript/fileName/SRTypesSearchWindowProvider.cs: efc74559e42bc1aa7b7f5150b360d2fb -> 
  custom:scripting/monoscript/fileName/MissingTypesCleaner.cs: d3f00f379b86ec4cc811f9c87e215dd8 -> 
  custom:scripting/monoscript/fileName/SREditorSettingsProvider.cs: 37a99a0352dafd2b90ce1865506af283 -> 
  custom:scripting/monoscript/fileName/AbstractNamedData.cs: e532bceb478b1b5456b1c7ec34accfb2 -> 
  custom:scripting/monoscript/fileName/UnityLogAssetMissingTypeReport.cs: 0623721f233a6cc1458bd3d77272d40b -> 
  custom:scripting/monoscript/fileName/Effect.cs: db0847a469ed795dc13473466caf2c90 -> 
  custom:scripting/monoscript/fileName/SRCashTypeSearchTree.cs: ce95e72afce0c3503f63fc4c4d621b06 -> 
  custom:scripting/monoscript/fileName/SRHiddenAttribute.cs: b80fc48a45fff22c67246a0eb3bb2f52 -> 
  custom:scripting/monoscript/fileName/TypeInfoComparer.cs: f78e3dd8571fb435023b893ff6ab0349 -> 
  custom:scripting/monoscript/fileName/NameService.cs: 0b470d478878f04170f09ea709d96d20 -> 
  custom:scripting/monoscript/fileName/TestData.cs: 30cb1cfce572b4f2dcb721be1e0e9081 -> 
  custom:scripting/monoscript/fileName/CustomData.cs: d49523017a9f23851db158eaea2801ff -> 
  custom:scripting/monoscript/fileName/SRActionFactory.cs: 6cb7f0a6c20ec38e4610be62bfe55206 -> 
  custom:scripting/monoscript/fileName/SRAction.cs: ef58eb737e49a3b52271615452d512d9 -> 
  custom:video-encoder-webm-vp8: eb34c28f22e8b96e1ab97ce403110664 -> 
  custom:scripting/monoscript/fileName/HiddenData.cs: 1b489c97a3d23394b73da862faf88fdf -> 
  custom:audio-decoder-ogg-vorbis: bf7c407c2cedff20999df2af8eb42d56 -> 
  custom:scripting/monoscript/fileName/IntegerNamedData.cs: 608697fde81a43c41d54201b88e6e311 -> 
  custom:scripting/monoscript/fileName/AssetChangeDetector.cs: 65333c271892a57b3b74113ae0b0e6d4 -> 
  custom:scripting/monoscript/fileName/ContainerData.cs: c5dc4e9b9c3e32e43213d6d81fd37d43 -> 
  custom:scripting/monoscript/fileName/SRDrawerOptions.cs: 2b1003830d2989546caf7126adc49d41 -> 
  custom:scripting/monoscript/fileName/IAssetMissingTypeReport.cs: 22126180f057be89ffb14e06670cf701 -> 
  custom:audio-encoder-webm-vorbis: bf7c407c2cedff20999df2af8eb42d56 -> 
  custom:scripting/precompiled-assembly-types:SRDemo: 12f6be23b5d35fc375ef15de3d23d5b7 -> 
  custom:scripting/monoscript/fileName/MissingTypesLogger.cs: eac8c33766e6330de4c0a44b29a2de78 -> 
  custom:scripting/precompiled-assembly-types:Assembly-CSharp: 28ce7a9767d4a546d38c62b63d92516f -> e24d7867124476b8f6c482295ea6f2d1
  custom:scripting/monoscript/fileName/TypeInfoArrayComparer.cs: 4734a6743c056bda54f6256be31cb96a -> 
  custom:scripting/monoscript/fileName/ScriptableObjectTest.cs: b53441fff951350b341178933e3e23ef -> 
  custom:scripting/monoscript/fileName/ErasePropertySRAction.cs: 4b881b6741f1070c9d03f1dd87107a3b -> 
========================================================================
Received Prepare
Assembly with name 'SRDemo' already exists (Assets/SerializeReferenceEditor/Assets/SREditor/Samples/Demo/SRDemo.asmdef)
Assembly with name 'SRDemo' already exists (Assets/Prefabs/SerializeReferenceEditor/Assets/SREditor/Samples/Demo/SRDemo.asmdef)
Assembly with name 'SREditor-Editor' already exists (Assets/SerializeReferenceEditor/Assets/SREditor/Package/Editor/SREditor-Editor.asmdef)
Assembly with name 'SREditor-Editor' already exists (Assets/Prefabs/SerializeReferenceEditor/Assets/SREditor/Package/Editor/SREditor-Editor.asmdef)
Assembly with name 'NewTest' already exists (Assets/SerializeReferenceEditor/Assets/SREditor/Samples/Demo/NewTests/NewTest.asmdef)
Assembly with name 'NewTest' already exists (Assets/Prefabs/SerializeReferenceEditor/Assets/SREditor/Samples/Demo/NewTests/NewTest.asmdef)
Assembly with name 'SREditor' already exists (Assets/Prefabs/SerializeReferenceEditor/Assets/SREditor/Package/Scripts/SREditor.asmdef)
Assembly with name 'SREditor' already exists (Assets/SerializeReferenceEditor/Assets/SREditor/Package/Scripts/SREditor.asmdef)
Assembly with name 'SRDemo-Editor' already exists (Assets/Prefabs/SerializeReferenceEditor/Assets/SREditor/Samples/Demo/Editor/SRDemo-Editor.asmdef)
Assembly with name 'SRDemo-Editor' already exists (Assets/SerializeReferenceEditor/Assets/SREditor/Samples/Demo/Editor/SRDemo-Editor.asmdef)
Caller must complete domain reload
Assembly with name 'SRDemo' already exists (Assets/SerializeReferenceEditor/Assets/SREditor/Samples/Demo/SRDemo.asmdef)
Assembly with name 'SRDemo' already exists (Assets/Prefabs/SerializeReferenceEditor/Assets/SREditor/Samples/Demo/SRDemo.asmdef)
Assembly with name 'SREditor-Editor' already exists (Assets/SerializeReferenceEditor/Assets/SREditor/Package/Editor/SREditor-Editor.asmdef)
Assembly with name 'SREditor-Editor' already exists (Assets/Prefabs/SerializeReferenceEditor/Assets/SREditor/Package/Editor/SREditor-Editor.asmdef)
Assembly with name 'NewTest' already exists (Assets/SerializeReferenceEditor/Assets/SREditor/Samples/Demo/NewTests/NewTest.asmdef)
Assembly with name 'NewTest' already exists (Assets/Prefabs/SerializeReferenceEditor/Assets/SREditor/Samples/Demo/NewTests/NewTest.asmdef)
Assembly with name 'SREditor' already exists (Assets/Prefabs/SerializeReferenceEditor/Assets/SREditor/Package/Scripts/SREditor.asmdef)
Assembly with name 'SREditor' already exists (Assets/SerializeReferenceEditor/Assets/SREditor/Package/Scripts/SREditor.asmdef)
Assembly with name 'SRDemo-Editor' already exists (Assets/Prefabs/SerializeReferenceEditor/Assets/SREditor/Samples/Demo/Editor/SRDemo-Editor.asmdef)
Assembly with name 'SRDemo-Editor' already exists (Assets/SerializeReferenceEditor/Assets/SREditor/Samples/Demo/Editor/SRDemo-Editor.asmdef)
Begin MonoManager ReloadAssembly
- Loaded All Assemblies, in  0.299 seconds
Native extension for WindowsStandalone target not found
Assembly with name 'SRDemo' already exists (Assets/SerializeReferenceEditor/Assets/SREditor/Samples/Demo/SRDemo.asmdef)
Assembly with name 'SRDemo' already exists (Assets/Prefabs/SerializeReferenceEditor/Assets/SREditor/Samples/Demo/SRDemo.asmdef)
Assembly with name 'SREditor-Editor' already exists (Assets/SerializeReferenceEditor/Assets/SREditor/Package/Editor/SREditor-Editor.asmdef)
Assembly with name 'SREditor-Editor' already exists (Assets/Prefabs/SerializeReferenceEditor/Assets/SREditor/Package/Editor/SREditor-Editor.asmdef)
Assembly with name 'NewTest' already exists (Assets/SerializeReferenceEditor/Assets/SREditor/Samples/Demo/NewTests/NewTest.asmdef)
Assembly with name 'NewTest' already exists (Assets/Prefabs/SerializeReferenceEditor/Assets/SREditor/Samples/Demo/NewTests/NewTest.asmdef)
Assembly with name 'SREditor' already exists (Assets/Prefabs/SerializeReferenceEditor/Assets/SREditor/Package/Scripts/SREditor.asmdef)
Assembly with name 'SREditor' already exists (Assets/SerializeReferenceEditor/Assets/SREditor/Package/Scripts/SREditor.asmdef)
Assembly with name 'SRDemo-Editor' already exists (Assets/Prefabs/SerializeReferenceEditor/Assets/SREditor/Samples/Demo/Editor/SRDemo-Editor.asmdef)
Assembly with name 'SRDemo-Editor' already exists (Assets/SerializeReferenceEditor/Assets/SREditor/Samples/Demo/Editor/SRDemo-Editor.asmdef)
Mono: successfully reloaded assembly
- Finished resetting the current domain, in  0.742 seconds
Domain Reload Profiling: 1042ms
	BeginReloadAssembly (119ms)
		ExecutionOrderSort (0ms)
		DisableScriptedObjects (7ms)
		BackupInstance (0ms)
		ReleaseScriptingObjects (0ms)
		CreateAndSetChildDomain (23ms)
	RebuildCommonClasses (20ms)
	RebuildNativeTypeToScriptingClass (6ms)
	initialDomainReloadingComplete (16ms)
	LoadAllAssembliesAndSetupDomain (137ms)
		LoadAssemblies (192ms)
		RebuildTransferFunctionScriptingTraits (0ms)
		AnalyzeDomain (12ms)
			TypeCache.Refresh (6ms)
				TypeCache.ScanAssembly (0ms)
			ScanForSourceGeneratedMonoScriptInfo (0ms)
			ResolveRequiredComponents (4ms)
	FinalizeReload (743ms)
		ReleaseScriptCaches (0ms)
		RebuildScriptCaches (0ms)
		SetupLoadedEditorAssemblies (480ms)
			LogAssemblyErrors (0ms)
			InitializePlatformSupportModulesInManaged (4ms)
			SetLoadedEditorAssemblies (2ms)
			RefreshPlugins (0ms)
			BeforeProcessingInitializeOnLoad (54ms)
			ProcessInitializeOnLoadAttributes (385ms)
			ProcessInitializeOnLoadMethodAttributes (33ms)
			AfterProcessingInitializeOnLoad (2ms)
			EditorAssembliesLoaded (0ms)
		ExecutionOrderSort2 (0ms)
		AwakeInstancesAfterBackupRestoration (13ms)
Refreshing native plugins compatible for Editor in 2.44 ms, found 4 plugins.
Preloading 0 native plugins for Editor in 0.00 ms.
Unloading 4328 Unused Serialized files (Serialized files now loaded: 0)
Unloading 23 unused Assets / (31.7 KB). Loaded Objects now: 4967.
Memory consumption went from 156.3 MB to 156.3 MB.
Total: 3.463900 ms (FindLiveObjects: 0.255100 ms CreateObjectMapping: 0.104500 ms MarkObjects: 3.059500 ms  DeleteObjects: 0.043900 ms)

Prepare: number of updated asset objects reloaded= 0
AssetImportParameters requested are different than current active one (requested -> active):
  custom:scripting/monoscript/fileName/SRDemoAttribute.cs: b217f8d4e07b14b9940a83b035def963 -> 
  custom:scripting/monoscript/fileName/DrawCardEffect.cs: d9cd090163e949cc8a887419c09c7761 -> 
  custom:scripting/monoscript/fileName/LoadAllScriptableObjects.cs: 8c4c4caa6c9d58a1046ba488534e615c -> 
  custom:container-demuxer-ogg: 62fdf1f143b41e24485cea50d1cbac27 -> 
  custom:scripting/monoscript/fileName/StringData.cs: 899c5872079327f54ed117fc61ea02c0 -> 
  custom:scripting/monoscript/fileName/IAssetsLoader.cs: 8d295a5e2d097f03f5f00e3441d974eb -> 
  custom:scripting/monoscript/fileName/SRTypeTreeFactory.cs: b9f0ea0d3f426034a242fccaec253fa9 -> 
  custom:scripting/monoscript/fileName/TypeReplacer.cs: ae51176d3fdd2e15067fbf3eeb4d1ffd -> 
  custom:scripting/monoscript/fileName/SRTypeCache.cs: cd51da883b797559c225dab095647981 -> 
  custom:video-codec-MediaFoundation-h265: 746d11721c4dcdbdad8f713fa42b33f4 -> 
  custom:scripting/monoscript/fileName/FormerlySerializedTypeAttribute.cs: a2ba12d6f49519a27a785cb6e7cc3b9c -> 
  custom:scripting/monoscript/fileName/IData.cs: 869deb168c5112234ead0b60061e88d4 -> 
  custom:video-decoder-ogg-theora: a1e56fd34408186e4bbccfd4996cb3dc -> 
  custom:scripting/monoscript/fileName/TypeInfo.cs: 3a9ce2b1121b5df65b59d03380de4ab6 -> 
  custom:scripting/monoscript/fileName/InstanceClassSRAction.cs: 78c0331d959a99a60c1adff7e81d3862 -> 
  custom:framework-win-MediaFoundation: 216162199b28c13a410421893ffa2e32 -> 
  custom:scripting/monoscript/fileName/NewBehaviourScript.cs: b21687ddb03d73bd9f0c1daecb9714de -> 
  custom:scripting/monoscript/fileName/ScriptableObjectTestData.cs: 56e0c1e05ef2b3e0ecda33fad772a283 -> 
  custom:scripting/monoscript/fileName/EffectSystem.cs: b0ad6e16ec836c7041e32797dc41491c -> 
  custom:scripting/precompiled-assembly-types:SREditor-Editor: 55b5456b5630cab223524f958b1d591b -> 
  custom:scripting/monoscript/fileName/SRDrawer.cs: cbea2dac214fbebe88c1bdc69ad4b45f -> 
  custom:scripting/monoscript/fileName/SRNameAttribute.cs: 1b1dbd11348e161435c454df7cc85608 -> 
  custom:scripting/monoscript/fileName/AbstractData.cs: c2fc160bd7af24ef3912d4546ba164da -> 
  custom:scripting/monoscript/fileName/DataList.cs: ac707c81ae30f006632cf7b337900264 -> 
  custom:scripting/precompiled-assembly-types:NewTest: 1f1ee7a59c4c112b0ac23a43c8848db5 -> 
  custom:scripting/monoscript/fileName/TypeReplaceHelper.cs: 5061a70e5cba90a2f93fbaca5002d92c -> 
  custom:CustomObjectIndexerAttribute: 9a22284fe3817be447336de3de66b15e -> 
  custom:scripting/monoscript/fileName/IntegerData.cs: be3d36b532f74a94814765d5582dd467 -> 
  custom:scripting/monoscript/fileName/TypeReplacerWindow.cs: c75b82325a10408dedd0b6359fe6ec16 -> 
  custom:scripting/monoscript/fileName/NewTestData.cs: d4cd3933424ead977ec2d13d82f8bf32 -> 
  custom:scripting/monoscript/fileName/StringInterfaceData.cs: 3d50b8fc8dd0f40f14ecec98ae9d71bf -> 
  custom:scripting/monoscript/fileName/ProcessingCoordinator.cs: a2cc59e2f1bdaa862f8699f5126d0c16 -> 
  custom:scripting/monoscript/fileName/PerformEffectGA.cs: 7b9d563e7db0f9ce1c3e652db6ec3676 -> 
  custom:scripting/monoscript/fileName/PlayCardGA.cs: 5789139290271257e0b7651fe5863c2e -> 
  custom:scripting/monoscript/fileName/SRFormerlyTypeCache.cs: b7cf08609a0a042a8236322b594b8142 -> 
  custom:container-demuxer-webm: 4f35f7cbe854078d1ac9338744f61a02 -> 
  custom:scripting/monoscript/fileName/SREditorSettings.cs: 3331118a764dc5e43cc7c0d781d392d8 -> 
  custom:scripting/precompiled-assembly-types:SRDemo-Editor: 8adfbed147264f837f3a0482ccfceda7 -> 
  custom:scripting/monoscript/fileName/SRMissingTypesValidator.cs: 46bac1a342b6b1607f4b717707b04fa2 -> 
  custom:scripting/precompiled-assembly-types:SREditor: df3fe5802f2450a7160c4b4df24efb82 -> 
  custom:scripting/monoscript/fileName/CustomDataDrawer.cs: 65ff75100b510d38b07627bf3a1e89c7 -> 
  custom:scripting/monoscript/fileName/DataHolder.cs: b5fe96c290fd369c9489341d8f0c6c3f -> 
  custom:scripting/monoscript/fileName/FloatNamedData.cs: f5fca032bc29de94a8bc17bae6d6c41d -> 
  custom:scripting/monoscript/fileName/SRAttribute.cs: 789115209565033af35d3e3afd3e3310 -> 
  custom:scripting/monoscript/fileName/SRDuplicateCleaner.cs: d225ff68fd10a29da65fb6f03456bf58 -> 
  custom:scripting/monoscript/fileName/StringNamedData.cs: b9ca07eb5bf5f668f896b2406b80c50f -> 
  custom:scripting/monoscript/fileName/PrefabTest.cs: 6b21488e501f2b8de0cbf89d0ebca7f4 -> 
  custom:scripting/monoscript/fileName/FloatData.cs: a36b3dfab935a3cafd5bec620587edb1 -> 
  custom:container-muxer-webm: aa71ff27fc2769a1b78a27578f13a17b -> 
  custom:video-decoder-webm-vp8: 9c59270c3fd7afecdb556c50c9e8de78 -> 
  custom:scripting/monoscript/fileName/ComplexData.cs: a41c3c64cbd5a4249e25f8e18e449ae5 -> 
  custom:scripting/monoscript/fileName/SRMissingTypesValidatorConfig.cs: 311504d3d80993c651daaad954f1305b -> 
  custom:SearchIndexIgnoredProperties: e643bd26f0fe6173181afceb89e7c659 -> 
  custom:AudioImporter_EditorPlatform: d09bf68614088b80899f8185d706f6e7 -> 
  custom:scripting/monoscript/fileName/SRTypesSearchWindowProvider.cs: efc74559e42bc1aa7b7f5150b360d2fb -> 
  custom:scripting/monoscript/fileName/MissingTypesCleaner.cs: d3f00f379b86ec4cc811f9c87e215dd8 -> 
  custom:scripting/monoscript/fileName/SREditorSettingsProvider.cs: 37a99a0352dafd2b90ce1865506af283 -> 
  custom:scripting/monoscript/fileName/AbstractNamedData.cs: e532bceb478b1b5456b1c7ec34accfb2 -> 
  custom:scripting/monoscript/fileName/UnityLogAssetMissingTypeReport.cs: 0623721f233a6cc1458bd3d77272d40b -> 
  custom:scripting/monoscript/fileName/Effect.cs: db0847a469ed795dc13473466caf2c90 -> 
  custom:scripting/monoscript/fileName/SRCashTypeSearchTree.cs: ce95e72afce0c3503f63fc4c4d621b06 -> 
  custom:scripting/monoscript/fileName/SRHiddenAttribute.cs: b80fc48a45fff22c67246a0eb3bb2f52 -> 
  custom:scripting/monoscript/fileName/TypeInfoComparer.cs: f78e3dd8571fb435023b893ff6ab0349 -> 
  custom:scripting/monoscript/fileName/NameService.cs: 0b470d478878f04170f09ea709d96d20 -> 
  custom:scripting/monoscript/fileName/TestData.cs: 30cb1cfce572b4f2dcb721be1e0e9081 -> 
  custom:scripting/monoscript/fileName/CustomData.cs: d49523017a9f23851db158eaea2801ff -> 
  custom:scripting/monoscript/fileName/SRActionFactory.cs: 6cb7f0a6c20ec38e4610be62bfe55206 -> 
  custom:scripting/monoscript/fileName/SRAction.cs: ef58eb737e49a3b52271615452d512d9 -> 
  custom:video-encoder-webm-vp8: eb34c28f22e8b96e1ab97ce403110664 -> 
  custom:scripting/monoscript/fileName/HiddenData.cs: 1b489c97a3d23394b73da862faf88fdf -> 
  custom:audio-decoder-ogg-vorbis: bf7c407c2cedff20999df2af8eb42d56 -> 
  custom:scripting/monoscript/fileName/IntegerNamedData.cs: 608697fde81a43c41d54201b88e6e311 -> 
  custom:scripting/monoscript/fileName/AssetChangeDetector.cs: 65333c271892a57b3b74113ae0b0e6d4 -> 
  custom:scripting/monoscript/fileName/ContainerData.cs: c5dc4e9b9c3e32e43213d6d81fd37d43 -> 
  custom:scripting/monoscript/fileName/SRDrawerOptions.cs: 2b1003830d2989546caf7126adc49d41 -> 
  custom:scripting/monoscript/fileName/IAssetMissingTypeReport.cs: 22126180f057be89ffb14e06670cf701 -> 
  custom:audio-encoder-webm-vorbis: bf7c407c2cedff20999df2af8eb42d56 -> 
  custom:scripting/precompiled-assembly-types:SRDemo: 12f6be23b5d35fc375ef15de3d23d5b7 -> 
  custom:scripting/monoscript/fileName/MissingTypesLogger.cs: eac8c33766e6330de4c0a44b29a2de78 -> 
  custom:scripting/precompiled-assembly-types:Assembly-CSharp: 28ce7a9767d4a546d38c62b63d92516f -> e24d7867124476b8f6c482295ea6f2d1
  custom:scripting/monoscript/fileName/TypeInfoArrayComparer.cs: 4734a6743c056bda54f6256be31cb96a -> 
  custom:scripting/monoscript/fileName/ScriptableObjectTest.cs: b53441fff951350b341178933e3e23ef -> 
  custom:scripting/monoscript/fileName/ErasePropertySRAction.cs: 4b881b6741f1070c9d03f1dd87107a3b -> 
========================================================================
Received Prepare
Assembly with name 'SRDemo' already exists (Assets/SerializeReferenceEditor/Assets/SREditor/Samples/Demo/SRDemo.asmdef)
Assembly with name 'SRDemo' already exists (Assets/Prefabs/SerializeReferenceEditor/Assets/SREditor/Samples/Demo/SRDemo.asmdef)
Assembly with name 'SREditor-Editor' already exists (Assets/SerializeReferenceEditor/Assets/SREditor/Package/Editor/SREditor-Editor.asmdef)
Assembly with name 'SREditor-Editor' already exists (Assets/Prefabs/SerializeReferenceEditor/Assets/SREditor/Package/Editor/SREditor-Editor.asmdef)
Assembly with name 'NewTest' already exists (Assets/SerializeReferenceEditor/Assets/SREditor/Samples/Demo/NewTests/NewTest.asmdef)
Assembly with name 'NewTest' already exists (Assets/Prefabs/SerializeReferenceEditor/Assets/SREditor/Samples/Demo/NewTests/NewTest.asmdef)
Assembly with name 'SREditor' already exists (Assets/Prefabs/SerializeReferenceEditor/Assets/SREditor/Package/Scripts/SREditor.asmdef)
Assembly with name 'SREditor' already exists (Assets/SerializeReferenceEditor/Assets/SREditor/Package/Scripts/SREditor.asmdef)
Assembly with name 'SRDemo-Editor' already exists (Assets/Prefabs/SerializeReferenceEditor/Assets/SREditor/Samples/Demo/Editor/SRDemo-Editor.asmdef)
Assembly with name 'SRDemo-Editor' already exists (Assets/SerializeReferenceEditor/Assets/SREditor/Samples/Demo/Editor/SRDemo-Editor.asmdef)
Caller must complete domain reload
Assembly with name 'SRDemo' already exists (Assets/SerializeReferenceEditor/Assets/SREditor/Samples/Demo/SRDemo.asmdef)
Assembly with name 'SRDemo' already exists (Assets/Prefabs/SerializeReferenceEditor/Assets/SREditor/Samples/Demo/SRDemo.asmdef)
Assembly with name 'SREditor-Editor' already exists (Assets/SerializeReferenceEditor/Assets/SREditor/Package/Editor/SREditor-Editor.asmdef)
Assembly with name 'SREditor-Editor' already exists (Assets/Prefabs/SerializeReferenceEditor/Assets/SREditor/Package/Editor/SREditor-Editor.asmdef)
Assembly with name 'NewTest' already exists (Assets/SerializeReferenceEditor/Assets/SREditor/Samples/Demo/NewTests/NewTest.asmdef)
Assembly with name 'NewTest' already exists (Assets/Prefabs/SerializeReferenceEditor/Assets/SREditor/Samples/Demo/NewTests/NewTest.asmdef)
Assembly with name 'SREditor' already exists (Assets/Prefabs/SerializeReferenceEditor/Assets/SREditor/Package/Scripts/SREditor.asmdef)
Assembly with name 'SREditor' already exists (Assets/SerializeReferenceEditor/Assets/SREditor/Package/Scripts/SREditor.asmdef)
Assembly with name 'SRDemo-Editor' already exists (Assets/Prefabs/SerializeReferenceEditor/Assets/SREditor/Samples/Demo/Editor/SRDemo-Editor.asmdef)
Assembly with name 'SRDemo-Editor' already exists (Assets/SerializeReferenceEditor/Assets/SREditor/Samples/Demo/Editor/SRDemo-Editor.asmdef)
Begin MonoManager ReloadAssembly
- Loaded All Assemblies, in  0.300 seconds
Native extension for WindowsStandalone target not found
Assembly with name 'SRDemo' already exists (Assets/SerializeReferenceEditor/Assets/SREditor/Samples/Demo/SRDemo.asmdef)
Assembly with name 'SRDemo' already exists (Assets/Prefabs/SerializeReferenceEditor/Assets/SREditor/Samples/Demo/SRDemo.asmdef)
Assembly with name 'SREditor-Editor' already exists (Assets/SerializeReferenceEditor/Assets/SREditor/Package/Editor/SREditor-Editor.asmdef)
Assembly with name 'SREditor-Editor' already exists (Assets/Prefabs/SerializeReferenceEditor/Assets/SREditor/Package/Editor/SREditor-Editor.asmdef)
Assembly with name 'NewTest' already exists (Assets/SerializeReferenceEditor/Assets/SREditor/Samples/Demo/NewTests/NewTest.asmdef)
Assembly with name 'NewTest' already exists (Assets/Prefabs/SerializeReferenceEditor/Assets/SREditor/Samples/Demo/NewTests/NewTest.asmdef)
Assembly with name 'SREditor' already exists (Assets/Prefabs/SerializeReferenceEditor/Assets/SREditor/Package/Scripts/SREditor.asmdef)
Assembly with name 'SREditor' already exists (Assets/SerializeReferenceEditor/Assets/SREditor/Package/Scripts/SREditor.asmdef)
Assembly with name 'SRDemo-Editor' already exists (Assets/Prefabs/SerializeReferenceEditor/Assets/SREditor/Samples/Demo/Editor/SRDemo-Editor.asmdef)
Assembly with name 'SRDemo-Editor' already exists (Assets/SerializeReferenceEditor/Assets/SREditor/Samples/Demo/Editor/SRDemo-Editor.asmdef)
Mono: successfully reloaded assembly
- Finished resetting the current domain, in  0.788 seconds
Domain Reload Profiling: 1089ms
	BeginReloadAssembly (110ms)
		ExecutionOrderSort (0ms)
		DisableScriptedObjects (7ms)
		BackupInstance (0ms)
		ReleaseScriptingObjects (0ms)
		CreateAndSetChildDomain (27ms)
	RebuildCommonClasses (23ms)
	RebuildNativeTypeToScriptingClass (8ms)
	initialDomainReloadingComplete (17ms)
	LoadAllAssembliesAndSetupDomain (141ms)
		LoadAssemblies (186ms)
		RebuildTransferFunctionScriptingTraits (0ms)
		AnalyzeDomain (10ms)
			TypeCache.Refresh (5ms)
				TypeCache.ScanAssembly (0ms)
			ScanForSourceGeneratedMonoScriptInfo (0ms)
			ResolveRequiredComponents (4ms)
	FinalizeReload (789ms)
		ReleaseScriptCaches (0ms)
		RebuildScriptCaches (0ms)
		SetupLoadedEditorAssemblies (518ms)
			LogAssemblyErrors (0ms)
			InitializePlatformSupportModulesInManaged (3ms)
			SetLoadedEditorAssemblies (2ms)
			RefreshPlugins (0ms)
			BeforeProcessingInitializeOnLoad (58ms)
			ProcessInitializeOnLoadAttributes (414ms)
			ProcessInitializeOnLoadMethodAttributes (38ms)
			AfterProcessingInitializeOnLoad (2ms)
			EditorAssembliesLoaded (0ms)
		ExecutionOrderSort2 (0ms)
		AwakeInstancesAfterBackupRestoration (15ms)
Refreshing native plugins compatible for Editor in 2.74 ms, found 4 plugins.
Preloading 0 native plugins for Editor in 0.00 ms.
Unloading 4328 Unused Serialized files (Serialized files now loaded: 0)
Unloading 23 unused Assets / (31.7 KB). Loaded Objects now: 4972.
Memory consumption went from 156.3 MB to 156.3 MB.
Total: 3.604500 ms (FindLiveObjects: 0.324100 ms CreateObjectMapping: 0.087500 ms MarkObjects: 3.132200 ms  DeleteObjects: 0.057000 ms)

Prepare: number of updated asset objects reloaded= 0
AssetImportParameters requested are different than current active one (requested -> active):
  custom:scripting/monoscript/fileName/SRDemoAttribute.cs: b217f8d4e07b14b9940a83b035def963 -> 
  custom:scripting/monoscript/fileName/DrawCardEffect.cs: d9cd090163e949cc8a887419c09c7761 -> 
  custom:scripting/monoscript/fileName/LoadAllScriptableObjects.cs: 8c4c4caa6c9d58a1046ba488534e615c -> 
  custom:container-demuxer-ogg: 62fdf1f143b41e24485cea50d1cbac27 -> 
  custom:scripting/monoscript/fileName/StringData.cs: 899c5872079327f54ed117fc61ea02c0 -> 
  custom:scripting/monoscript/fileName/IAssetsLoader.cs: 8d295a5e2d097f03f5f00e3441d974eb -> 
  custom:scripting/monoscript/fileName/SRTypeTreeFactory.cs: b9f0ea0d3f426034a242fccaec253fa9 -> 
  custom:scripting/monoscript/fileName/TypeReplacer.cs: ae51176d3fdd2e15067fbf3eeb4d1ffd -> 
  custom:scripting/monoscript/fileName/SRTypeCache.cs: cd51da883b797559c225dab095647981 -> 
  custom:video-codec-MediaFoundation-h265: 746d11721c4dcdbdad8f713fa42b33f4 -> 
  custom:scripting/monoscript/fileName/FormerlySerializedTypeAttribute.cs: a2ba12d6f49519a27a785cb6e7cc3b9c -> 
  custom:scripting/monoscript/fileName/IData.cs: 869deb168c5112234ead0b60061e88d4 -> 
  custom:video-decoder-ogg-theora: a1e56fd34408186e4bbccfd4996cb3dc -> 
  custom:scripting/monoscript/fileName/TypeInfo.cs: 3a9ce2b1121b5df65b59d03380de4ab6 -> 
  custom:scripting/monoscript/fileName/InstanceClassSRAction.cs: 78c0331d959a99a60c1adff7e81d3862 -> 
  custom:framework-win-MediaFoundation: 216162199b28c13a410421893ffa2e32 -> 
  custom:scripting/monoscript/fileName/NewBehaviourScript.cs: b21687ddb03d73bd9f0c1daecb9714de -> 
  custom:scripting/monoscript/fileName/ScriptableObjectTestData.cs: 56e0c1e05ef2b3e0ecda33fad772a283 -> 
  custom:scripting/monoscript/fileName/EffectSystem.cs: b0ad6e16ec836c7041e32797dc41491c -> 
  custom:scripting/precompiled-assembly-types:SREditor-Editor: 55b5456b5630cab223524f958b1d591b -> 
  custom:scripting/monoscript/fileName/SRDrawer.cs: cbea2dac214fbebe88c1bdc69ad4b45f -> 
  custom:scripting/monoscript/fileName/SRNameAttribute.cs: 1b1dbd11348e161435c454df7cc85608 -> 
  custom:scripting/monoscript/fileName/AbstractData.cs: c2fc160bd7af24ef3912d4546ba164da -> 
  custom:scripting/monoscript/fileName/DataList.cs: ac707c81ae30f006632cf7b337900264 -> 
  custom:scripting/precompiled-assembly-types:NewTest: 1f1ee7a59c4c112b0ac23a43c8848db5 -> 
  custom:scripting/monoscript/fileName/TypeReplaceHelper.cs: 5061a70e5cba90a2f93fbaca5002d92c -> 
  custom:CustomObjectIndexerAttribute: 9a22284fe3817be447336de3de66b15e -> 
  custom:scripting/monoscript/fileName/IntegerData.cs: be3d36b532f74a94814765d5582dd467 -> 
  custom:scripting/monoscript/fileName/TypeReplacerWindow.cs: c75b82325a10408dedd0b6359fe6ec16 -> 
  custom:scripting/monoscript/fileName/NewTestData.cs: d4cd3933424ead977ec2d13d82f8bf32 -> 
  custom:scripting/monoscript/fileName/StringInterfaceData.cs: 3d50b8fc8dd0f40f14ecec98ae9d71bf -> 
  custom:scripting/monoscript/fileName/ProcessingCoordinator.cs: a2cc59e2f1bdaa862f8699f5126d0c16 -> 
  custom:scripting/monoscript/fileName/PerformEffectGA.cs: 7b9d563e7db0f9ce1c3e652db6ec3676 -> 
  custom:scripting/monoscript/fileName/PlayCardGA.cs: 5789139290271257e0b7651fe5863c2e -> 
  custom:scripting/monoscript/fileName/SRFormerlyTypeCache.cs: b7cf08609a0a042a8236322b594b8142 -> 
  custom:container-demuxer-webm: 4f35f7cbe854078d1ac9338744f61a02 -> 
  custom:scripting/monoscript/fileName/SREditorSettings.cs: 3331118a764dc5e43cc7c0d781d392d8 -> 
  custom:scripting/precompiled-assembly-types:SRDemo-Editor: 8adfbed147264f837f3a0482ccfceda7 -> 
  custom:scripting/monoscript/fileName/SRMissingTypesValidator.cs: 46bac1a342b6b1607f4b717707b04fa2 -> 
  custom:scripting/precompiled-assembly-types:SREditor: df3fe5802f2450a7160c4b4df24efb82 -> 
  custom:scripting/monoscript/fileName/CustomDataDrawer.cs: 65ff75100b510d38b07627bf3a1e89c7 -> 
  custom:scripting/monoscript/fileName/DataHolder.cs: b5fe96c290fd369c9489341d8f0c6c3f -> 
  custom:scripting/monoscript/fileName/FloatNamedData.cs: f5fca032bc29de94a8bc17bae6d6c41d -> 
  custom:scripting/monoscript/fileName/SRAttribute.cs: 789115209565033af35d3e3afd3e3310 -> 
  custom:scripting/monoscript/fileName/SRDuplicateCleaner.cs: d225ff68fd10a29da65fb6f03456bf58 -> 
  custom:scripting/monoscript/fileName/StringNamedData.cs: b9ca07eb5bf5f668f896b2406b80c50f -> 
  custom:scripting/monoscript/fileName/PrefabTest.cs: 6b21488e501f2b8de0cbf89d0ebca7f4 -> 
  custom:scripting/monoscript/fileName/FloatData.cs: a36b3dfab935a3cafd5bec620587edb1 -> 
  custom:container-muxer-webm: aa71ff27fc2769a1b78a27578f13a17b -> 
  custom:video-decoder-webm-vp8: 9c59270c3fd7afecdb556c50c9e8de78 -> 
  custom:scripting/monoscript/fileName/ComplexData.cs: a41c3c64cbd5a4249e25f8e18e449ae5 -> 
  custom:scripting/monoscript/fileName/SRMissingTypesValidatorConfig.cs: 311504d3d80993c651daaad954f1305b -> 
  custom:SearchIndexIgnoredProperties: e643bd26f0fe6173181afceb89e7c659 -> 
  custom:AudioImporter_EditorPlatform: d09bf68614088b80899f8185d706f6e7 -> 
  custom:scripting/monoscript/fileName/SRTypesSearchWindowProvider.cs: efc74559e42bc1aa7b7f5150b360d2fb -> 
  custom:scripting/monoscript/fileName/MissingTypesCleaner.cs: d3f00f379b86ec4cc811f9c87e215dd8 -> 
  custom:scripting/monoscript/fileName/SREditorSettingsProvider.cs: 37a99a0352dafd2b90ce1865506af283 -> 
  custom:scripting/monoscript/fileName/AbstractNamedData.cs: e532bceb478b1b5456b1c7ec34accfb2 -> 
  custom:scripting/monoscript/fileName/UnityLogAssetMissingTypeReport.cs: 0623721f233a6cc1458bd3d77272d40b -> 
  custom:scripting/monoscript/fileName/Effect.cs: db0847a469ed795dc13473466caf2c90 -> 
  custom:scripting/monoscript/fileName/SRCashTypeSearchTree.cs: ce95e72afce0c3503f63fc4c4d621b06 -> 
  custom:scripting/monoscript/fileName/SRHiddenAttribute.cs: b80fc48a45fff22c67246a0eb3bb2f52 -> 
  custom:scripting/monoscript/fileName/TypeInfoComparer.cs: f78e3dd8571fb435023b893ff6ab0349 -> 
  custom:scripting/monoscript/fileName/NameService.cs: 0b470d478878f04170f09ea709d96d20 -> 
  custom:scripting/monoscript/fileName/TestData.cs: 30cb1cfce572b4f2dcb721be1e0e9081 -> 
  custom:scripting/monoscript/fileName/CustomData.cs: d49523017a9f23851db158eaea2801ff -> 
  custom:scripting/monoscript/fileName/SRActionFactory.cs: 6cb7f0a6c20ec38e4610be62bfe55206 -> 
  custom:scripting/monoscript/fileName/SRAction.cs: ef58eb737e49a3b52271615452d512d9 -> 
  custom:video-encoder-webm-vp8: eb34c28f22e8b96e1ab97ce403110664 -> 
  custom:scripting/monoscript/fileName/HiddenData.cs: 1b489c97a3d23394b73da862faf88fdf -> 
  custom:audio-decoder-ogg-vorbis: bf7c407c2cedff20999df2af8eb42d56 -> 
  custom:scripting/monoscript/fileName/IntegerNamedData.cs: 608697fde81a43c41d54201b88e6e311 -> 
  custom:scripting/monoscript/fileName/AssetChangeDetector.cs: 65333c271892a57b3b74113ae0b0e6d4 -> 
  custom:scripting/monoscript/fileName/ContainerData.cs: c5dc4e9b9c3e32e43213d6d81fd37d43 -> 
  custom:scripting/monoscript/fileName/SRDrawerOptions.cs: 2b1003830d2989546caf7126adc49d41 -> 
  custom:scripting/monoscript/fileName/IAssetMissingTypeReport.cs: 22126180f057be89ffb14e06670cf701 -> 
  custom:audio-encoder-webm-vorbis: bf7c407c2cedff20999df2af8eb42d56 -> 
  custom:scripting/precompiled-assembly-types:SRDemo: 12f6be23b5d35fc375ef15de3d23d5b7 -> 
  custom:scripting/monoscript/fileName/MissingTypesLogger.cs: eac8c33766e6330de4c0a44b29a2de78 -> 
  custom:scripting/precompiled-assembly-types:Assembly-CSharp: 28ce7a9767d4a546d38c62b63d92516f -> e24d7867124476b8f6c482295ea6f2d1
  custom:scripting/monoscript/fileName/TypeInfoArrayComparer.cs: 4734a6743c056bda54f6256be31cb96a -> 
  custom:scripting/monoscript/fileName/ScriptableObjectTest.cs: b53441fff951350b341178933e3e23ef -> 
  custom:scripting/monoscript/fileName/ErasePropertySRAction.cs: 4b881b6741f1070c9d03f1dd87107a3b -> 
========================================================================
Received Prepare
Assembly with name 'SRDemo' already exists (Assets/SerializeReferenceEditor/Assets/SREditor/Samples/Demo/SRDemo.asmdef)
Assembly with name 'SRDemo' already exists (Assets/Prefabs/SerializeReferenceEditor/Assets/SREditor/Samples/Demo/SRDemo.asmdef)
Assembly with name 'SREditor-Editor' already exists (Assets/SerializeReferenceEditor/Assets/SREditor/Package/Editor/SREditor-Editor.asmdef)
Assembly with name 'SREditor-Editor' already exists (Assets/Prefabs/SerializeReferenceEditor/Assets/SREditor/Package/Editor/SREditor-Editor.asmdef)
Assembly with name 'NewTest' already exists (Assets/SerializeReferenceEditor/Assets/SREditor/Samples/Demo/NewTests/NewTest.asmdef)
Assembly with name 'NewTest' already exists (Assets/Prefabs/SerializeReferenceEditor/Assets/SREditor/Samples/Demo/NewTests/NewTest.asmdef)
Assembly with name 'SREditor' already exists (Assets/Prefabs/SerializeReferenceEditor/Assets/SREditor/Package/Scripts/SREditor.asmdef)
Assembly with name 'SREditor' already exists (Assets/SerializeReferenceEditor/Assets/SREditor/Package/Scripts/SREditor.asmdef)
Assembly with name 'SRDemo-Editor' already exists (Assets/Prefabs/SerializeReferenceEditor/Assets/SREditor/Samples/Demo/Editor/SRDemo-Editor.asmdef)
Assembly with name 'SRDemo-Editor' already exists (Assets/SerializeReferenceEditor/Assets/SREditor/Samples/Demo/Editor/SRDemo-Editor.asmdef)
Caller must complete domain reload
Assembly with name 'SRDemo' already exists (Assets/SerializeReferenceEditor/Assets/SREditor/Samples/Demo/SRDemo.asmdef)
Assembly with name 'SRDemo' already exists (Assets/Prefabs/SerializeReferenceEditor/Assets/SREditor/Samples/Demo/SRDemo.asmdef)
Assembly with name 'SREditor-Editor' already exists (Assets/SerializeReferenceEditor/Assets/SREditor/Package/Editor/SREditor-Editor.asmdef)
Assembly with name 'SREditor-Editor' already exists (Assets/Prefabs/SerializeReferenceEditor/Assets/SREditor/Package/Editor/SREditor-Editor.asmdef)
Assembly with name 'NewTest' already exists (Assets/SerializeReferenceEditor/Assets/SREditor/Samples/Demo/NewTests/NewTest.asmdef)
Assembly with name 'NewTest' already exists (Assets/Prefabs/SerializeReferenceEditor/Assets/SREditor/Samples/Demo/NewTests/NewTest.asmdef)
Assembly with name 'SREditor' already exists (Assets/Prefabs/SerializeReferenceEditor/Assets/SREditor/Package/Scripts/SREditor.asmdef)
Assembly with name 'SREditor' already exists (Assets/SerializeReferenceEditor/Assets/SREditor/Package/Scripts/SREditor.asmdef)
Assembly with name 'SRDemo-Editor' already exists (Assets/Prefabs/SerializeReferenceEditor/Assets/SREditor/Samples/Demo/Editor/SRDemo-Editor.asmdef)
Assembly with name 'SRDemo-Editor' already exists (Assets/SerializeReferenceEditor/Assets/SREditor/Samples/Demo/Editor/SRDemo-Editor.asmdef)
Begin MonoManager ReloadAssembly
- Loaded All Assemblies, in  0.319 seconds
Native extension for WindowsStandalone target not found
Assembly with name 'SRDemo' already exists (Assets/SerializeReferenceEditor/Assets/SREditor/Samples/Demo/SRDemo.asmdef)
Assembly with name 'SRDemo' already exists (Assets/Prefabs/SerializeReferenceEditor/Assets/SREditor/Samples/Demo/SRDemo.asmdef)
Assembly with name 'SREditor-Editor' already exists (Assets/SerializeReferenceEditor/Assets/SREditor/Package/Editor/SREditor-Editor.asmdef)
Assembly with name 'SREditor-Editor' already exists (Assets/Prefabs/SerializeReferenceEditor/Assets/SREditor/Package/Editor/SREditor-Editor.asmdef)
Assembly with name 'NewTest' already exists (Assets/SerializeReferenceEditor/Assets/SREditor/Samples/Demo/NewTests/NewTest.asmdef)
Assembly with name 'NewTest' already exists (Assets/Prefabs/SerializeReferenceEditor/Assets/SREditor/Samples/Demo/NewTests/NewTest.asmdef)
Assembly with name 'SREditor' already exists (Assets/Prefabs/SerializeReferenceEditor/Assets/SREditor/Package/Scripts/SREditor.asmdef)
Assembly with name 'SREditor' already exists (Assets/SerializeReferenceEditor/Assets/SREditor/Package/Scripts/SREditor.asmdef)
Assembly with name 'SRDemo-Editor' already exists (Assets/Prefabs/SerializeReferenceEditor/Assets/SREditor/Samples/Demo/Editor/SRDemo-Editor.asmdef)
Assembly with name 'SRDemo-Editor' already exists (Assets/SerializeReferenceEditor/Assets/SREditor/Samples/Demo/Editor/SRDemo-Editor.asmdef)
Mono: successfully reloaded assembly
- Finished resetting the current domain, in  0.857 seconds
Domain Reload Profiling: 1176ms
	BeginReloadAssembly (115ms)
		ExecutionOrderSort (0ms)
		DisableScriptedObjects (7ms)
		BackupInstance (0ms)
		ReleaseScriptingObjects (0ms)
		CreateAndSetChildDomain (39ms)
	RebuildCommonClasses (22ms)
	RebuildNativeTypeToScriptingClass (7ms)
	initialDomainReloadingComplete (17ms)
	LoadAllAssembliesAndSetupDomain (157ms)
		LoadAssemblies (192ms)
		RebuildTransferFunctionScriptingTraits (0ms)
		AnalyzeDomain (11ms)
			TypeCache.Refresh (5ms)
				TypeCache.ScanAssembly (0ms)
			ScanForSourceGeneratedMonoScriptInfo (0ms)
			ResolveRequiredComponents (4ms)
	FinalizeReload (858ms)
		ReleaseScriptCaches (0ms)
		RebuildScriptCaches (0ms)
		SetupLoadedEditorAssemblies (565ms)
			LogAssemblyErrors (0ms)
			InitializePlatformSupportModulesInManaged (5ms)
			SetLoadedEditorAssemblies (3ms)
			RefreshPlugins (0ms)
			BeforeProcessingInitializeOnLoad (76ms)
			ProcessInitializeOnLoadAttributes (440ms)
			ProcessInitializeOnLoadMethodAttributes (39ms)
			AfterProcessingInitializeOnLoad (2ms)
			EditorAssembliesLoaded (0ms)
		ExecutionOrderSort2 (0ms)
		AwakeInstancesAfterBackupRestoration (15ms)
Refreshing native plugins compatible for Editor in 2.53 ms, found 4 plugins.
Preloading 0 native plugins for Editor in 0.00 ms.
Unloading 4328 Unused Serialized files (Serialized files now loaded: 0)
Unloading 23 unused Assets / (31.8 KB). Loaded Objects now: 4977.
Memory consumption went from 156.3 MB to 156.3 MB.
Total: 3.944200 ms (FindLiveObjects: 0.448400 ms CreateObjectMapping: 0.089800 ms MarkObjects: 3.345600 ms  DeleteObjects: 0.059000 ms)

Prepare: number of updated asset objects reloaded= 0
AssetImportParameters requested are different than current active one (requested -> active):
  custom:scripting/monoscript/fileName/SRDemoAttribute.cs: b217f8d4e07b14b9940a83b035def963 -> 
  custom:scripting/monoscript/fileName/DrawCardEffect.cs: d9cd090163e949cc8a887419c09c7761 -> 
  custom:scripting/monoscript/fileName/LoadAllScriptableObjects.cs: 8c4c4caa6c9d58a1046ba488534e615c -> 
  custom:container-demuxer-ogg: 62fdf1f143b41e24485cea50d1cbac27 -> 
  custom:scripting/monoscript/fileName/StringData.cs: 899c5872079327f54ed117fc61ea02c0 -> 
  custom:scripting/monoscript/fileName/IAssetsLoader.cs: 8d295a5e2d097f03f5f00e3441d974eb -> 
  custom:scripting/monoscript/fileName/SRTypeTreeFactory.cs: b9f0ea0d3f426034a242fccaec253fa9 -> 
  custom:scripting/monoscript/fileName/TypeReplacer.cs: ae51176d3fdd2e15067fbf3eeb4d1ffd -> 
  custom:scripting/monoscript/fileName/SRTypeCache.cs: cd51da883b797559c225dab095647981 -> 
  custom:video-codec-MediaFoundation-h265: 746d11721c4dcdbdad8f713fa42b33f4 -> 
  custom:scripting/monoscript/fileName/FormerlySerializedTypeAttribute.cs: a2ba12d6f49519a27a785cb6e7cc3b9c -> 
  custom:scripting/monoscript/fileName/IData.cs: 869deb168c5112234ead0b60061e88d4 -> 
  custom:video-decoder-ogg-theora: a1e56fd34408186e4bbccfd4996cb3dc -> 
  custom:scripting/monoscript/fileName/TypeInfo.cs: 3a9ce2b1121b5df65b59d03380de4ab6 -> 
  custom:scripting/monoscript/fileName/InstanceClassSRAction.cs: 78c0331d959a99a60c1adff7e81d3862 -> 
  custom:framework-win-MediaFoundation: 216162199b28c13a410421893ffa2e32 -> 
  custom:scripting/monoscript/fileName/NewBehaviourScript.cs: b21687ddb03d73bd9f0c1daecb9714de -> 
  custom:scripting/monoscript/fileName/ScriptableObjectTestData.cs: 56e0c1e05ef2b3e0ecda33fad772a283 -> 
  custom:scripting/monoscript/fileName/EffectSystem.cs: b0ad6e16ec836c7041e32797dc41491c -> 
  custom:scripting/precompiled-assembly-types:SREditor-Editor: 55b5456b5630cab223524f958b1d591b -> 
  custom:scripting/monoscript/fileName/SRDrawer.cs: cbea2dac214fbebe88c1bdc69ad4b45f -> 
  custom:scripting/monoscript/fileName/SRNameAttribute.cs: 1b1dbd11348e161435c454df7cc85608 -> 
  custom:scripting/monoscript/fileName/AbstractData.cs: c2fc160bd7af24ef3912d4546ba164da -> 
  custom:scripting/monoscript/fileName/DataList.cs: ac707c81ae30f006632cf7b337900264 -> 
  custom:scripting/precompiled-assembly-types:NewTest: 1f1ee7a59c4c112b0ac23a43c8848db5 -> 
  custom:scripting/monoscript/fileName/TypeReplaceHelper.cs: 5061a70e5cba90a2f93fbaca5002d92c -> 
  custom:CustomObjectIndexerAttribute: 9a22284fe3817be447336de3de66b15e -> 
  custom:scripting/monoscript/fileName/IntegerData.cs: be3d36b532f74a94814765d5582dd467 -> 
  custom:scripting/monoscript/fileName/TypeReplacerWindow.cs: c75b82325a10408dedd0b6359fe6ec16 -> 
  custom:scripting/monoscript/fileName/NewTestData.cs: d4cd3933424ead977ec2d13d82f8bf32 -> 
  custom:scripting/monoscript/fileName/StringInterfaceData.cs: 3d50b8fc8dd0f40f14ecec98ae9d71bf -> 
  custom:scripting/monoscript/fileName/ProcessingCoordinator.cs: a2cc59e2f1bdaa862f8699f5126d0c16 -> 
  custom:scripting/monoscript/fileName/PerformEffectGA.cs: 7b9d563e7db0f9ce1c3e652db6ec3676 -> 
  custom:scripting/monoscript/fileName/PlayCardGA.cs: 5789139290271257e0b7651fe5863c2e -> 
  custom:scripting/monoscript/fileName/SRFormerlyTypeCache.cs: b7cf08609a0a042a8236322b594b8142 -> 
  custom:container-demuxer-webm: 4f35f7cbe854078d1ac9338744f61a02 -> 
  custom:scripting/monoscript/fileName/SREditorSettings.cs: 3331118a764dc5e43cc7c0d781d392d8 -> 
  custom:scripting/precompiled-assembly-types:SRDemo-Editor: 8adfbed147264f837f3a0482ccfceda7 -> 
  custom:scripting/monoscript/fileName/SRMissingTypesValidator.cs: 46bac1a342b6b1607f4b717707b04fa2 -> 
  custom:scripting/precompiled-assembly-types:SREditor: df3fe5802f2450a7160c4b4df24efb82 -> 
  custom:scripting/monoscript/fileName/CustomDataDrawer.cs: 65ff75100b510d38b07627bf3a1e89c7 -> 
  custom:scripting/monoscript/fileName/DataHolder.cs: b5fe96c290fd369c9489341d8f0c6c3f -> 
  custom:scripting/monoscript/fileName/FloatNamedData.cs: f5fca032bc29de94a8bc17bae6d6c41d -> 
  custom:scripting/monoscript/fileName/SRAttribute.cs: 789115209565033af35d3e3afd3e3310 -> 
  custom:scripting/monoscript/fileName/SRDuplicateCleaner.cs: d225ff68fd10a29da65fb6f03456bf58 -> 
  custom:scripting/monoscript/fileName/StringNamedData.cs: b9ca07eb5bf5f668f896b2406b80c50f -> 
  custom:scripting/monoscript/fileName/PrefabTest.cs: 6b21488e501f2b8de0cbf89d0ebca7f4 -> 
  custom:scripting/monoscript/fileName/FloatData.cs: a36b3dfab935a3cafd5bec620587edb1 -> 
  custom:container-muxer-webm: aa71ff27fc2769a1b78a27578f13a17b -> 
  custom:video-decoder-webm-vp8: 9c59270c3fd7afecdb556c50c9e8de78 -> 
  custom:scripting/monoscript/fileName/ComplexData.cs: a41c3c64cbd5a4249e25f8e18e449ae5 -> 
  custom:scripting/monoscript/fileName/SRMissingTypesValidatorConfig.cs: 311504d3d80993c651daaad954f1305b -> 
  custom:SearchIndexIgnoredProperties: e643bd26f0fe6173181afceb89e7c659 -> 
  custom:AudioImporter_EditorPlatform: d09bf68614088b80899f8185d706f6e7 -> 
  custom:scripting/monoscript/fileName/SRTypesSearchWindowProvider.cs: efc74559e42bc1aa7b7f5150b360d2fb -> 
  custom:scripting/monoscript/fileName/MissingTypesCleaner.cs: d3f00f379b86ec4cc811f9c87e215dd8 -> 
  custom:scripting/monoscript/fileName/SREditorSettingsProvider.cs: 37a99a0352dafd2b90ce1865506af283 -> 
  custom:scripting/monoscript/fileName/AbstractNamedData.cs: e532bceb478b1b5456b1c7ec34accfb2 -> 
  custom:scripting/monoscript/fileName/UnityLogAssetMissingTypeReport.cs: 0623721f233a6cc1458bd3d77272d40b -> 
  custom:scripting/monoscript/fileName/Effect.cs: db0847a469ed795dc13473466caf2c90 -> 
  custom:scripting/monoscript/fileName/SRCashTypeSearchTree.cs: ce95e72afce0c3503f63fc4c4d621b06 -> 
  custom:scripting/monoscript/fileName/SRHiddenAttribute.cs: b80fc48a45fff22c67246a0eb3bb2f52 -> 
  custom:scripting/monoscript/fileName/TypeInfoComparer.cs: f78e3dd8571fb435023b893ff6ab0349 -> 
  custom:scripting/monoscript/fileName/NameService.cs: 0b470d478878f04170f09ea709d96d20 -> 
  custom:scripting/monoscript/fileName/TestData.cs: 30cb1cfce572b4f2dcb721be1e0e9081 -> 
  custom:scripting/monoscript/fileName/CustomData.cs: d49523017a9f23851db158eaea2801ff -> 
  custom:scripting/monoscript/fileName/SRActionFactory.cs: 6cb7f0a6c20ec38e4610be62bfe55206 -> 
  custom:scripting/monoscript/fileName/SRAction.cs: ef58eb737e49a3b52271615452d512d9 -> 
  custom:video-encoder-webm-vp8: eb34c28f22e8b96e1ab97ce403110664 -> 
  custom:scripting/monoscript/fileName/HiddenData.cs: 1b489c97a3d23394b73da862faf88fdf -> 
  custom:audio-decoder-ogg-vorbis: bf7c407c2cedff20999df2af8eb42d56 -> 
  custom:scripting/monoscript/fileName/IntegerNamedData.cs: 608697fde81a43c41d54201b88e6e311 -> 
  custom:scripting/monoscript/fileName/AssetChangeDetector.cs: 65333c271892a57b3b74113ae0b0e6d4 -> 
  custom:scripting/monoscript/fileName/ContainerData.cs: c5dc4e9b9c3e32e43213d6d81fd37d43 -> 
  custom:scripting/monoscript/fileName/SRDrawerOptions.cs: 2b1003830d2989546caf7126adc49d41 -> 
  custom:scripting/monoscript/fileName/IAssetMissingTypeReport.cs: 22126180f057be89ffb14e06670cf701 -> 
  custom:audio-encoder-webm-vorbis: bf7c407c2cedff20999df2af8eb42d56 -> 
  custom:scripting/precompiled-assembly-types:SRDemo: 12f6be23b5d35fc375ef15de3d23d5b7 -> 
  custom:scripting/monoscript/fileName/MissingTypesLogger.cs: eac8c33766e6330de4c0a44b29a2de78 -> 
  custom:scripting/precompiled-assembly-types:Assembly-CSharp: 28ce7a9767d4a546d38c62b63d92516f -> e24d7867124476b8f6c482295ea6f2d1
  custom:scripting/monoscript/fileName/TypeInfoArrayComparer.cs: 4734a6743c056bda54f6256be31cb96a -> 
  custom:scripting/monoscript/fileName/ScriptableObjectTest.cs: b53441fff951350b341178933e3e23ef -> 
  custom:scripting/monoscript/fileName/ErasePropertySRAction.cs: 4b881b6741f1070c9d03f1dd87107a3b -> 
