Using pre-set license
Built from '2022.3/release' branch; Version is '2022.3.61f1 (6c53ebaf375d) revision 7099371'; Using compiler version '192829333'; Build Type 'Release'
OS: 'Windows 11  (10.0.26100) 64bit Professional' Language: 'zh' Physical Memory: 16087 MB
BatchMode: 1, IsHumanControllingUs: 0, StartBugReporterOnCrash: 0, Is64bit: 1, IsPro: 1

COMMAND LINE ARGUMENTS:
D:\UnityGlobal\Editor\Unity.exe
-adb2
-batchMode
-noUpm
-name
AssetImportWorker0
-projectPath
D:/UnityGame/Slay the spire
-logFile
Logs/AssetImportWorker0.log
-srvPort
58961
Successfully changed project path to: D:/UnityGame/Slay the spire
D:/UnityGame/Slay the spire
[UnityMemory] Configuration Parameters - Can be set up in boot.config
    "memorysetup-bucket-allocator-granularity=16"
    "memorysetup-bucket-allocator-bucket-count=8"
    "memorysetup-bucket-allocator-block-size=33554432"
    "memorysetup-bucket-allocator-block-count=8"
    "memorysetup-main-allocator-block-size=16777216"
    "memorysetup-thread-allocator-block-size=16777216"
    "memorysetup-gfx-main-allocator-block-size=16777216"
    "memorysetup-gfx-thread-allocator-block-size=16777216"
    "memorysetup-cache-allocator-block-size=4194304"
    "memorysetup-typetree-allocator-block-size=2097152"
    "memorysetup-profiler-bucket-allocator-granularity=16"
    "memorysetup-profiler-bucket-allocator-bucket-count=8"
    "memorysetup-profiler-bucket-allocator-block-size=33554432"
    "memorysetup-profiler-bucket-allocator-block-count=8"
    "memorysetup-profiler-allocator-block-size=16777216"
    "memorysetup-profiler-editor-allocator-block-size=1048576"
    "memorysetup-temp-allocator-size-main=16777216"
    "memorysetup-job-temp-allocator-block-size=2097152"
    "memorysetup-job-temp-allocator-block-size-background=1048576"
    "memorysetup-job-temp-allocator-reduction-small-platforms=262144"
    "memorysetup-allocator-temp-initial-block-size-main=262144"
    "memorysetup-allocator-temp-initial-block-size-worker=262144"
    "memorysetup-temp-allocator-size-background-worker=32768"
    "memorysetup-temp-allocator-size-job-worker=262144"
    "memorysetup-temp-allocator-size-preload-manager=33554432"
    "memorysetup-temp-allocator-size-nav-mesh-worker=65536"
    "memorysetup-temp-allocator-size-audio-worker=65536"
    "memorysetup-temp-allocator-size-cloud-worker=32768"
    "memorysetup-temp-allocator-size-gi-baking-worker=262144"
    "memorysetup-temp-allocator-size-gfx=262144"
Player connection [3928]  Target information:

Player connection [3928]  * "[IP] 172.16.201.211 [Port] 0 [Flags] 2 [Guid] 1383520223 [EditorId] 1383520223 [Version] 1048832 [Id] WindowsEditor(7,ĭ·) [Debug] 1 [PackageName] WindowsEditor [ProjectName] Editor" 

Player connection [3928] Host joined multi-casting on [225.0.0.222:54997]...
Player connection [3928] Host joined alternative multi-casting on [225.0.0.222:34997]...
Input System module state changed to: Initialized.
[PhysX] Initialized MultithreadedTaskDispatcher with 28 workers.
Refreshing native plugins compatible for Editor in 4.82 ms, found 4 plugins.
Preloading 0 native plugins for Editor in 0.00 ms.
Initialize engine version: 2022.3.61f1 (6c53ebaf375d)
[Subsystems] Discovering subsystems at path D:/UnityGlobal/Editor/Data/Resources/UnitySubsystems
[Subsystems] Discovering subsystems at path D:/UnityGame/Slay the spire/Assets
GfxDevice: creating device client; threaded=0; jobified=0
Direct3D:
    Version:  Direct3D 11.0 [level 11.1]
    Renderer: NVIDIA GeForce RTX 4060 Laptop GPU (ID=0x28a0)
    Vendor:   NVIDIA
    VRAM:     7957 MB
    Driver:   32.0.15.6636
Initialize mono
Mono path[0] = 'D:/UnityGlobal/Editor/Data/Managed'
Mono path[1] = 'D:/UnityGlobal/Editor/Data/MonoBleedingEdge/lib/mono/unityjit-win32'
Mono config path = 'D:/UnityGlobal/Editor/Data/MonoBleedingEdge/etc'
Using monoOptions --debugger-agent=transport=dt_socket,embedding=1,server=y,suspend=n,address=127.0.0.1:56112
Begin MonoManager ReloadAssembly
Registering precompiled unity dll's ...
Register platform support module: D:/UnityGlobal/Editor/Data/PlaybackEngines/WindowsStandaloneSupport/UnityEditor.WindowsStandalone.Extensions.dll
Registered in 0.001185 seconds.
- Loaded All Assemblies, in  0.215 seconds
Native extension for WindowsStandalone target not found
Mono: successfully reloaded assembly
- Finished resetting the current domain, in  0.157 seconds
Domain Reload Profiling: 372ms
	BeginReloadAssembly (76ms)
		ExecutionOrderSort (0ms)
		DisableScriptedObjects (0ms)
		BackupInstance (0ms)
		ReleaseScriptingObjects (0ms)
		CreateAndSetChildDomain (0ms)
	RebuildCommonClasses (22ms)
	RebuildNativeTypeToScriptingClass (6ms)
	initialDomainReloadingComplete (29ms)
	LoadAllAssembliesAndSetupDomain (82ms)
		LoadAssemblies (75ms)
		RebuildTransferFunctionScriptingTraits (0ms)
		AnalyzeDomain (81ms)
			TypeCache.Refresh (80ms)
				TypeCache.ScanAssembly (72ms)
			ScanForSourceGeneratedMonoScriptInfo (0ms)
			ResolveRequiredComponents (0ms)
	FinalizeReload (157ms)
		ReleaseScriptCaches (0ms)
		RebuildScriptCaches (0ms)
		SetupLoadedEditorAssemblies (130ms)
			LogAssemblyErrors (0ms)
			InitializePlatformSupportModulesInManaged (4ms)
			SetLoadedEditorAssemblies (4ms)
			RefreshPlugins (0ms)
			BeforeProcessingInitializeOnLoad (1ms)
			ProcessInitializeOnLoadAttributes (90ms)
			ProcessInitializeOnLoadMethodAttributes (30ms)
			AfterProcessingInitializeOnLoad (0ms)
			EditorAssembliesLoaded (0ms)
		ExecutionOrderSort2 (0ms)
		AwakeInstancesAfterBackupRestoration (0ms)
========================================================================
Worker process is ready to serve import requests
Caller must complete domain reload
Begin MonoManager ReloadAssembly
- Loaded All Assemblies, in  0.601 seconds
Native extension for WindowsStandalone target not found
Mono: successfully reloaded assembly
- Finished resetting the current domain, in  0.559 seconds
Domain Reload Profiling: 1160ms
	BeginReloadAssembly (125ms)
		ExecutionOrderSort (0ms)
		DisableScriptedObjects (6ms)
		BackupInstance (0ms)
		ReleaseScriptingObjects (0ms)
		CreateAndSetChildDomain (19ms)
	RebuildCommonClasses (26ms)
	RebuildNativeTypeToScriptingClass (8ms)
	initialDomainReloadingComplete (30ms)
	LoadAllAssembliesAndSetupDomain (412ms)
		LoadAssemblies (287ms)
		RebuildTransferFunctionScriptingTraits (0ms)
		AnalyzeDomain (194ms)
			TypeCache.Refresh (170ms)
				TypeCache.ScanAssembly (156ms)
			ScanForSourceGeneratedMonoScriptInfo (18ms)
			ResolveRequiredComponents (4ms)
	FinalizeReload (560ms)
		ReleaseScriptCaches (0ms)
		RebuildScriptCaches (0ms)
		SetupLoadedEditorAssemblies (446ms)
			LogAssemblyErrors (0ms)
			InitializePlatformSupportModulesInManaged (3ms)
			SetLoadedEditorAssemblies (3ms)
			RefreshPlugins (0ms)
			BeforeProcessingInitializeOnLoad (48ms)
			ProcessInitializeOnLoadAttributes (361ms)
			ProcessInitializeOnLoadMethodAttributes (29ms)
			AfterProcessingInitializeOnLoad (2ms)
			EditorAssembliesLoaded (0ms)
		ExecutionOrderSort2 (0ms)
		AwakeInstancesAfterBackupRestoration (6ms)
Launched and connected shader compiler UnityShaderCompiler.exe after 0.05 seconds
Refreshing native plugins compatible for Editor in 1.76 ms, found 4 plugins.
Preloading 0 native plugins for Editor in 0.00 ms.
Unloading 4289 Unused Serialized files (Serialized files now loaded: 0)
Unloading 34 unused Assets / (30.2 KB). Loaded Objects now: 4779.
Memory consumption went from 160.4 MB to 160.4 MB.
Total: 4.737400 ms (FindLiveObjects: 0.294500 ms CreateObjectMapping: 0.099100 ms MarkObjects: 4.268200 ms  DeleteObjects: 0.074500 ms)

AssetImportParameters requested are different than current active one (requested -> active):
  custom:container-demuxer-ogg: 62fdf1f143b41e24485cea50d1cbac27 -> 
  custom:video-codec-MediaFoundation-h265: 746d11721c4dcdbdad8f713fa42b33f4 -> 
  custom:video-decoder-ogg-theora: a1e56fd34408186e4bbccfd4996cb3dc -> 
  custom:framework-win-MediaFoundation: 216162199b28c13a410421893ffa2e32 -> 
  custom:CustomObjectIndexerAttribute: 9a22284fe3817be447336de3de66b15e -> 
  custom:container-demuxer-webm: 4f35f7cbe854078d1ac9338744f61a02 -> 
  custom:container-muxer-webm: aa71ff27fc2769a1b78a27578f13a17b -> 
  custom:video-decoder-webm-vp8: 9c59270c3fd7afecdb556c50c9e8de78 -> 
  custom:SearchIndexIgnoredProperties: e643bd26f0fe6173181afceb89e7c659 -> 
  custom:AudioImporter_EditorPlatform: d09bf68614088b80899f8185d706f6e7 -> 
  custom:video-encoder-webm-vp8: eb34c28f22e8b96e1ab97ce403110664 -> 
  custom:audio-decoder-ogg-vorbis: bf7c407c2cedff20999df2af8eb42d56 -> 
  custom:audio-encoder-webm-vorbis: bf7c407c2cedff20999df2af8eb42d56 -> 
========================================================================
Received Import Request.
  Time since last request: 123558.943706 seconds.
  path: Assets/Scripts/GameActions/PlayCardGA.cs
  artifactKey: Guid(ff679d5e834025749a3be0010920cfae) Importer(815301076,1909f56bfc062723c751e8b465ee728b)
Start importing Assets/Scripts/GameActions/PlayCardGA.cs using Guid(ff679d5e834025749a3be0010920cfae) Importer(815301076,1909f56bfc062723c751e8b465ee728b) [PhysX] Initialized MultithreadedTaskDispatcher with 28 workers.
 -> (artifact id: '411a1fd7c6eab2980a98812d66ff79e9') in 0.002802 seconds
Number of updated asset objects reloaded before import = 0
Number of asset objects unloaded after import = 0
========================================================================
Received Prepare
Caller must complete domain reload
Begin MonoManager ReloadAssembly
- Loaded All Assemblies, in  2.014 seconds
Native extension for WindowsStandalone target not found
Mono: successfully reloaded assembly
- Finished resetting the current domain, in  0.789 seconds
Domain Reload Profiling: 2805ms
	BeginReloadAssembly (1579ms)
		ExecutionOrderSort (0ms)
		DisableScriptedObjects (1335ms)
		BackupInstance (0ms)
		ReleaseScriptingObjects (1ms)
		CreateAndSetChildDomain (79ms)
	RebuildCommonClasses (35ms)
	RebuildNativeTypeToScriptingClass (13ms)
	initialDomainReloadingComplete (28ms)
	LoadAllAssembliesAndSetupDomain (361ms)
		LoadAssemblies (426ms)
		RebuildTransferFunctionScriptingTraits (0ms)
		AnalyzeDomain (53ms)
			TypeCache.Refresh (23ms)
				TypeCache.ScanAssembly (1ms)
			ScanForSourceGeneratedMonoScriptInfo (19ms)
			ResolveRequiredComponents (8ms)
	FinalizeReload (789ms)
		ReleaseScriptCaches (0ms)
		RebuildScriptCaches (0ms)
		SetupLoadedEditorAssemblies (610ms)
			LogAssemblyErrors (0ms)
			InitializePlatformSupportModulesInManaged (5ms)
			SetLoadedEditorAssemblies (4ms)
			RefreshPlugins (0ms)
			BeforeProcessingInitializeOnLoad (62ms)
			ProcessInitializeOnLoadAttributes (502ms)
			ProcessInitializeOnLoadMethodAttributes (35ms)
			AfterProcessingInitializeOnLoad (2ms)
			EditorAssembliesLoaded (0ms)
		ExecutionOrderSort2 (0ms)
		AwakeInstancesAfterBackupRestoration (13ms)
Refreshing native plugins compatible for Editor in 2.34 ms, found 4 plugins.
Preloading 0 native plugins for Editor in 0.00 ms.
Unloading 4263 Unused Serialized files (Serialized files now loaded: 0)
Unloading 22 unused Assets / (31.8 KB). Loaded Objects now: 4784.
Memory consumption went from 154.8 MB to 154.7 MB.
Total: 4.199100 ms (FindLiveObjects: 0.302300 ms CreateObjectMapping: 0.098800 ms MarkObjects: 3.744400 ms  DeleteObjects: 0.052400 ms)

Prepare: number of updated asset objects reloaded= 0
AssetImportParameters requested are different than current active one (requested -> active):
  custom:container-demuxer-ogg: 62fdf1f143b41e24485cea50d1cbac27 -> 
  custom:video-codec-MediaFoundation-h265: 746d11721c4dcdbdad8f713fa42b33f4 -> 
  custom:video-decoder-ogg-theora: a1e56fd34408186e4bbccfd4996cb3dc -> 
  custom:framework-win-MediaFoundation: 216162199b28c13a410421893ffa2e32 -> 
  custom:CustomObjectIndexerAttribute: 9a22284fe3817be447336de3de66b15e -> 
  custom:scripting/monoscript/fileName/PlayCardGA.cs: fcb66996ca192efd40d8c5794de6b144 -> 
  custom:container-demuxer-webm: 4f35f7cbe854078d1ac9338744f61a02 -> 
  custom:container-muxer-webm: aa71ff27fc2769a1b78a27578f13a17b -> 
  custom:video-decoder-webm-vp8: 9c59270c3fd7afecdb556c50c9e8de78 -> 
  custom:SearchIndexIgnoredProperties: e643bd26f0fe6173181afceb89e7c659 -> 
  custom:AudioImporter_EditorPlatform: d09bf68614088b80899f8185d706f6e7 -> 
  custom:video-encoder-webm-vp8: eb34c28f22e8b96e1ab97ce403110664 -> 
  custom:audio-decoder-ogg-vorbis: bf7c407c2cedff20999df2af8eb42d56 -> 
  custom:audio-encoder-webm-vorbis: bf7c407c2cedff20999df2af8eb42d56 -> 
  custom:scripting/precompiled-assembly-types:Assembly-CSharp: 61380516a33b71b340cb015dd3afd99c -> e24d7867124476b8f6c482295ea6f2d1
========================================================================
Received Import Request.
  Time since last request: 83.060369 seconds.
  path: Assets/Scripts/GameActions/PlayCardGA.cs
  artifactKey: Guid(ff679d5e834025749a3be0010920cfae) Importer(815301076,1909f56bfc062723c751e8b465ee728b)
Start importing Assets/Scripts/GameActions/PlayCardGA.cs using Guid(ff679d5e834025749a3be0010920cfae) Importer(815301076,1909f56bfc062723c751e8b465ee728b) [PhysX] Initialized MultithreadedTaskDispatcher with 28 workers.
 -> (artifact id: '1218438b88627f5117fda672913b878c') in 0.029938 seconds
Number of updated asset objects reloaded before import = 0
Number of asset objects unloaded after import = 0
========================================================================
Received Prepare
Caller must complete domain reload
Begin MonoManager ReloadAssembly
- Loaded All Assemblies, in  0.592 seconds
Native extension for WindowsStandalone target not found
Mono: successfully reloaded assembly
- Finished resetting the current domain, in  5.412 seconds
Domain Reload Profiling: 6004ms
	BeginReloadAssembly (113ms)
		ExecutionOrderSort (0ms)
		DisableScriptedObjects (8ms)
		BackupInstance (0ms)
		ReleaseScriptingObjects (0ms)
		CreateAndSetChildDomain (27ms)
	RebuildCommonClasses (21ms)
	RebuildNativeTypeToScriptingClass (7ms)
	initialDomainReloadingComplete (19ms)
	LoadAllAssembliesAndSetupDomain (431ms)
		LoadAssemblies (463ms)
		RebuildTransferFunctionScriptingTraits (0ms)
		AnalyzeDomain (23ms)
			TypeCache.Refresh (9ms)
				TypeCache.ScanAssembly (1ms)
			ScanForSourceGeneratedMonoScriptInfo (8ms)
			ResolveRequiredComponents (5ms)
	FinalizeReload (5413ms)
		ReleaseScriptCaches (0ms)
		RebuildScriptCaches (0ms)
		SetupLoadedEditorAssemblies (663ms)
			LogAssemblyErrors (0ms)
			InitializePlatformSupportModulesInManaged (12ms)
			SetLoadedEditorAssemblies (8ms)
			RefreshPlugins (0ms)
			BeforeProcessingInitializeOnLoad (97ms)
			ProcessInitializeOnLoadAttributes (504ms)
			ProcessInitializeOnLoadMethodAttributes (40ms)
			AfterProcessingInitializeOnLoad (2ms)
			EditorAssembliesLoaded (0ms)
		ExecutionOrderSort2 (0ms)
		AwakeInstancesAfterBackupRestoration (32ms)
Refreshing native plugins compatible for Editor in 4.88 ms, found 4 plugins.
Preloading 0 native plugins for Editor in 0.00 ms.
Unloading 4263 Unused Serialized files (Serialized files now loaded: 0)
Unloading 22 unused Assets / (31.6 KB). Loaded Objects now: 4788.
Memory consumption went from 154.8 MB to 154.7 MB.
Total: 4.432400 ms (FindLiveObjects: 0.341100 ms CreateObjectMapping: 0.107300 ms MarkObjects: 3.920800 ms  DeleteObjects: 0.061800 ms)

Prepare: number of updated asset objects reloaded= 0
AssetImportParameters requested are different than current active one (requested -> active):
  custom:container-demuxer-ogg: 62fdf1f143b41e24485cea50d1cbac27 -> 
  custom:video-codec-MediaFoundation-h265: 746d11721c4dcdbdad8f713fa42b33f4 -> 
  custom:video-decoder-ogg-theora: a1e56fd34408186e4bbccfd4996cb3dc -> 
  custom:framework-win-MediaFoundation: 216162199b28c13a410421893ffa2e32 -> 
  custom:CustomObjectIndexerAttribute: 9a22284fe3817be447336de3de66b15e -> 
  custom:scripting/monoscript/fileName/PlayCardGA.cs: 5789139290271257e0b7651fe5863c2e -> 
  custom:container-demuxer-webm: 4f35f7cbe854078d1ac9338744f61a02 -> 
  custom:container-muxer-webm: aa71ff27fc2769a1b78a27578f13a17b -> 
  custom:video-decoder-webm-vp8: 9c59270c3fd7afecdb556c50c9e8de78 -> 
  custom:SearchIndexIgnoredProperties: e643bd26f0fe6173181afceb89e7c659 -> 
  custom:AudioImporter_EditorPlatform: d09bf68614088b80899f8185d706f6e7 -> 
  custom:video-encoder-webm-vp8: eb34c28f22e8b96e1ab97ce403110664 -> 
  custom:audio-decoder-ogg-vorbis: bf7c407c2cedff20999df2af8eb42d56 -> 
  custom:audio-encoder-webm-vorbis: bf7c407c2cedff20999df2af8eb42d56 -> 
  custom:scripting/precompiled-assembly-types:Assembly-CSharp: a08f5cc82c0cf8ce9b9e4a40a699ec2e -> e24d7867124476b8f6c482295ea6f2d1
========================================================================
Received Prepare
Caller must complete domain reload
Begin MonoManager ReloadAssembly
- Loaded All Assemblies, in  0.369 seconds
Native extension for WindowsStandalone target not found
Mono: successfully reloaded assembly
- Finished resetting the current domain, in  0.625 seconds
Domain Reload Profiling: 993ms
	BeginReloadAssembly (134ms)
		ExecutionOrderSort (0ms)
		DisableScriptedObjects (9ms)
		BackupInstance (0ms)
		ReleaseScriptingObjects (0ms)
		CreateAndSetChildDomain (33ms)
	RebuildCommonClasses (20ms)
	RebuildNativeTypeToScriptingClass (8ms)
	initialDomainReloadingComplete (16ms)
	LoadAllAssembliesAndSetupDomain (191ms)
		LoadAssemblies (241ms)
		RebuildTransferFunctionScriptingTraits (0ms)
		AnalyzeDomain (19ms)
			TypeCache.Refresh (7ms)
				TypeCache.ScanAssembly (1ms)
			ScanForSourceGeneratedMonoScriptInfo (7ms)
			ResolveRequiredComponents (4ms)
	FinalizeReload (625ms)
		ReleaseScriptCaches (0ms)
		RebuildScriptCaches (0ms)
		SetupLoadedEditorAssemblies (352ms)
			LogAssemblyErrors (0ms)
			InitializePlatformSupportModulesInManaged (3ms)
			SetLoadedEditorAssemblies (2ms)
			RefreshPlugins (0ms)
			BeforeProcessingInitializeOnLoad (40ms)
			ProcessInitializeOnLoadAttributes (284ms)
			ProcessInitializeOnLoadMethodAttributes (20ms)
			AfterProcessingInitializeOnLoad (3ms)
			EditorAssembliesLoaded (0ms)
		ExecutionOrderSort2 (0ms)
		AwakeInstancesAfterBackupRestoration (10ms)
Refreshing native plugins compatible for Editor in 1.54 ms, found 4 plugins.
Preloading 0 native plugins for Editor in 0.00 ms.
Unloading 4264 Unused Serialized files (Serialized files now loaded: 0)
Unloading 22 unused Assets / (31.6 KB). Loaded Objects now: 4792.
Memory consumption went from 155.0 MB to 155.0 MB.
Total: 3.430700 ms (FindLiveObjects: 0.232100 ms CreateObjectMapping: 0.065700 ms MarkObjects: 3.072300 ms  DeleteObjects: 0.059600 ms)

Prepare: number of updated asset objects reloaded= 0
AssetImportParameters requested are different than current active one (requested -> active):
  custom:container-demuxer-ogg: 62fdf1f143b41e24485cea50d1cbac27 -> 
  custom:video-codec-MediaFoundation-h265: 746d11721c4dcdbdad8f713fa42b33f4 -> 
  custom:video-decoder-ogg-theora: a1e56fd34408186e4bbccfd4996cb3dc -> 
  custom:framework-win-MediaFoundation: 216162199b28c13a410421893ffa2e32 -> 
  custom:CustomObjectIndexerAttribute: 9a22284fe3817be447336de3de66b15e -> 
  custom:scripting/monoscript/fileName/PlayCardGA.cs: 5789139290271257e0b7651fe5863c2e -> 
  custom:container-demuxer-webm: 4f35f7cbe854078d1ac9338744f61a02 -> 
  custom:container-muxer-webm: aa71ff27fc2769a1b78a27578f13a17b -> 
  custom:video-decoder-webm-vp8: 9c59270c3fd7afecdb556c50c9e8de78 -> 
  custom:SearchIndexIgnoredProperties: e643bd26f0fe6173181afceb89e7c659 -> 
  custom:AudioImporter_EditorPlatform: d09bf68614088b80899f8185d706f6e7 -> 
  custom:video-encoder-webm-vp8: eb34c28f22e8b96e1ab97ce403110664 -> 
  custom:audio-decoder-ogg-vorbis: bf7c407c2cedff20999df2af8eb42d56 -> 
  custom:audio-encoder-webm-vorbis: bf7c407c2cedff20999df2af8eb42d56 -> 
  custom:scripting/precompiled-assembly-types:Assembly-CSharp: c8fb2344a15dd9b362626a3e1bbfa763 -> e24d7867124476b8f6c482295ea6f2d1
========================================================================
Received Prepare
Caller must complete domain reload
Begin MonoManager ReloadAssembly
- Loaded All Assemblies, in  0.319 seconds
Native extension for WindowsStandalone target not found
Mono: successfully reloaded assembly
- Finished resetting the current domain, in  0.604 seconds
Domain Reload Profiling: 923ms
	BeginReloadAssembly (114ms)
		ExecutionOrderSort (0ms)
		DisableScriptedObjects (8ms)
		BackupInstance (0ms)
		ReleaseScriptingObjects (0ms)
		CreateAndSetChildDomain (29ms)
	RebuildCommonClasses (23ms)
	RebuildNativeTypeToScriptingClass (7ms)
	initialDomainReloadingComplete (15ms)
	LoadAllAssembliesAndSetupDomain (159ms)
		LoadAssemblies (193ms)
		RebuildTransferFunctionScriptingTraits (0ms)
		AnalyzeDomain (19ms)
			TypeCache.Refresh (8ms)
				TypeCache.ScanAssembly (1ms)
			ScanForSourceGeneratedMonoScriptInfo (7ms)
			ResolveRequiredComponents (4ms)
	FinalizeReload (604ms)
		ReleaseScriptCaches (0ms)
		RebuildScriptCaches (0ms)
		SetupLoadedEditorAssemblies (350ms)
			LogAssemblyErrors (0ms)
			InitializePlatformSupportModulesInManaged (3ms)
			SetLoadedEditorAssemblies (2ms)
			RefreshPlugins (0ms)
			BeforeProcessingInitializeOnLoad (40ms)
			ProcessInitializeOnLoadAttributes (286ms)
			ProcessInitializeOnLoadMethodAttributes (19ms)
			AfterProcessingInitializeOnLoad (1ms)
			EditorAssembliesLoaded (0ms)
		ExecutionOrderSort2 (0ms)
		AwakeInstancesAfterBackupRestoration (9ms)
Refreshing native plugins compatible for Editor in 1.58 ms, found 4 plugins.
Preloading 0 native plugins for Editor in 0.00 ms.
Unloading 4264 Unused Serialized files (Serialized files now loaded: 0)
Unloading 22 unused Assets / (31.5 KB). Loaded Objects now: 4796.
Memory consumption went from 155.0 MB to 155.0 MB.
Total: 4.488800 ms (FindLiveObjects: 0.243400 ms CreateObjectMapping: 0.107800 ms MarkObjects: 4.078700 ms  DeleteObjects: 0.058000 ms)

Prepare: number of updated asset objects reloaded= 0
AssetImportParameters requested are different than current active one (requested -> active):
  custom:container-demuxer-ogg: 62fdf1f143b41e24485cea50d1cbac27 -> 
  custom:video-codec-MediaFoundation-h265: 746d11721c4dcdbdad8f713fa42b33f4 -> 
  custom:video-decoder-ogg-theora: a1e56fd34408186e4bbccfd4996cb3dc -> 
  custom:framework-win-MediaFoundation: 216162199b28c13a410421893ffa2e32 -> 
  custom:CustomObjectIndexerAttribute: 9a22284fe3817be447336de3de66b15e -> 
  custom:scripting/monoscript/fileName/PlayCardGA.cs: 5789139290271257e0b7651fe5863c2e -> 
  custom:container-demuxer-webm: 4f35f7cbe854078d1ac9338744f61a02 -> 
  custom:container-muxer-webm: aa71ff27fc2769a1b78a27578f13a17b -> 
  custom:video-decoder-webm-vp8: 9c59270c3fd7afecdb556c50c9e8de78 -> 
  custom:SearchIndexIgnoredProperties: e643bd26f0fe6173181afceb89e7c659 -> 
  custom:AudioImporter_EditorPlatform: d09bf68614088b80899f8185d706f6e7 -> 
  custom:video-encoder-webm-vp8: eb34c28f22e8b96e1ab97ce403110664 -> 
  custom:audio-decoder-ogg-vorbis: bf7c407c2cedff20999df2af8eb42d56 -> 
  custom:audio-encoder-webm-vorbis: bf7c407c2cedff20999df2af8eb42d56 -> 
  custom:scripting/precompiled-assembly-types:Assembly-CSharp: c8fb2344a15dd9b362626a3e1bbfa763 -> e24d7867124476b8f6c482295ea6f2d1
========================================================================
Received Import Request.
  Time since last request: 373.344618 seconds.
  path: ProjectSettings/TagManager.asset
  artifactKey: Guid(00000000000000003000000000000000) Importer(815301076,1909f56bfc062723c751e8b465ee728b)
Start importing ProjectSettings/TagManager.asset using Guid(00000000000000003000000000000000) Importer(815301076,1909f56bfc062723c751e8b465ee728b) [PhysX] Initialized MultithreadedTaskDispatcher with 28 workers.
 -> (artifact id: 'a2ed4f3eafcc2bc862c440eaeb831565') in 0.036175 seconds
Number of updated asset objects reloaded before import = 0
Number of asset objects unloaded after import = 0
========================================================================
Received Prepare
Caller must complete domain reload
Begin MonoManager ReloadAssembly
- Loaded All Assemblies, in  0.443 seconds
Native extension for WindowsStandalone target not found
Mono: successfully reloaded assembly
- Finished resetting the current domain, in  0.776 seconds
Domain Reload Profiling: 1219ms
	BeginReloadAssembly (175ms)
		ExecutionOrderSort (0ms)
		DisableScriptedObjects (10ms)
		BackupInstance (0ms)
		ReleaseScriptingObjects (0ms)
		CreateAndSetChildDomain (52ms)
	RebuildCommonClasses (26ms)
	RebuildNativeTypeToScriptingClass (8ms)
	initialDomainReloadingComplete (20ms)
	LoadAllAssembliesAndSetupDomain (213ms)
		LoadAssemblies (273ms)
		RebuildTransferFunctionScriptingTraits (0ms)
		AnalyzeDomain (28ms)
			TypeCache.Refresh (12ms)
				TypeCache.ScanAssembly (1ms)
			ScanForSourceGeneratedMonoScriptInfo (9ms)
			ResolveRequiredComponents (5ms)
	FinalizeReload (777ms)
		ReleaseScriptCaches (0ms)
		RebuildScriptCaches (0ms)
		SetupLoadedEditorAssemblies (411ms)
			LogAssemblyErrors (0ms)
			InitializePlatformSupportModulesInManaged (4ms)
			SetLoadedEditorAssemblies (3ms)
			RefreshPlugins (0ms)
			BeforeProcessingInitializeOnLoad (45ms)
			ProcessInitializeOnLoadAttributes (332ms)
			ProcessInitializeOnLoadMethodAttributes (25ms)
			AfterProcessingInitializeOnLoad (1ms)
			EditorAssembliesLoaded (0ms)
		ExecutionOrderSort2 (0ms)
		AwakeInstancesAfterBackupRestoration (9ms)
Refreshing native plugins compatible for Editor in 1.41 ms, found 4 plugins.
Preloading 0 native plugins for Editor in 0.00 ms.
Unloading 4263 Unused Serialized files (Serialized files now loaded: 0)
Unloading 22 unused Assets / (31.6 KB). Loaded Objects now: 4801.
Memory consumption went from 154.8 MB to 154.8 MB.
Total: 3.540000 ms (FindLiveObjects: 0.194200 ms CreateObjectMapping: 0.059800 ms MarkObjects: 3.241000 ms  DeleteObjects: 0.044100 ms)

Prepare: number of updated asset objects reloaded= 0
AssetImportParameters requested are different than current active one (requested -> active):
  custom:container-demuxer-ogg: 62fdf1f143b41e24485cea50d1cbac27 -> 
  custom:video-codec-MediaFoundation-h265: 746d11721c4dcdbdad8f713fa42b33f4 -> 
  custom:video-decoder-ogg-theora: a1e56fd34408186e4bbccfd4996cb3dc -> 
  custom:framework-win-MediaFoundation: 216162199b28c13a410421893ffa2e32 -> 
  custom:CustomObjectIndexerAttribute: 9a22284fe3817be447336de3de66b15e -> 
  custom:scripting/monoscript/fileName/PlayCardGA.cs: 5789139290271257e0b7651fe5863c2e -> 
  custom:container-demuxer-webm: 4f35f7cbe854078d1ac9338744f61a02 -> 
  custom:container-muxer-webm: aa71ff27fc2769a1b78a27578f13a17b -> 
  custom:video-decoder-webm-vp8: 9c59270c3fd7afecdb556c50c9e8de78 -> 
  custom:SearchIndexIgnoredProperties: e643bd26f0fe6173181afceb89e7c659 -> 
  custom:AudioImporter_EditorPlatform: d09bf68614088b80899f8185d706f6e7 -> 
  custom:video-encoder-webm-vp8: eb34c28f22e8b96e1ab97ce403110664 -> 
  custom:audio-decoder-ogg-vorbis: bf7c407c2cedff20999df2af8eb42d56 -> 
  custom:audio-encoder-webm-vorbis: bf7c407c2cedff20999df2af8eb42d56 -> 
  custom:scripting/precompiled-assembly-types:Assembly-CSharp: c8fb2344a15dd9b362626a3e1bbfa763 -> e24d7867124476b8f6c482295ea6f2d1
========================================================================
Received Import Request.
  Time since last request: 81.988328 seconds.
  path: Assets/Prefabs/CardView.prefab
  artifactKey: Guid(d098ef1da1037124d99795be75a22296) Importer(815301076,1909f56bfc062723c751e8b465ee728b)
Start importing Assets/Prefabs/CardView.prefab using Guid(d098ef1da1037124d99795be75a22296) Importer(815301076,1909f56bfc062723c751e8b465ee728b) [PhysX] Initialized MultithreadedTaskDispatcher with 28 workers.
[PhysX] Initialized MultithreadedTaskDispatcher with 28 workers.
 -> (artifact id: 'c692875d96a144d316b4ef674b7afe30') in 0.989560 seconds
Number of updated asset objects reloaded before import = 0
Number of asset objects unloaded after import = 34
========================================================================
Received Import Request.
  Time since last request: 6.322247 seconds.
  path: Assets/Prefabs/CardView.prefab
  artifactKey: Guid(d098ef1da1037124d99795be75a22296) Importer(815301076,1909f56bfc062723c751e8b465ee728b)
Start importing Assets/Prefabs/CardView.prefab using Guid(d098ef1da1037124d99795be75a22296) Importer(815301076,1909f56bfc062723c751e8b465ee728b) [PhysX] Initialized MultithreadedTaskDispatcher with 28 workers.
[PhysX] Initialized MultithreadedTaskDispatcher with 28 workers.
 -> (artifact id: '5dc71c4b238990cf7e7b42df3e7da1d2') in 0.355139 seconds
Number of updated asset objects reloaded before import = 0
Number of asset objects unloaded after import = 34
========================================================================
Received Prepare
Caller must complete domain reload
Begin MonoManager ReloadAssembly
- Loaded All Assemblies, in  0.405 seconds
Native extension for WindowsStandalone target not found
Mono: successfully reloaded assembly
- Finished resetting the current domain, in  0.940 seconds
Domain Reload Profiling: 1345ms
	BeginReloadAssembly (167ms)
		ExecutionOrderSort (0ms)
		DisableScriptedObjects (10ms)
		BackupInstance (0ms)
		ReleaseScriptingObjects (0ms)
		CreateAndSetChildDomain (43ms)
	RebuildCommonClasses (29ms)
	RebuildNativeTypeToScriptingClass (9ms)
	initialDomainReloadingComplete (21ms)
	LoadAllAssembliesAndSetupDomain (178ms)
		LoadAssemblies (252ms)
		RebuildTransferFunctionScriptingTraits (0ms)
		AnalyzeDomain (12ms)
			TypeCache.Refresh (6ms)
				TypeCache.ScanAssembly (0ms)
			ScanForSourceGeneratedMonoScriptInfo (0ms)
			ResolveRequiredComponents (4ms)
	FinalizeReload (940ms)
		ReleaseScriptCaches (0ms)
		RebuildScriptCaches (0ms)
		SetupLoadedEditorAssemblies (621ms)
			LogAssemblyErrors (0ms)
			InitializePlatformSupportModulesInManaged (3ms)
			SetLoadedEditorAssemblies (3ms)
			RefreshPlugins (0ms)
			BeforeProcessingInitializeOnLoad (59ms)
			ProcessInitializeOnLoadAttributes (514ms)
			ProcessInitializeOnLoadMethodAttributes (39ms)
			AfterProcessingInitializeOnLoad (2ms)
			EditorAssembliesLoaded (0ms)
		ExecutionOrderSort2 (0ms)
		AwakeInstancesAfterBackupRestoration (17ms)
Refreshing native plugins compatible for Editor in 2.51 ms, found 4 plugins.
Preloading 0 native plugins for Editor in 0.00 ms.
Unloading 4263 Unused Serialized files (Serialized files now loaded: 0)
Unloading 22 unused Assets / (31.6 KB). Loaded Objects now: 4812.
Memory consumption went from 159.4 MB to 159.4 MB.
Total: 3.481600 ms (FindLiveObjects: 0.468800 ms CreateObjectMapping: 0.113000 ms MarkObjects: 2.853500 ms  DeleteObjects: 0.040000 ms)

Prepare: number of updated asset objects reloaded= 0
AssetImportParameters requested are different than current active one (requested -> active):
  custom:container-demuxer-ogg: 62fdf1f143b41e24485cea50d1cbac27 -> 
  custom:video-codec-MediaFoundation-h265: 746d11721c4dcdbdad8f713fa42b33f4 -> 
  custom:video-decoder-ogg-theora: a1e56fd34408186e4bbccfd4996cb3dc -> 
  custom:framework-win-MediaFoundation: 216162199b28c13a410421893ffa2e32 -> 
  custom:CustomObjectIndexerAttribute: 9a22284fe3817be447336de3de66b15e -> 
  custom:scripting/monoscript/fileName/PlayCardGA.cs: 5789139290271257e0b7651fe5863c2e -> 
  custom:container-demuxer-webm: 4f35f7cbe854078d1ac9338744f61a02 -> 
  custom:container-muxer-webm: aa71ff27fc2769a1b78a27578f13a17b -> 
  custom:video-decoder-webm-vp8: 9c59270c3fd7afecdb556c50c9e8de78 -> 
  custom:SearchIndexIgnoredProperties: e643bd26f0fe6173181afceb89e7c659 -> 
  custom:AudioImporter_EditorPlatform: d09bf68614088b80899f8185d706f6e7 -> 
  custom:video-encoder-webm-vp8: eb34c28f22e8b96e1ab97ce403110664 -> 
  custom:audio-decoder-ogg-vorbis: bf7c407c2cedff20999df2af8eb42d56 -> 
  custom:audio-encoder-webm-vorbis: bf7c407c2cedff20999df2af8eb42d56 -> 
  custom:scripting/precompiled-assembly-types:Assembly-CSharp: c8fb2344a15dd9b362626a3e1bbfa763 -> e24d7867124476b8f6c482295ea6f2d1
========================================================================
Received Prepare
Caller must complete domain reload
Begin MonoManager ReloadAssembly
- Loaded All Assemblies, in  0.627 seconds
Native extension for WindowsStandalone target not found
Mono: successfully reloaded assembly
- Finished resetting the current domain, in  1.976 seconds
Domain Reload Profiling: 2603ms
	BeginReloadAssembly (135ms)
		ExecutionOrderSort (0ms)
		DisableScriptedObjects (10ms)
		BackupInstance (0ms)
		ReleaseScriptingObjects (0ms)
		CreateAndSetChildDomain (33ms)
	RebuildCommonClasses (30ms)
	RebuildNativeTypeToScriptingClass (10ms)
	initialDomainReloadingComplete (22ms)
	LoadAllAssembliesAndSetupDomain (429ms)
		LoadAssemblies (484ms)
		RebuildTransferFunctionScriptingTraits (0ms)
		AnalyzeDomain (12ms)
			TypeCache.Refresh (6ms)
				TypeCache.ScanAssembly (0ms)
			ScanForSourceGeneratedMonoScriptInfo (0ms)
			ResolveRequiredComponents (4ms)
	FinalizeReload (1977ms)
		ReleaseScriptCaches (0ms)
		RebuildScriptCaches (0ms)
		SetupLoadedEditorAssemblies (560ms)
			LogAssemblyErrors (0ms)
			InitializePlatformSupportModulesInManaged (4ms)
			SetLoadedEditorAssemblies (3ms)
			RefreshPlugins (0ms)
			BeforeProcessingInitializeOnLoad (60ms)
			ProcessInitializeOnLoadAttributes (458ms)
			ProcessInitializeOnLoadMethodAttributes (33ms)
			AfterProcessingInitializeOnLoad (2ms)
			EditorAssembliesLoaded (0ms)
		ExecutionOrderSort2 (0ms)
		AwakeInstancesAfterBackupRestoration (15ms)
Refreshing native plugins compatible for Editor in 3.01 ms, found 4 plugins.
Preloading 0 native plugins for Editor in 0.00 ms.
Unloading 4264 Unused Serialized files (Serialized files now loaded: 0)
Unloading 22 unused Assets / (31.6 KB). Loaded Objects now: 4816.
Memory consumption went from 159.7 MB to 159.7 MB.
Total: 4.184500 ms (FindLiveObjects: 0.684100 ms CreateObjectMapping: 0.153600 ms MarkObjects: 3.281300 ms  DeleteObjects: 0.062800 ms)

Prepare: number of updated asset objects reloaded= 0
AssetImportParameters requested are different than current active one (requested -> active):
  custom:container-demuxer-ogg: 62fdf1f143b41e24485cea50d1cbac27 -> 
  custom:video-codec-MediaFoundation-h265: 746d11721c4dcdbdad8f713fa42b33f4 -> 
  custom:video-decoder-ogg-theora: a1e56fd34408186e4bbccfd4996cb3dc -> 
  custom:framework-win-MediaFoundation: 216162199b28c13a410421893ffa2e32 -> 
  custom:CustomObjectIndexerAttribute: 9a22284fe3817be447336de3de66b15e -> 
  custom:scripting/monoscript/fileName/PlayCardGA.cs: 5789139290271257e0b7651fe5863c2e -> 
  custom:container-demuxer-webm: 4f35f7cbe854078d1ac9338744f61a02 -> 
  custom:container-muxer-webm: aa71ff27fc2769a1b78a27578f13a17b -> 
  custom:video-decoder-webm-vp8: 9c59270c3fd7afecdb556c50c9e8de78 -> 
  custom:SearchIndexIgnoredProperties: e643bd26f0fe6173181afceb89e7c659 -> 
  custom:AudioImporter_EditorPlatform: d09bf68614088b80899f8185d706f6e7 -> 
  custom:video-encoder-webm-vp8: eb34c28f22e8b96e1ab97ce403110664 -> 
  custom:audio-decoder-ogg-vorbis: bf7c407c2cedff20999df2af8eb42d56 -> 
  custom:audio-encoder-webm-vorbis: bf7c407c2cedff20999df2af8eb42d56 -> 
  custom:scripting/precompiled-assembly-types:Assembly-CSharp: c8fb2344a15dd9b362626a3e1bbfa763 -> e24d7867124476b8f6c482295ea6f2d1
========================================================================
Received Prepare
Caller must complete domain reload
Begin MonoManager ReloadAssembly
- Loaded All Assemblies, in  0.403 seconds
Native extension for WindowsStandalone target not found
Mono: successfully reloaded assembly
- Finished resetting the current domain, in  1.068 seconds
Domain Reload Profiling: 1472ms
	BeginReloadAssembly (148ms)
		ExecutionOrderSort (0ms)
		DisableScriptedObjects (12ms)
		BackupInstance (0ms)
		ReleaseScriptingObjects (0ms)
		CreateAndSetChildDomain (38ms)
	RebuildCommonClasses (28ms)
	RebuildNativeTypeToScriptingClass (9ms)
	initialDomainReloadingComplete (22ms)
	LoadAllAssembliesAndSetupDomain (196ms)
		LoadAssemblies (243ms)
		RebuildTransferFunctionScriptingTraits (0ms)
		AnalyzeDomain (24ms)
			TypeCache.Refresh (9ms)
				TypeCache.ScanAssembly (1ms)
			ScanForSourceGeneratedMonoScriptInfo (9ms)
			ResolveRequiredComponents (5ms)
	FinalizeReload (1069ms)
		ReleaseScriptCaches (0ms)
		RebuildScriptCaches (0ms)
		SetupLoadedEditorAssemblies (621ms)
			LogAssemblyErrors (0ms)
			InitializePlatformSupportModulesInManaged (6ms)
			SetLoadedEditorAssemblies (4ms)
			RefreshPlugins (0ms)
			BeforeProcessingInitializeOnLoad (71ms)
			ProcessInitializeOnLoadAttributes (500ms)
			ProcessInitializeOnLoadMethodAttributes (38ms)
			AfterProcessingInitializeOnLoad (2ms)
			EditorAssembliesLoaded (0ms)
		ExecutionOrderSort2 (0ms)
		AwakeInstancesAfterBackupRestoration (17ms)
Refreshing native plugins compatible for Editor in 2.21 ms, found 4 plugins.
Preloading 0 native plugins for Editor in 0.00 ms.
Unloading 4265 Unused Serialized files (Serialized files now loaded: 0)
Unloading 22 unused Assets / (31.6 KB). Loaded Objects now: 4821.
Memory consumption went from 159.7 MB to 159.7 MB.
Total: 4.063300 ms (FindLiveObjects: 0.239400 ms CreateObjectMapping: 0.080900 ms MarkObjects: 3.677900 ms  DeleteObjects: 0.063300 ms)

Prepare: number of updated asset objects reloaded= 0
AssetImportParameters requested are different than current active one (requested -> active):
  custom:container-demuxer-ogg: 62fdf1f143b41e24485cea50d1cbac27 -> 
  custom:video-codec-MediaFoundation-h265: 746d11721c4dcdbdad8f713fa42b33f4 -> 
  custom:video-decoder-ogg-theora: a1e56fd34408186e4bbccfd4996cb3dc -> 
  custom:framework-win-MediaFoundation: 216162199b28c13a410421893ffa2e32 -> 
  custom:CustomObjectIndexerAttribute: 9a22284fe3817be447336de3de66b15e -> 
  custom:scripting/monoscript/fileName/PlayCardGA.cs: 5789139290271257e0b7651fe5863c2e -> 
  custom:container-demuxer-webm: 4f35f7cbe854078d1ac9338744f61a02 -> 
  custom:container-muxer-webm: aa71ff27fc2769a1b78a27578f13a17b -> 
  custom:video-decoder-webm-vp8: 9c59270c3fd7afecdb556c50c9e8de78 -> 
  custom:SearchIndexIgnoredProperties: e643bd26f0fe6173181afceb89e7c659 -> 
  custom:AudioImporter_EditorPlatform: d09bf68614088b80899f8185d706f6e7 -> 
  custom:scripting/monoscript/fileName/Effect.cs: 5c08a54098b42e6660eb8ce5fee21170 -> 
  custom:video-encoder-webm-vp8: eb34c28f22e8b96e1ab97ce403110664 -> 
  custom:audio-decoder-ogg-vorbis: bf7c407c2cedff20999df2af8eb42d56 -> 
  custom:audio-encoder-webm-vorbis: bf7c407c2cedff20999df2af8eb42d56 -> 
  custom:scripting/precompiled-assembly-types:Assembly-CSharp: 6c32f42f6dd6c9936514ad21ef74969d -> e24d7867124476b8f6c482295ea6f2d1
========================================================================
Received Prepare
Caller must complete domain reload
Begin MonoManager ReloadAssembly
- Loaded All Assemblies, in  0.398 seconds
Native extension for WindowsStandalone target not found
Mono: successfully reloaded assembly
- Finished resetting the current domain, in  0.965 seconds
Domain Reload Profiling: 1363ms
	BeginReloadAssembly (137ms)
		ExecutionOrderSort (0ms)
		DisableScriptedObjects (10ms)
		BackupInstance (0ms)
		ReleaseScriptingObjects (0ms)
		CreateAndSetChildDomain (31ms)
	RebuildCommonClasses (27ms)
	RebuildNativeTypeToScriptingClass (9ms)
	initialDomainReloadingComplete (25ms)
	LoadAllAssembliesAndSetupDomain (199ms)
		LoadAssemblies (245ms)
		RebuildTransferFunctionScriptingTraits (0ms)
		AnalyzeDomain (23ms)
			TypeCache.Refresh (9ms)
				TypeCache.ScanAssembly (1ms)
			ScanForSourceGeneratedMonoScriptInfo (8ms)
			ResolveRequiredComponents (5ms)
	FinalizeReload (965ms)
		ReleaseScriptCaches (0ms)
		RebuildScriptCaches (0ms)
		SetupLoadedEditorAssemblies (608ms)
			LogAssemblyErrors (0ms)
			InitializePlatformSupportModulesInManaged (4ms)
			SetLoadedEditorAssemblies (3ms)
			RefreshPlugins (0ms)
			BeforeProcessingInitializeOnLoad (59ms)
			ProcessInitializeOnLoadAttributes (501ms)
			ProcessInitializeOnLoadMethodAttributes (38ms)
			AfterProcessingInitializeOnLoad (2ms)
			EditorAssembliesLoaded (0ms)
		ExecutionOrderSort2 (0ms)
		AwakeInstancesAfterBackupRestoration (18ms)
Refreshing native plugins compatible for Editor in 2.44 ms, found 4 plugins.
Preloading 0 native plugins for Editor in 0.00 ms.
Unloading 4265 Unused Serialized files (Serialized files now loaded: 0)
Unloading 22 unused Assets / (31.6 KB). Loaded Objects now: 4825.
Memory consumption went from 159.7 MB to 159.7 MB.
Total: 3.392500 ms (FindLiveObjects: 0.249600 ms CreateObjectMapping: 0.075200 ms MarkObjects: 2.997700 ms  DeleteObjects: 0.068600 ms)

Prepare: number of updated asset objects reloaded= 0
AssetImportParameters requested are different than current active one (requested -> active):
  custom:container-demuxer-ogg: 62fdf1f143b41e24485cea50d1cbac27 -> 
  custom:video-codec-MediaFoundation-h265: 746d11721c4dcdbdad8f713fa42b33f4 -> 
  custom:video-decoder-ogg-theora: a1e56fd34408186e4bbccfd4996cb3dc -> 
  custom:framework-win-MediaFoundation: 216162199b28c13a410421893ffa2e32 -> 
  custom:CustomObjectIndexerAttribute: 9a22284fe3817be447336de3de66b15e -> 
  custom:scripting/monoscript/fileName/PlayCardGA.cs: 5789139290271257e0b7651fe5863c2e -> 
  custom:container-demuxer-webm: 4f35f7cbe854078d1ac9338744f61a02 -> 
  custom:container-muxer-webm: aa71ff27fc2769a1b78a27578f13a17b -> 
  custom:video-decoder-webm-vp8: 9c59270c3fd7afecdb556c50c9e8de78 -> 
  custom:SearchIndexIgnoredProperties: e643bd26f0fe6173181afceb89e7c659 -> 
  custom:AudioImporter_EditorPlatform: d09bf68614088b80899f8185d706f6e7 -> 
  custom:scripting/monoscript/fileName/Effect.cs: db0847a469ed795dc13473466caf2c90 -> 
  custom:video-encoder-webm-vp8: eb34c28f22e8b96e1ab97ce403110664 -> 
  custom:audio-decoder-ogg-vorbis: bf7c407c2cedff20999df2af8eb42d56 -> 
  custom:audio-encoder-webm-vorbis: bf7c407c2cedff20999df2af8eb42d56 -> 
  custom:scripting/precompiled-assembly-types:Assembly-CSharp: fcfac9191d2cf5c888b86a5e5da75603 -> e24d7867124476b8f6c482295ea6f2d1
========================================================================
Received Prepare
Caller must complete domain reload
Begin MonoManager ReloadAssembly
- Loaded All Assemblies, in  0.486 seconds
Native extension for WindowsStandalone target not found
Mono: successfully reloaded assembly
- Finished resetting the current domain, in  1.100 seconds
Domain Reload Profiling: 1585ms
	BeginReloadAssembly (150ms)
		ExecutionOrderSort (0ms)
		DisableScriptedObjects (10ms)
		BackupInstance (0ms)
		ReleaseScriptingObjects (0ms)
		CreateAndSetChildDomain (44ms)
	RebuildCommonClasses (28ms)
	RebuildNativeTypeToScriptingClass (9ms)
	initialDomainReloadingComplete (26ms)
	LoadAllAssembliesAndSetupDomain (271ms)
		LoadAssemblies (299ms)
		RebuildTransferFunctionScriptingTraits (0ms)
		AnalyzeDomain (40ms)
			TypeCache.Refresh (13ms)
				TypeCache.ScanAssembly (1ms)
			ScanForSourceGeneratedMonoScriptInfo (11ms)
			ResolveRequiredComponents (13ms)
	FinalizeReload (1101ms)
		ReleaseScriptCaches (0ms)
		RebuildScriptCaches (0ms)
		SetupLoadedEditorAssemblies (616ms)
			LogAssemblyErrors (0ms)
			InitializePlatformSupportModulesInManaged (5ms)
			SetLoadedEditorAssemblies (4ms)
			RefreshPlugins (0ms)
			BeforeProcessingInitializeOnLoad (66ms)
			ProcessInitializeOnLoadAttributes (501ms)
			ProcessInitializeOnLoadMethodAttributes (38ms)
			AfterProcessingInitializeOnLoad (2ms)
			EditorAssembliesLoaded (0ms)
		ExecutionOrderSort2 (0ms)
		AwakeInstancesAfterBackupRestoration (15ms)
Refreshing native plugins compatible for Editor in 2.73 ms, found 4 plugins.
Preloading 0 native plugins for Editor in 0.00 ms.
Unloading 4265 Unused Serialized files (Serialized files now loaded: 0)
Unloading 22 unused Assets / (31.6 KB). Loaded Objects now: 4829.
Memory consumption went from 159.7 MB to 159.7 MB.
Total: 4.507800 ms (FindLiveObjects: 0.415800 ms CreateObjectMapping: 0.184500 ms MarkObjects: 3.838100 ms  DeleteObjects: 0.067800 ms)

Prepare: number of updated asset objects reloaded= 0
AssetImportParameters requested are different than current active one (requested -> active):
  custom:container-demuxer-ogg: 62fdf1f143b41e24485cea50d1cbac27 -> 
  custom:video-codec-MediaFoundation-h265: 746d11721c4dcdbdad8f713fa42b33f4 -> 
  custom:video-decoder-ogg-theora: a1e56fd34408186e4bbccfd4996cb3dc -> 
  custom:framework-win-MediaFoundation: 216162199b28c13a410421893ffa2e32 -> 
  custom:CustomObjectIndexerAttribute: 9a22284fe3817be447336de3de66b15e -> 
  custom:scripting/monoscript/fileName/PlayCardGA.cs: 5789139290271257e0b7651fe5863c2e -> 
  custom:container-demuxer-webm: 4f35f7cbe854078d1ac9338744f61a02 -> 
  custom:container-muxer-webm: aa71ff27fc2769a1b78a27578f13a17b -> 
  custom:video-decoder-webm-vp8: 9c59270c3fd7afecdb556c50c9e8de78 -> 
  custom:SearchIndexIgnoredProperties: e643bd26f0fe6173181afceb89e7c659 -> 
  custom:AudioImporter_EditorPlatform: d09bf68614088b80899f8185d706f6e7 -> 
  custom:scripting/monoscript/fileName/Effect.cs: db0847a469ed795dc13473466caf2c90 -> 
  custom:video-encoder-webm-vp8: eb34c28f22e8b96e1ab97ce403110664 -> 
  custom:audio-decoder-ogg-vorbis: bf7c407c2cedff20999df2af8eb42d56 -> 
  custom:audio-encoder-webm-vorbis: bf7c407c2cedff20999df2af8eb42d56 -> 
  custom:scripting/precompiled-assembly-types:Assembly-CSharp: fcfac9191d2cf5c888b86a5e5da75603 -> e24d7867124476b8f6c482295ea6f2d1
========================================================================
Received Prepare
Caller must complete domain reload
Begin MonoManager ReloadAssembly
- Loaded All Assemblies, in  0.438 seconds
Native extension for WindowsStandalone target not found
Mono: successfully reloaded assembly
- Finished resetting the current domain, in  0.988 seconds
Domain Reload Profiling: 1426ms
	BeginReloadAssembly (133ms)
		ExecutionOrderSort (0ms)
		DisableScriptedObjects (9ms)
		BackupInstance (0ms)
		ReleaseScriptingObjects (0ms)
		CreateAndSetChildDomain (32ms)
	RebuildCommonClasses (25ms)
	RebuildNativeTypeToScriptingClass (8ms)
	initialDomainReloadingComplete (23ms)
	LoadAllAssembliesAndSetupDomain (248ms)
		LoadAssemblies (276ms)
		RebuildTransferFunctionScriptingTraits (0ms)
		AnalyzeDomain (37ms)
			TypeCache.Refresh (18ms)
				TypeCache.ScanAssembly (1ms)
			ScanForSourceGeneratedMonoScriptInfo (10ms)
			ResolveRequiredComponents (7ms)
	FinalizeReload (989ms)
		ReleaseScriptCaches (0ms)
		RebuildScriptCaches (0ms)
		SetupLoadedEditorAssemblies (570ms)
			LogAssemblyErrors (0ms)
			InitializePlatformSupportModulesInManaged (5ms)
			SetLoadedEditorAssemblies (4ms)
			RefreshPlugins (0ms)
			BeforeProcessingInitializeOnLoad (61ms)
			ProcessInitializeOnLoadAttributes (466ms)
			ProcessInitializeOnLoadMethodAttributes (32ms)
			AfterProcessingInitializeOnLoad (2ms)
			EditorAssembliesLoaded (0ms)
		ExecutionOrderSort2 (0ms)
		AwakeInstancesAfterBackupRestoration (18ms)
Refreshing native plugins compatible for Editor in 2.22 ms, found 4 plugins.
Preloading 0 native plugins for Editor in 0.00 ms.
Unloading 4265 Unused Serialized files (Serialized files now loaded: 0)
Unloading 22 unused Assets / (31.6 KB). Loaded Objects now: 4833.
Memory consumption went from 159.7 MB to 159.7 MB.
Total: 3.601600 ms (FindLiveObjects: 0.265100 ms CreateObjectMapping: 0.082000 ms MarkObjects: 3.165500 ms  DeleteObjects: 0.087700 ms)

Prepare: number of updated asset objects reloaded= 0
AssetImportParameters requested are different than current active one (requested -> active):
  custom:container-demuxer-ogg: 62fdf1f143b41e24485cea50d1cbac27 -> 
  custom:video-codec-MediaFoundation-h265: 746d11721c4dcdbdad8f713fa42b33f4 -> 
  custom:video-decoder-ogg-theora: a1e56fd34408186e4bbccfd4996cb3dc -> 
  custom:framework-win-MediaFoundation: 216162199b28c13a410421893ffa2e32 -> 
  custom:CustomObjectIndexerAttribute: 9a22284fe3817be447336de3de66b15e -> 
  custom:scripting/monoscript/fileName/PlayCardGA.cs: 5789139290271257e0b7651fe5863c2e -> 
  custom:container-demuxer-webm: 4f35f7cbe854078d1ac9338744f61a02 -> 
  custom:container-muxer-webm: aa71ff27fc2769a1b78a27578f13a17b -> 
  custom:video-decoder-webm-vp8: 9c59270c3fd7afecdb556c50c9e8de78 -> 
  custom:SearchIndexIgnoredProperties: e643bd26f0fe6173181afceb89e7c659 -> 
  custom:AudioImporter_EditorPlatform: d09bf68614088b80899f8185d706f6e7 -> 
  custom:scripting/monoscript/fileName/Effect.cs: db0847a469ed795dc13473466caf2c90 -> 
  custom:video-encoder-webm-vp8: eb34c28f22e8b96e1ab97ce403110664 -> 
  custom:audio-decoder-ogg-vorbis: bf7c407c2cedff20999df2af8eb42d56 -> 
  custom:audio-encoder-webm-vorbis: bf7c407c2cedff20999df2af8eb42d56 -> 
  custom:scripting/precompiled-assembly-types:Assembly-CSharp: fcfac9191d2cf5c888b86a5e5da75603 -> e24d7867124476b8f6c482295ea6f2d1
========================================================================
Received Prepare
Caller must complete domain reload
Begin MonoManager ReloadAssembly
- Loaded All Assemblies, in  0.556 seconds
Native extension for WindowsStandalone target not found
Mono: successfully reloaded assembly
- Finished resetting the current domain, in  2.995 seconds
Domain Reload Profiling: 3551ms
	BeginReloadAssembly (174ms)
		ExecutionOrderSort (0ms)
		DisableScriptedObjects (12ms)
		BackupInstance (0ms)
		ReleaseScriptingObjects (0ms)
		CreateAndSetChildDomain (46ms)
	RebuildCommonClasses (31ms)
	RebuildNativeTypeToScriptingClass (10ms)
	initialDomainReloadingComplete (28ms)
	LoadAllAssembliesAndSetupDomain (313ms)
		LoadAssemblies (367ms)
		RebuildTransferFunctionScriptingTraits (0ms)
		AnalyzeDomain (33ms)
			TypeCache.Refresh (13ms)
				TypeCache.ScanAssembly (4ms)
			ScanForSourceGeneratedMonoScriptInfo (11ms)
			ResolveRequiredComponents (6ms)
	FinalizeReload (2995ms)
		ReleaseScriptCaches (0ms)
		RebuildScriptCaches (0ms)
		SetupLoadedEditorAssemblies (526ms)
			LogAssemblyErrors (0ms)
			InitializePlatformSupportModulesInManaged (4ms)
			SetLoadedEditorAssemblies (3ms)
			RefreshPlugins (0ms)
			BeforeProcessingInitializeOnLoad (60ms)
			ProcessInitializeOnLoadAttributes (427ms)
			ProcessInitializeOnLoadMethodAttributes (30ms)
			AfterProcessingInitializeOnLoad (1ms)
			EditorAssembliesLoaded (0ms)
		ExecutionOrderSort2 (0ms)
		AwakeInstancesAfterBackupRestoration (12ms)
Refreshing native plugins compatible for Editor in 1.32 ms, found 4 plugins.
Preloading 0 native plugins for Editor in 0.00 ms.
Unloading 4325 Unused Serialized files (Serialized files now loaded: 0)
Unloading 22 unused Assets / (31.6 KB). Loaded Objects now: 4898.
Memory consumption went from 160.9 MB to 160.8 MB.
Total: 2.834800 ms (FindLiveObjects: 0.236600 ms CreateObjectMapping: 0.077100 ms MarkObjects: 2.487300 ms  DeleteObjects: 0.033300 ms)

Prepare: number of updated asset objects reloaded= 0
AssetImportParameters requested are different than current active one (requested -> active):
  custom:scripting/monoscript/fileName/SRDemoAttribute.cs: 6ccbafad3c791d764fc3499ecc4bab59 -> 
  custom:scripting/monoscript/fileName/LoadAllScriptableObjects.cs: e66c333df26233d2626484d132f341dc -> 
  custom:container-demuxer-ogg: 62fdf1f143b41e24485cea50d1cbac27 -> 
  custom:scripting/monoscript/fileName/StringData.cs: dbe603d4813d3fc95c266317e90e37bc -> 
  custom:scripting/monoscript/fileName/IAssetsLoader.cs: f252c3005d3ed3d4eadb090497fb6066 -> 
  custom:scripting/monoscript/fileName/SRTypeTreeFactory.cs: bffa0765f4ea96b6b44413cd49b40dbf -> 
  custom:scripting/monoscript/fileName/TypeReplacer.cs: a6583ed4dd622f9bd9a599520be1d674 -> 
  custom:scripting/monoscript/fileName/SRTypeCache.cs: bb8a6b571cd0de2157b5cb53234c9cff -> 
  custom:video-codec-MediaFoundation-h265: 746d11721c4dcdbdad8f713fa42b33f4 -> 
  custom:scripting/monoscript/fileName/FormerlySerializedTypeAttribute.cs: 1d89d7606eee76977381ab83bb4a8300 -> 
  custom:scripting/monoscript/fileName/IData.cs: 9faa5ea0cd967258f91cdf22bcd83abe -> 
  custom:video-decoder-ogg-theora: a1e56fd34408186e4bbccfd4996cb3dc -> 
  custom:scripting/monoscript/fileName/TypeInfo.cs: 0a6533c0d329969adf2dd099a31fbf3e -> 
  custom:scripting/monoscript/fileName/InstanceClassSRAction.cs: 16f3cf3357ddc5d5981ae9b85329228e -> 
  custom:framework-win-MediaFoundation: 216162199b28c13a410421893ffa2e32 -> 
  custom:scripting/monoscript/fileName/ScriptableObjectTestData.cs: 10c11abd49231b0d91ccbd95622a5977 -> 
  custom:scripting/precompiled-assembly-types:SREditor-Editor: dccaf550fa29aaab8f34b7b7e6894d78 -> 
  custom:scripting/monoscript/fileName/SRDrawer.cs: bbc3c2877d2e919a750885d848861b1e -> 
  custom:scripting/monoscript/fileName/SRNameAttribute.cs: 74ca6d41a24c12eb8b134c7b21f3d295 -> 
  custom:scripting/monoscript/fileName/AbstractData.cs: 59b1a224dca65e1260ce4a3f08e05103 -> 
  custom:scripting/monoscript/fileName/DataList.cs: 100ab48f250741e9a66d81b7bb98dc0f -> 
  custom:scripting/precompiled-assembly-types:NewTest: 5a34b2dcc265d1e0d8535495e67cb997 -> 
  custom:scripting/monoscript/fileName/TypeReplaceHelper.cs: af26fe9058a1b027fdc29c74852b03e0 -> 
  custom:CustomObjectIndexerAttribute: 9a22284fe3817be447336de3de66b15e -> 
  custom:scripting/monoscript/fileName/IntegerData.cs: 31ed90a73f2a47c6a052cfb9c1704f4a -> 
  custom:scripting/monoscript/fileName/TypeReplacerWindow.cs: 1cf63902605b00410a1f4eb3150c9f2b -> 
  custom:scripting/monoscript/fileName/NewTestData.cs: 715b68aa75bf91fe4b08a299346a5f6e -> 
  custom:scripting/monoscript/fileName/StringInterfaceData.cs: e4c0eb36091f8a73a0cbef98d644d8f1 -> 
  custom:scripting/monoscript/fileName/ProcessingCoordinator.cs: f0bad2c58b6b2dc235f3b91993a48986 -> 
  custom:scripting/monoscript/fileName/PlayCardGA.cs: 5789139290271257e0b7651fe5863c2e -> 
  custom:scripting/monoscript/fileName/SRFormerlyTypeCache.cs: e2643bab9fd9277bfb90f488dd508e9b -> 
  custom:container-demuxer-webm: 4f35f7cbe854078d1ac9338744f61a02 -> 
  custom:scripting/monoscript/fileName/SREditorSettings.cs: 3be20c2ced999538817d7e73eef0eb4e -> 
  custom:scripting/precompiled-assembly-types:SRDemo-Editor: 6828e6edb5a6113e7b7d54c9a87c64fd -> 
  custom:scripting/monoscript/fileName/SRMissingTypesValidator.cs: a3ab475318f61165f1b05c3c6f59904a -> 
  custom:scripting/precompiled-assembly-types:SREditor: eff79812a9d7b8e22e59e67338cdfda2 -> 
  custom:scripting/monoscript/fileName/CustomDataDrawer.cs: 567f3014340c7ff2785f820ac5acd1fb -> 
  custom:scripting/monoscript/fileName/DataHolder.cs: 29d51dbde49e2844611800b8e7cb913f -> 
  custom:scripting/monoscript/fileName/FloatNamedData.cs: 2f24d109324c51c87ad60bfb78f933ce -> 
  custom:scripting/monoscript/fileName/SRAttribute.cs: cc6dda8ac6362b23b37fe40fa3b2bbf3 -> 
  custom:scripting/monoscript/fileName/SRDuplicateCleaner.cs: 48ba78d155bb765f76ae3b7a48227096 -> 
  custom:scripting/monoscript/fileName/StringNamedData.cs: a0be046363b5145e8d7a10a6e7b39fd8 -> 
  custom:scripting/monoscript/fileName/PrefabTest.cs: 6b6887b3dc8e3af96cf14d93abfb5dc3 -> 
  custom:scripting/monoscript/fileName/FloatData.cs: cc167c52f95b4a9cfd19d3403edd9488 -> 
  custom:container-muxer-webm: aa71ff27fc2769a1b78a27578f13a17b -> 
  custom:video-decoder-webm-vp8: 9c59270c3fd7afecdb556c50c9e8de78 -> 
  custom:scripting/monoscript/fileName/ComplexData.cs: 1a194a9e801ae00127b7095ad5fb5845 -> 
  custom:scripting/monoscript/fileName/SRMissingTypesValidatorConfig.cs: f45a7213a13dc24388a4b9cf08ab6b0b -> 
  custom:SearchIndexIgnoredProperties: e643bd26f0fe6173181afceb89e7c659 -> 
  custom:AudioImporter_EditorPlatform: d09bf68614088b80899f8185d706f6e7 -> 
  custom:scripting/monoscript/fileName/SRTypesSearchWindowProvider.cs: 1216ce721f248c626210c79502c323d4 -> 
  custom:scripting/monoscript/fileName/MissingTypesCleaner.cs: 84c61a80bbc4c1446fbc65f2d72d8309 -> 
  custom:scripting/monoscript/fileName/SREditorSettingsProvider.cs: 96796a38016c0039c6a8612eec69034e -> 
  custom:scripting/monoscript/fileName/AbstractNamedData.cs: 30ddc6fd631c0e3d1b2ec1581e1bd6a4 -> 
  custom:scripting/monoscript/fileName/UnityLogAssetMissingTypeReport.cs: 40d72f05898153cb2bbe167f1651b9f7 -> 
  custom:scripting/monoscript/fileName/Effect.cs: db0847a469ed795dc13473466caf2c90 -> 
  custom:scripting/monoscript/fileName/SRCashTypeSearchTree.cs: 564a21cdbf2a2de755085e7e539d2d31 -> 
  custom:scripting/monoscript/fileName/SRHiddenAttribute.cs: 0136e3b4217b162da6fdfbacda44c0a1 -> 
  custom:scripting/monoscript/fileName/TypeInfoComparer.cs: 4d647e244dcbe40605e88bae9e66872b -> 
  custom:scripting/monoscript/fileName/NameService.cs: f450f04e7adb2532951c1331cfcecb1e -> 
  custom:scripting/monoscript/fileName/TestData.cs: 81ea9ea5cfeb494cd17ed04f7b8a6380 -> 
  custom:scripting/monoscript/fileName/CustomData.cs: 269d83f5b9b524c131a0338ab3268d54 -> 
  custom:scripting/monoscript/fileName/SRActionFactory.cs: 50947e36386537c0a0e1f84ca4fccdb9 -> 
  custom:scripting/monoscript/fileName/SRAction.cs: 222f673910e31316790fa3e1083cd837 -> 
  custom:video-encoder-webm-vp8: eb34c28f22e8b96e1ab97ce403110664 -> 
  custom:scripting/monoscript/fileName/HiddenData.cs: cc64cbbe526a41a16d9b0150b88bbbb7 -> 
  custom:audio-decoder-ogg-vorbis: bf7c407c2cedff20999df2af8eb42d56 -> 
  custom:scripting/monoscript/fileName/IntegerNamedData.cs: 3762cd7004115ee6ec36e1e47f5e8ffb -> 
  custom:scripting/monoscript/fileName/AssetChangeDetector.cs: 66241e9dff315550ae7fce59cb4845ae -> 
  custom:scripting/monoscript/fileName/ContainerData.cs: f8f7c63f3fc2634c71f417af7f430f7d -> 
  custom:scripting/monoscript/fileName/SRDrawerOptions.cs: c3337e45076f3c342b6a5a188ec88709 -> 
  custom:scripting/monoscript/fileName/IAssetMissingTypeReport.cs: a696b4ab419f1ee269354f38e3d5215c -> 
  custom:audio-encoder-webm-vorbis: bf7c407c2cedff20999df2af8eb42d56 -> 
  custom:scripting/precompiled-assembly-types:SRDemo: f47e35127e2bdb2babc1659ccc27ed59 -> 
  custom:scripting/monoscript/fileName/MissingTypesLogger.cs: 99cb48659ab3fcfec4988af39589e2c8 -> 
  custom:scripting/precompiled-assembly-types:Assembly-CSharp: fcfac9191d2cf5c888b86a5e5da75603 -> e24d7867124476b8f6c482295ea6f2d1
  custom:scripting/monoscript/fileName/TypeInfoArrayComparer.cs: a0155c04541da41c86293c994a8bb1a0 -> 
  custom:scripting/monoscript/fileName/ScriptableObjectTest.cs: 032499110290d01e6cc12268ed0aad8a -> 
  custom:scripting/monoscript/fileName/ErasePropertySRAction.cs: 48c4464404a9169de8d56b994197a54e -> 
========================================================================
Received Prepare
Caller must complete domain reload
Begin MonoManager ReloadAssembly
- Loaded All Assemblies, in  0.431 seconds
Native extension for WindowsStandalone target not found
Mono: successfully reloaded assembly
- Finished resetting the current domain, in  0.924 seconds
Domain Reload Profiling: 1355ms
	BeginReloadAssembly (176ms)
		ExecutionOrderSort (0ms)
		DisableScriptedObjects (7ms)
		BackupInstance (0ms)
		ReleaseScriptingObjects (0ms)
		CreateAndSetChildDomain (29ms)
	RebuildCommonClasses (22ms)
	RebuildNativeTypeToScriptingClass (7ms)
	initialDomainReloadingComplete (18ms)
	LoadAllAssembliesAndSetupDomain (207ms)
		LoadAssemblies (276ms)
		RebuildTransferFunctionScriptingTraits (0ms)
		AnalyzeDomain (31ms)
			TypeCache.Refresh (13ms)
				TypeCache.ScanAssembly (1ms)
			ScanForSourceGeneratedMonoScriptInfo (11ms)
			ResolveRequiredComponents (6ms)
	FinalizeReload (924ms)
		ReleaseScriptCaches (0ms)
		RebuildScriptCaches (0ms)
		SetupLoadedEditorAssemblies (536ms)
			LogAssemblyErrors (0ms)
			InitializePlatformSupportModulesInManaged (5ms)
			SetLoadedEditorAssemblies (3ms)
			RefreshPlugins (0ms)
			BeforeProcessingInitializeOnLoad (59ms)
			ProcessInitializeOnLoadAttributes (432ms)
			ProcessInitializeOnLoadMethodAttributes (34ms)
			AfterProcessingInitializeOnLoad (2ms)
			EditorAssembliesLoaded (0ms)
		ExecutionOrderSort2 (0ms)
		AwakeInstancesAfterBackupRestoration (13ms)
Refreshing native plugins compatible for Editor in 2.38 ms, found 4 plugins.
Preloading 0 native plugins for Editor in 0.00 ms.
Unloading 4265 Unused Serialized files (Serialized files now loaded: 0)
Unloading 52 unused Assets / (47.0 KB). Loaded Objects now: 4872.
Memory consumption went from 159.8 MB to 159.8 MB.
Total: 3.559600 ms (FindLiveObjects: 0.228300 ms CreateObjectMapping: 0.083300 ms MarkObjects: 3.122400 ms  DeleteObjects: 0.124600 ms)

Prepare: number of updated asset objects reloaded= 0
AssetImportParameters requested are different than current active one (requested -> active):
  custom:scripting/monoscript/fileName/SRDemoAttribute.cs: 6ccbafad3c791d764fc3499ecc4bab59 -> 
  custom:scripting/monoscript/fileName/LoadAllScriptableObjects.cs: e66c333df26233d2626484d132f341dc -> 
  custom:container-demuxer-ogg: 62fdf1f143b41e24485cea50d1cbac27 -> 
  custom:scripting/monoscript/fileName/StringData.cs: dbe603d4813d3fc95c266317e90e37bc -> 
  custom:scripting/monoscript/fileName/IAssetsLoader.cs: f252c3005d3ed3d4eadb090497fb6066 -> 
  custom:scripting/monoscript/fileName/SRTypeTreeFactory.cs: bffa0765f4ea96b6b44413cd49b40dbf -> 
  custom:scripting/monoscript/fileName/TypeReplacer.cs: a6583ed4dd622f9bd9a599520be1d674 -> 
  custom:scripting/monoscript/fileName/SRTypeCache.cs: bb8a6b571cd0de2157b5cb53234c9cff -> 
  custom:video-codec-MediaFoundation-h265: 746d11721c4dcdbdad8f713fa42b33f4 -> 
  custom:scripting/monoscript/fileName/FormerlySerializedTypeAttribute.cs: 1d89d7606eee76977381ab83bb4a8300 -> 
  custom:scripting/monoscript/fileName/IData.cs: 9faa5ea0cd967258f91cdf22bcd83abe -> 
  custom:video-decoder-ogg-theora: a1e56fd34408186e4bbccfd4996cb3dc -> 
  custom:scripting/monoscript/fileName/TypeInfo.cs: 0a6533c0d329969adf2dd099a31fbf3e -> 
  custom:scripting/monoscript/fileName/InstanceClassSRAction.cs: 16f3cf3357ddc5d5981ae9b85329228e -> 
  custom:framework-win-MediaFoundation: 216162199b28c13a410421893ffa2e32 -> 
  custom:scripting/monoscript/fileName/ScriptableObjectTestData.cs: 10c11abd49231b0d91ccbd95622a5977 -> 
  custom:scripting/monoscript/fileName/SRDrawer.cs: bbc3c2877d2e919a750885d848861b1e -> 
  custom:scripting/monoscript/fileName/SRNameAttribute.cs: 74ca6d41a24c12eb8b134c7b21f3d295 -> 
  custom:scripting/monoscript/fileName/AbstractData.cs: 59b1a224dca65e1260ce4a3f08e05103 -> 
  custom:scripting/monoscript/fileName/DataList.cs: 100ab48f250741e9a66d81b7bb98dc0f -> 
  custom:scripting/monoscript/fileName/TypeReplaceHelper.cs: af26fe9058a1b027fdc29c74852b03e0 -> 
  custom:CustomObjectIndexerAttribute: 9a22284fe3817be447336de3de66b15e -> 
  custom:scripting/monoscript/fileName/IntegerData.cs: 31ed90a73f2a47c6a052cfb9c1704f4a -> 
  custom:scripting/monoscript/fileName/TypeReplacerWindow.cs: 1cf63902605b00410a1f4eb3150c9f2b -> 
  custom:scripting/monoscript/fileName/NewTestData.cs: 715b68aa75bf91fe4b08a299346a5f6e -> 
  custom:scripting/monoscript/fileName/StringInterfaceData.cs: e4c0eb36091f8a73a0cbef98d644d8f1 -> 
  custom:scripting/monoscript/fileName/ProcessingCoordinator.cs: f0bad2c58b6b2dc235f3b91993a48986 -> 
  custom:scripting/monoscript/fileName/PlayCardGA.cs: 5789139290271257e0b7651fe5863c2e -> 
  custom:scripting/monoscript/fileName/SRFormerlyTypeCache.cs: e2643bab9fd9277bfb90f488dd508e9b -> 
  custom:container-demuxer-webm: 4f35f7cbe854078d1ac9338744f61a02 -> 
  custom:scripting/monoscript/fileName/SREditorSettings.cs: 3be20c2ced999538817d7e73eef0eb4e -> 
  custom:scripting/monoscript/fileName/SRMissingTypesValidator.cs: a3ab475318f61165f1b05c3c6f59904a -> 
  custom:scripting/monoscript/fileName/CustomDataDrawer.cs: 567f3014340c7ff2785f820ac5acd1fb -> 
  custom:scripting/monoscript/fileName/DataHolder.cs: 29d51dbde49e2844611800b8e7cb913f -> 
  custom:scripting/monoscript/fileName/FloatNamedData.cs: 2f24d109324c51c87ad60bfb78f933ce -> 
  custom:scripting/monoscript/fileName/SRAttribute.cs: cc6dda8ac6362b23b37fe40fa3b2bbf3 -> 
  custom:scripting/monoscript/fileName/SRDuplicateCleaner.cs: 48ba78d155bb765f76ae3b7a48227096 -> 
  custom:scripting/monoscript/fileName/StringNamedData.cs: a0be046363b5145e8d7a10a6e7b39fd8 -> 
  custom:scripting/monoscript/fileName/PrefabTest.cs: 6b6887b3dc8e3af96cf14d93abfb5dc3 -> 
  custom:scripting/monoscript/fileName/FloatData.cs: cc167c52f95b4a9cfd19d3403edd9488 -> 
  custom:container-muxer-webm: aa71ff27fc2769a1b78a27578f13a17b -> 
  custom:video-decoder-webm-vp8: 9c59270c3fd7afecdb556c50c9e8de78 -> 
  custom:scripting/monoscript/fileName/ComplexData.cs: 1a194a9e801ae00127b7095ad5fb5845 -> 
  custom:scripting/monoscript/fileName/SRMissingTypesValidatorConfig.cs: f45a7213a13dc24388a4b9cf08ab6b0b -> 
  custom:SearchIndexIgnoredProperties: e643bd26f0fe6173181afceb89e7c659 -> 
  custom:AudioImporter_EditorPlatform: d09bf68614088b80899f8185d706f6e7 -> 
  custom:scripting/monoscript/fileName/SRTypesSearchWindowProvider.cs: 1216ce721f248c626210c79502c323d4 -> 
  custom:scripting/monoscript/fileName/MissingTypesCleaner.cs: 84c61a80bbc4c1446fbc65f2d72d8309 -> 
  custom:scripting/monoscript/fileName/SREditorSettingsProvider.cs: 96796a38016c0039c6a8612eec69034e -> 
  custom:scripting/monoscript/fileName/AbstractNamedData.cs: 30ddc6fd631c0e3d1b2ec1581e1bd6a4 -> 
  custom:scripting/monoscript/fileName/UnityLogAssetMissingTypeReport.cs: 40d72f05898153cb2bbe167f1651b9f7 -> 
  custom:scripting/monoscript/fileName/Effect.cs: db0847a469ed795dc13473466caf2c90 -> 
  custom:scripting/monoscript/fileName/SRCashTypeSearchTree.cs: 564a21cdbf2a2de755085e7e539d2d31 -> 
  custom:scripting/monoscript/fileName/SRHiddenAttribute.cs: 0136e3b4217b162da6fdfbacda44c0a1 -> 
  custom:scripting/monoscript/fileName/TypeInfoComparer.cs: 4d647e244dcbe40605e88bae9e66872b -> 
  custom:scripting/monoscript/fileName/NameService.cs: f450f04e7adb2532951c1331cfcecb1e -> 
  custom:scripting/monoscript/fileName/TestData.cs: 81ea9ea5cfeb494cd17ed04f7b8a6380 -> 
  custom:scripting/monoscript/fileName/CustomData.cs: 269d83f5b9b524c131a0338ab3268d54 -> 
  custom:scripting/monoscript/fileName/SRActionFactory.cs: 50947e36386537c0a0e1f84ca4fccdb9 -> 
  custom:scripting/monoscript/fileName/SRAction.cs: 222f673910e31316790fa3e1083cd837 -> 
  custom:video-encoder-webm-vp8: eb34c28f22e8b96e1ab97ce403110664 -> 
  custom:scripting/monoscript/fileName/HiddenData.cs: cc64cbbe526a41a16d9b0150b88bbbb7 -> 
  custom:audio-decoder-ogg-vorbis: bf7c407c2cedff20999df2af8eb42d56 -> 
  custom:scripting/monoscript/fileName/IntegerNamedData.cs: 3762cd7004115ee6ec36e1e47f5e8ffb -> 
  custom:scripting/monoscript/fileName/AssetChangeDetector.cs: 66241e9dff315550ae7fce59cb4845ae -> 
  custom:scripting/monoscript/fileName/ContainerData.cs: f8f7c63f3fc2634c71f417af7f430f7d -> 
  custom:scripting/monoscript/fileName/SRDrawerOptions.cs: c3337e45076f3c342b6a5a188ec88709 -> 
  custom:scripting/monoscript/fileName/IAssetMissingTypeReport.cs: a696b4ab419f1ee269354f38e3d5215c -> 
  custom:audio-encoder-webm-vorbis: bf7c407c2cedff20999df2af8eb42d56 -> 
  custom:scripting/monoscript/fileName/MissingTypesLogger.cs: 99cb48659ab3fcfec4988af39589e2c8 -> 
  custom:scripting/precompiled-assembly-types:Assembly-CSharp: fcfac9191d2cf5c888b86a5e5da75603 -> e24d7867124476b8f6c482295ea6f2d1
  custom:scripting/monoscript/fileName/TypeInfoArrayComparer.cs: a0155c04541da41c86293c994a8bb1a0 -> 
  custom:scripting/monoscript/fileName/ScriptableObjectTest.cs: 032499110290d01e6cc12268ed0aad8a -> 
  custom:scripting/monoscript/fileName/ErasePropertySRAction.cs: 48c4464404a9169de8d56b994197a54e -> 
========================================================================
Received Prepare
Assembly with name 'SRDemo' already exists (Assets/SerializeReferenceEditor/Assets/SREditor/Samples/Demo/SRDemo.asmdef)
Assembly with name 'SRDemo' already exists (Assets/Prefabs/SerializeReferenceEditor/Assets/SREditor/Samples/Demo/SRDemo.asmdef)
Assembly with name 'SREditor-Editor' already exists (Assets/SerializeReferenceEditor/Assets/SREditor/Package/Editor/SREditor-Editor.asmdef)
Assembly with name 'SREditor-Editor' already exists (Assets/Prefabs/SerializeReferenceEditor/Assets/SREditor/Package/Editor/SREditor-Editor.asmdef)
Assembly with name 'NewTest' already exists (Assets/SerializeReferenceEditor/Assets/SREditor/Samples/Demo/NewTests/NewTest.asmdef)
Assembly with name 'NewTest' already exists (Assets/Prefabs/SerializeReferenceEditor/Assets/SREditor/Samples/Demo/NewTests/NewTest.asmdef)
Assembly with name 'SREditor' already exists (Assets/Prefabs/SerializeReferenceEditor/Assets/SREditor/Package/Scripts/SREditor.asmdef)
Assembly with name 'SREditor' already exists (Assets/SerializeReferenceEditor/Assets/SREditor/Package/Scripts/SREditor.asmdef)
Assembly with name 'SRDemo-Editor' already exists (Assets/Prefabs/SerializeReferenceEditor/Assets/SREditor/Samples/Demo/Editor/SRDemo-Editor.asmdef)
Assembly with name 'SRDemo-Editor' already exists (Assets/SerializeReferenceEditor/Assets/SREditor/Samples/Demo/Editor/SRDemo-Editor.asmdef)
Caller must complete domain reload
Assembly with name 'SRDemo' already exists (Assets/SerializeReferenceEditor/Assets/SREditor/Samples/Demo/SRDemo.asmdef)
Assembly with name 'SRDemo' already exists (Assets/Prefabs/SerializeReferenceEditor/Assets/SREditor/Samples/Demo/SRDemo.asmdef)
Assembly with name 'SREditor-Editor' already exists (Assets/SerializeReferenceEditor/Assets/SREditor/Package/Editor/SREditor-Editor.asmdef)
Assembly with name 'SREditor-Editor' already exists (Assets/Prefabs/SerializeReferenceEditor/Assets/SREditor/Package/Editor/SREditor-Editor.asmdef)
Assembly with name 'NewTest' already exists (Assets/SerializeReferenceEditor/Assets/SREditor/Samples/Demo/NewTests/NewTest.asmdef)
Assembly with name 'NewTest' already exists (Assets/Prefabs/SerializeReferenceEditor/Assets/SREditor/Samples/Demo/NewTests/NewTest.asmdef)
Assembly with name 'SREditor' already exists (Assets/Prefabs/SerializeReferenceEditor/Assets/SREditor/Package/Scripts/SREditor.asmdef)
Assembly with name 'SREditor' already exists (Assets/SerializeReferenceEditor/Assets/SREditor/Package/Scripts/SREditor.asmdef)
Assembly with name 'SRDemo-Editor' already exists (Assets/Prefabs/SerializeReferenceEditor/Assets/SREditor/Samples/Demo/Editor/SRDemo-Editor.asmdef)
Assembly with name 'SRDemo-Editor' already exists (Assets/SerializeReferenceEditor/Assets/SREditor/Samples/Demo/Editor/SRDemo-Editor.asmdef)
Begin MonoManager ReloadAssembly
- Loaded All Assemblies, in  0.370 seconds
Native extension for WindowsStandalone target not found
Assembly with name 'SRDemo' already exists (Assets/SerializeReferenceEditor/Assets/SREditor/Samples/Demo/SRDemo.asmdef)
Assembly with name 'SRDemo' already exists (Assets/Prefabs/SerializeReferenceEditor/Assets/SREditor/Samples/Demo/SRDemo.asmdef)
Assembly with name 'SREditor-Editor' already exists (Assets/SerializeReferenceEditor/Assets/SREditor/Package/Editor/SREditor-Editor.asmdef)
Assembly with name 'SREditor-Editor' already exists (Assets/Prefabs/SerializeReferenceEditor/Assets/SREditor/Package/Editor/SREditor-Editor.asmdef)
Assembly with name 'NewTest' already exists (Assets/SerializeReferenceEditor/Assets/SREditor/Samples/Demo/NewTests/NewTest.asmdef)
Assembly with name 'NewTest' already exists (Assets/Prefabs/SerializeReferenceEditor/Assets/SREditor/Samples/Demo/NewTests/NewTest.asmdef)
Assembly with name 'SREditor' already exists (Assets/Prefabs/SerializeReferenceEditor/Assets/SREditor/Package/Scripts/SREditor.asmdef)
Assembly with name 'SREditor' already exists (Assets/SerializeReferenceEditor/Assets/SREditor/Package/Scripts/SREditor.asmdef)
Assembly with name 'SRDemo-Editor' already exists (Assets/Prefabs/SerializeReferenceEditor/Assets/SREditor/Samples/Demo/Editor/SRDemo-Editor.asmdef)
Assembly with name 'SRDemo-Editor' already exists (Assets/SerializeReferenceEditor/Assets/SREditor/Samples/Demo/Editor/SRDemo-Editor.asmdef)
Mono: successfully reloaded assembly
- Finished resetting the current domain, in  0.825 seconds
Domain Reload Profiling: 1195ms
	BeginReloadAssembly (135ms)
		ExecutionOrderSort (0ms)
		DisableScriptedObjects (9ms)
		BackupInstance (0ms)
		ReleaseScriptingObjects (0ms)
		CreateAndSetChildDomain (36ms)
	RebuildCommonClasses (24ms)
	RebuildNativeTypeToScriptingClass (8ms)
	initialDomainReloadingComplete (19ms)
	LoadAllAssembliesAndSetupDomain (185ms)
		LoadAssemblies (219ms)
		RebuildTransferFunctionScriptingTraits (0ms)
		AnalyzeDomain (29ms)
			TypeCache.Refresh (13ms)
				TypeCache.ScanAssembly (1ms)
			ScanForSourceGeneratedMonoScriptInfo (10ms)
			ResolveRequiredComponents (5ms)
	FinalizeReload (825ms)
		ReleaseScriptCaches (0ms)
		RebuildScriptCaches (0ms)
		SetupLoadedEditorAssemblies (532ms)
			LogAssemblyErrors (0ms)
			InitializePlatformSupportModulesInManaged (3ms)
			SetLoadedEditorAssemblies (3ms)
			RefreshPlugins (0ms)
			BeforeProcessingInitializeOnLoad (68ms)
			ProcessInitializeOnLoadAttributes (422ms)
			ProcessInitializeOnLoadMethodAttributes (34ms)
			AfterProcessingInitializeOnLoad (2ms)
			EditorAssembliesLoaded (0ms)
		ExecutionOrderSort2 (0ms)
		AwakeInstancesAfterBackupRestoration (13ms)
Refreshing native plugins compatible for Editor in 2.33 ms, found 4 plugins.
Preloading 0 native plugins for Editor in 0.00 ms.
Unloading 4325 Unused Serialized files (Serialized files now loaded: 0)
Unloading 23 unused Assets / (31.6 KB). Loaded Objects now: 4907.
Memory consumption went from 160.9 MB to 160.9 MB.
Total: 4.041200 ms (FindLiveObjects: 0.381000 ms CreateObjectMapping: 0.141400 ms MarkObjects: 3.470500 ms  DeleteObjects: 0.047200 ms)

Prepare: number of updated asset objects reloaded= 30
AssetImportParameters requested are different than current active one (requested -> active):
  custom:scripting/monoscript/fileName/SRDemoAttribute.cs: b217f8d4e07b14b9940a83b035def963 -> 
  custom:scripting/monoscript/fileName/LoadAllScriptableObjects.cs: 8c4c4caa6c9d58a1046ba488534e615c -> 
  custom:container-demuxer-ogg: 62fdf1f143b41e24485cea50d1cbac27 -> 
  custom:scripting/monoscript/fileName/StringData.cs: 899c5872079327f54ed117fc61ea02c0 -> 
  custom:scripting/monoscript/fileName/IAssetsLoader.cs: 8d295a5e2d097f03f5f00e3441d974eb -> 
  custom:scripting/monoscript/fileName/SRTypeTreeFactory.cs: b9f0ea0d3f426034a242fccaec253fa9 -> 
  custom:scripting/monoscript/fileName/TypeReplacer.cs: ae51176d3fdd2e15067fbf3eeb4d1ffd -> 
  custom:scripting/monoscript/fileName/SRTypeCache.cs: cd51da883b797559c225dab095647981 -> 
  custom:video-codec-MediaFoundation-h265: 746d11721c4dcdbdad8f713fa42b33f4 -> 
  custom:scripting/monoscript/fileName/FormerlySerializedTypeAttribute.cs: a2ba12d6f49519a27a785cb6e7cc3b9c -> 
  custom:scripting/monoscript/fileName/IData.cs: 869deb168c5112234ead0b60061e88d4 -> 
  custom:video-decoder-ogg-theora: a1e56fd34408186e4bbccfd4996cb3dc -> 
  custom:scripting/monoscript/fileName/TypeInfo.cs: 3a9ce2b1121b5df65b59d03380de4ab6 -> 
  custom:scripting/monoscript/fileName/InstanceClassSRAction.cs: 78c0331d959a99a60c1adff7e81d3862 -> 
  custom:framework-win-MediaFoundation: 216162199b28c13a410421893ffa2e32 -> 
  custom:scripting/monoscript/fileName/ScriptableObjectTestData.cs: 56e0c1e05ef2b3e0ecda33fad772a283 -> 
  custom:scripting/precompiled-assembly-types:SREditor-Editor: 55b5456b5630cab223524f958b1d591b -> 
  custom:scripting/monoscript/fileName/SRDrawer.cs: cbea2dac214fbebe88c1bdc69ad4b45f -> 
  custom:scripting/monoscript/fileName/SRNameAttribute.cs: 1b1dbd11348e161435c454df7cc85608 -> 
  custom:scripting/monoscript/fileName/AbstractData.cs: c2fc160bd7af24ef3912d4546ba164da -> 
  custom:scripting/monoscript/fileName/DataList.cs: ac707c81ae30f006632cf7b337900264 -> 
  custom:scripting/precompiled-assembly-types:NewTest: 1f1ee7a59c4c112b0ac23a43c8848db5 -> 
  custom:scripting/monoscript/fileName/TypeReplaceHelper.cs: 5061a70e5cba90a2f93fbaca5002d92c -> 
  custom:CustomObjectIndexerAttribute: 9a22284fe3817be447336de3de66b15e -> 
  custom:scripting/monoscript/fileName/IntegerData.cs: be3d36b532f74a94814765d5582dd467 -> 
  custom:scripting/monoscript/fileName/TypeReplacerWindow.cs: c75b82325a10408dedd0b6359fe6ec16 -> 
  custom:scripting/monoscript/fileName/NewTestData.cs: d4cd3933424ead977ec2d13d82f8bf32 -> 
  custom:scripting/monoscript/fileName/StringInterfaceData.cs: 3d50b8fc8dd0f40f14ecec98ae9d71bf -> 
  custom:scripting/monoscript/fileName/ProcessingCoordinator.cs: a2cc59e2f1bdaa862f8699f5126d0c16 -> 
  custom:scripting/monoscript/fileName/PlayCardGA.cs: 5789139290271257e0b7651fe5863c2e -> 
  custom:scripting/monoscript/fileName/SRFormerlyTypeCache.cs: b7cf08609a0a042a8236322b594b8142 -> 
  custom:container-demuxer-webm: 4f35f7cbe854078d1ac9338744f61a02 -> 
  custom:scripting/monoscript/fileName/SREditorSettings.cs: 3331118a764dc5e43cc7c0d781d392d8 -> 
  custom:scripting/precompiled-assembly-types:SRDemo-Editor: 8adfbed147264f837f3a0482ccfceda7 -> 
  custom:scripting/monoscript/fileName/SRMissingTypesValidator.cs: 46bac1a342b6b1607f4b717707b04fa2 -> 
  custom:scripting/precompiled-assembly-types:SREditor: df3fe5802f2450a7160c4b4df24efb82 -> 
  custom:scripting/monoscript/fileName/CustomDataDrawer.cs: 65ff75100b510d38b07627bf3a1e89c7 -> 
  custom:scripting/monoscript/fileName/DataHolder.cs: b5fe96c290fd369c9489341d8f0c6c3f -> 
  custom:scripting/monoscript/fileName/FloatNamedData.cs: f5fca032bc29de94a8bc17bae6d6c41d -> 
  custom:scripting/monoscript/fileName/SRAttribute.cs: 789115209565033af35d3e3afd3e3310 -> 
  custom:scripting/monoscript/fileName/SRDuplicateCleaner.cs: d225ff68fd10a29da65fb6f03456bf58 -> 
  custom:scripting/monoscript/fileName/StringNamedData.cs: b9ca07eb5bf5f668f896b2406b80c50f -> 
  custom:scripting/monoscript/fileName/PrefabTest.cs: 6b21488e501f2b8de0cbf89d0ebca7f4 -> 
  custom:scripting/monoscript/fileName/FloatData.cs: a36b3dfab935a3cafd5bec620587edb1 -> 
  custom:container-muxer-webm: aa71ff27fc2769a1b78a27578f13a17b -> 
  custom:video-decoder-webm-vp8: 9c59270c3fd7afecdb556c50c9e8de78 -> 
  custom:scripting/monoscript/fileName/ComplexData.cs: a41c3c64cbd5a4249e25f8e18e449ae5 -> 
  custom:scripting/monoscript/fileName/SRMissingTypesValidatorConfig.cs: 311504d3d80993c651daaad954f1305b -> 
  custom:SearchIndexIgnoredProperties: e643bd26f0fe6173181afceb89e7c659 -> 
  custom:AudioImporter_EditorPlatform: d09bf68614088b80899f8185d706f6e7 -> 
  custom:scripting/monoscript/fileName/SRTypesSearchWindowProvider.cs: efc74559e42bc1aa7b7f5150b360d2fb -> 
  custom:scripting/monoscript/fileName/MissingTypesCleaner.cs: d3f00f379b86ec4cc811f9c87e215dd8 -> 
  custom:scripting/monoscript/fileName/SREditorSettingsProvider.cs: 37a99a0352dafd2b90ce1865506af283 -> 
  custom:scripting/monoscript/fileName/AbstractNamedData.cs: e532bceb478b1b5456b1c7ec34accfb2 -> 
  custom:scripting/monoscript/fileName/UnityLogAssetMissingTypeReport.cs: 0623721f233a6cc1458bd3d77272d40b -> 
  custom:scripting/monoscript/fileName/Effect.cs: db0847a469ed795dc13473466caf2c90 -> 
  custom:scripting/monoscript/fileName/SRCashTypeSearchTree.cs: ce95e72afce0c3503f63fc4c4d621b06 -> 
  custom:scripting/monoscript/fileName/SRHiddenAttribute.cs: b80fc48a45fff22c67246a0eb3bb2f52 -> 
  custom:scripting/monoscript/fileName/TypeInfoComparer.cs: f78e3dd8571fb435023b893ff6ab0349 -> 
  custom:scripting/monoscript/fileName/NameService.cs: 0b470d478878f04170f09ea709d96d20 -> 
  custom:scripting/monoscript/fileName/TestData.cs: 30cb1cfce572b4f2dcb721be1e0e9081 -> 
  custom:scripting/monoscript/fileName/CustomData.cs: d49523017a9f23851db158eaea2801ff -> 
  custom:scripting/monoscript/fileName/SRActionFactory.cs: 6cb7f0a6c20ec38e4610be62bfe55206 -> 
  custom:scripting/monoscript/fileName/SRAction.cs: ef58eb737e49a3b52271615452d512d9 -> 
  custom:video-encoder-webm-vp8: eb34c28f22e8b96e1ab97ce403110664 -> 
  custom:scripting/monoscript/fileName/HiddenData.cs: 1b489c97a3d23394b73da862faf88fdf -> 
  custom:audio-decoder-ogg-vorbis: bf7c407c2cedff20999df2af8eb42d56 -> 
  custom:scripting/monoscript/fileName/IntegerNamedData.cs: 608697fde81a43c41d54201b88e6e311 -> 
  custom:scripting/monoscript/fileName/AssetChangeDetector.cs: 65333c271892a57b3b74113ae0b0e6d4 -> 
  custom:scripting/monoscript/fileName/ContainerData.cs: c5dc4e9b9c3e32e43213d6d81fd37d43 -> 
  custom:scripting/monoscript/fileName/SRDrawerOptions.cs: 2b1003830d2989546caf7126adc49d41 -> 
  custom:scripting/monoscript/fileName/IAssetMissingTypeReport.cs: 22126180f057be89ffb14e06670cf701 -> 
  custom:audio-encoder-webm-vorbis: bf7c407c2cedff20999df2af8eb42d56 -> 
  custom:scripting/precompiled-assembly-types:SRDemo: 12f6be23b5d35fc375ef15de3d23d5b7 -> 
  custom:scripting/monoscript/fileName/MissingTypesLogger.cs: eac8c33766e6330de4c0a44b29a2de78 -> 
  custom:scripting/precompiled-assembly-types:Assembly-CSharp: fcfac9191d2cf5c888b86a5e5da75603 -> e24d7867124476b8f6c482295ea6f2d1
  custom:scripting/monoscript/fileName/TypeInfoArrayComparer.cs: 4734a6743c056bda54f6256be31cb96a -> 
  custom:scripting/monoscript/fileName/ScriptableObjectTest.cs: b53441fff951350b341178933e3e23ef -> 
  custom:scripting/monoscript/fileName/ErasePropertySRAction.cs: 4b881b6741f1070c9d03f1dd87107a3b -> 
========================================================================
Received Prepare
Assembly with name 'SRDemo' already exists (Assets/SerializeReferenceEditor/Assets/SREditor/Samples/Demo/SRDemo.asmdef)
Assembly with name 'SRDemo' already exists (Assets/Prefabs/SerializeReferenceEditor/Assets/SREditor/Samples/Demo/SRDemo.asmdef)
Assembly with name 'SREditor-Editor' already exists (Assets/SerializeReferenceEditor/Assets/SREditor/Package/Editor/SREditor-Editor.asmdef)
Assembly with name 'SREditor-Editor' already exists (Assets/Prefabs/SerializeReferenceEditor/Assets/SREditor/Package/Editor/SREditor-Editor.asmdef)
Assembly with name 'NewTest' already exists (Assets/SerializeReferenceEditor/Assets/SREditor/Samples/Demo/NewTests/NewTest.asmdef)
Assembly with name 'NewTest' already exists (Assets/Prefabs/SerializeReferenceEditor/Assets/SREditor/Samples/Demo/NewTests/NewTest.asmdef)
Assembly with name 'SREditor' already exists (Assets/Prefabs/SerializeReferenceEditor/Assets/SREditor/Package/Scripts/SREditor.asmdef)
Assembly with name 'SREditor' already exists (Assets/SerializeReferenceEditor/Assets/SREditor/Package/Scripts/SREditor.asmdef)
Assembly with name 'SRDemo-Editor' already exists (Assets/Prefabs/SerializeReferenceEditor/Assets/SREditor/Samples/Demo/Editor/SRDemo-Editor.asmdef)
Assembly with name 'SRDemo-Editor' already exists (Assets/SerializeReferenceEditor/Assets/SREditor/Samples/Demo/Editor/SRDemo-Editor.asmdef)
Caller must complete domain reload
Assembly with name 'SRDemo' already exists (Assets/SerializeReferenceEditor/Assets/SREditor/Samples/Demo/SRDemo.asmdef)
Assembly with name 'SRDemo' already exists (Assets/Prefabs/SerializeReferenceEditor/Assets/SREditor/Samples/Demo/SRDemo.asmdef)
Assembly with name 'SREditor-Editor' already exists (Assets/SerializeReferenceEditor/Assets/SREditor/Package/Editor/SREditor-Editor.asmdef)
Assembly with name 'SREditor-Editor' already exists (Assets/Prefabs/SerializeReferenceEditor/Assets/SREditor/Package/Editor/SREditor-Editor.asmdef)
Assembly with name 'NewTest' already exists (Assets/SerializeReferenceEditor/Assets/SREditor/Samples/Demo/NewTests/NewTest.asmdef)
Assembly with name 'NewTest' already exists (Assets/Prefabs/SerializeReferenceEditor/Assets/SREditor/Samples/Demo/NewTests/NewTest.asmdef)
Assembly with name 'SREditor' already exists (Assets/Prefabs/SerializeReferenceEditor/Assets/SREditor/Package/Scripts/SREditor.asmdef)
Assembly with name 'SREditor' already exists (Assets/SerializeReferenceEditor/Assets/SREditor/Package/Scripts/SREditor.asmdef)
Assembly with name 'SRDemo-Editor' already exists (Assets/Prefabs/SerializeReferenceEditor/Assets/SREditor/Samples/Demo/Editor/SRDemo-Editor.asmdef)
Assembly with name 'SRDemo-Editor' already exists (Assets/SerializeReferenceEditor/Assets/SREditor/Samples/Demo/Editor/SRDemo-Editor.asmdef)
Begin MonoManager ReloadAssembly
- Loaded All Assemblies, in  0.450 seconds
Native extension for WindowsStandalone target not found
Assembly with name 'SRDemo' already exists (Assets/SerializeReferenceEditor/Assets/SREditor/Samples/Demo/SRDemo.asmdef)
Assembly with name 'SRDemo' already exists (Assets/Prefabs/SerializeReferenceEditor/Assets/SREditor/Samples/Demo/SRDemo.asmdef)
Assembly with name 'SREditor-Editor' already exists (Assets/SerializeReferenceEditor/Assets/SREditor/Package/Editor/SREditor-Editor.asmdef)
Assembly with name 'SREditor-Editor' already exists (Assets/Prefabs/SerializeReferenceEditor/Assets/SREditor/Package/Editor/SREditor-Editor.asmdef)
Assembly with name 'NewTest' already exists (Assets/SerializeReferenceEditor/Assets/SREditor/Samples/Demo/NewTests/NewTest.asmdef)
Assembly with name 'NewTest' already exists (Assets/Prefabs/SerializeReferenceEditor/Assets/SREditor/Samples/Demo/NewTests/NewTest.asmdef)
Assembly with name 'SREditor' already exists (Assets/Prefabs/SerializeReferenceEditor/Assets/SREditor/Package/Scripts/SREditor.asmdef)
Assembly with name 'SREditor' already exists (Assets/SerializeReferenceEditor/Assets/SREditor/Package/Scripts/SREditor.asmdef)
Assembly with name 'SRDemo-Editor' already exists (Assets/Prefabs/SerializeReferenceEditor/Assets/SREditor/Samples/Demo/Editor/SRDemo-Editor.asmdef)
Assembly with name 'SRDemo-Editor' already exists (Assets/SerializeReferenceEditor/Assets/SREditor/Samples/Demo/Editor/SRDemo-Editor.asmdef)
Mono: successfully reloaded assembly
- Finished resetting the current domain, in  5.795 seconds
Domain Reload Profiling: 6245ms
	BeginReloadAssembly (105ms)
		ExecutionOrderSort (0ms)
		DisableScriptedObjects (7ms)
		BackupInstance (0ms)
		ReleaseScriptingObjects (0ms)
		CreateAndSetChildDomain (25ms)
	RebuildCommonClasses (21ms)
	RebuildNativeTypeToScriptingClass (7ms)
	initialDomainReloadingComplete (17ms)
	LoadAllAssembliesAndSetupDomain (300ms)
		LoadAssemblies (325ms)
		RebuildTransferFunctionScriptingTraits (0ms)
		AnalyzeDomain (26ms)
			TypeCache.Refresh (11ms)
				TypeCache.ScanAssembly (1ms)
			ScanForSourceGeneratedMonoScriptInfo (9ms)
			ResolveRequiredComponents (5ms)
	FinalizeReload (5795ms)
		ReleaseScriptCaches (0ms)
		RebuildScriptCaches (0ms)
		SetupLoadedEditorAssemblies (368ms)
			LogAssemblyErrors (0ms)
			InitializePlatformSupportModulesInManaged (3ms)
			SetLoadedEditorAssemblies (3ms)
			RefreshPlugins (0ms)
			BeforeProcessingInitializeOnLoad (61ms)
			ProcessInitializeOnLoadAttributes (278ms)
			ProcessInitializeOnLoadMethodAttributes (21ms)
			AfterProcessingInitializeOnLoad (2ms)
			EditorAssembliesLoaded (0ms)
		ExecutionOrderSort2 (0ms)
		AwakeInstancesAfterBackupRestoration (8ms)
Refreshing native plugins compatible for Editor in 1.55 ms, found 4 plugins.
Preloading 0 native plugins for Editor in 0.00 ms.
Unloading 4325 Unused Serialized files (Serialized files now loaded: 0)
Unloading 23 unused Assets / (31.6 KB). Loaded Objects now: 4912.
Memory consumption went from 160.9 MB to 160.9 MB.
Total: 2.972000 ms (FindLiveObjects: 0.202500 ms CreateObjectMapping: 0.071100 ms MarkObjects: 2.660300 ms  DeleteObjects: 0.037300 ms)

Prepare: number of updated asset objects reloaded= 0
AssetImportParameters requested are different than current active one (requested -> active):
  custom:scripting/monoscript/fileName/SRDemoAttribute.cs: b217f8d4e07b14b9940a83b035def963 -> 
  custom:scripting/monoscript/fileName/LoadAllScriptableObjects.cs: 8c4c4caa6c9d58a1046ba488534e615c -> 
  custom:container-demuxer-ogg: 62fdf1f143b41e24485cea50d1cbac27 -> 
  custom:scripting/monoscript/fileName/StringData.cs: 899c5872079327f54ed117fc61ea02c0 -> 
  custom:scripting/monoscript/fileName/IAssetsLoader.cs: 8d295a5e2d097f03f5f00e3441d974eb -> 
  custom:scripting/monoscript/fileName/SRTypeTreeFactory.cs: b9f0ea0d3f426034a242fccaec253fa9 -> 
  custom:scripting/monoscript/fileName/TypeReplacer.cs: ae51176d3fdd2e15067fbf3eeb4d1ffd -> 
  custom:scripting/monoscript/fileName/SRTypeCache.cs: cd51da883b797559c225dab095647981 -> 
  custom:video-codec-MediaFoundation-h265: 746d11721c4dcdbdad8f713fa42b33f4 -> 
  custom:scripting/monoscript/fileName/FormerlySerializedTypeAttribute.cs: a2ba12d6f49519a27a785cb6e7cc3b9c -> 
  custom:scripting/monoscript/fileName/IData.cs: 869deb168c5112234ead0b60061e88d4 -> 
  custom:video-decoder-ogg-theora: a1e56fd34408186e4bbccfd4996cb3dc -> 
  custom:scripting/monoscript/fileName/TypeInfo.cs: 3a9ce2b1121b5df65b59d03380de4ab6 -> 
  custom:scripting/monoscript/fileName/InstanceClassSRAction.cs: 78c0331d959a99a60c1adff7e81d3862 -> 
  custom:framework-win-MediaFoundation: 216162199b28c13a410421893ffa2e32 -> 
  custom:scripting/monoscript/fileName/ScriptableObjectTestData.cs: 56e0c1e05ef2b3e0ecda33fad772a283 -> 
  custom:scripting/precompiled-assembly-types:SREditor-Editor: 55b5456b5630cab223524f958b1d591b -> 
  custom:scripting/monoscript/fileName/SRDrawer.cs: cbea2dac214fbebe88c1bdc69ad4b45f -> 
  custom:scripting/monoscript/fileName/SRNameAttribute.cs: 1b1dbd11348e161435c454df7cc85608 -> 
  custom:scripting/monoscript/fileName/AbstractData.cs: c2fc160bd7af24ef3912d4546ba164da -> 
  custom:scripting/monoscript/fileName/DataList.cs: ac707c81ae30f006632cf7b337900264 -> 
  custom:scripting/precompiled-assembly-types:NewTest: 1f1ee7a59c4c112b0ac23a43c8848db5 -> 
  custom:scripting/monoscript/fileName/TypeReplaceHelper.cs: 5061a70e5cba90a2f93fbaca5002d92c -> 
  custom:CustomObjectIndexerAttribute: 9a22284fe3817be447336de3de66b15e -> 
  custom:scripting/monoscript/fileName/IntegerData.cs: be3d36b532f74a94814765d5582dd467 -> 
  custom:scripting/monoscript/fileName/TypeReplacerWindow.cs: c75b82325a10408dedd0b6359fe6ec16 -> 
  custom:scripting/monoscript/fileName/NewTestData.cs: d4cd3933424ead977ec2d13d82f8bf32 -> 
  custom:scripting/monoscript/fileName/StringInterfaceData.cs: 3d50b8fc8dd0f40f14ecec98ae9d71bf -> 
  custom:scripting/monoscript/fileName/ProcessingCoordinator.cs: a2cc59e2f1bdaa862f8699f5126d0c16 -> 
  custom:scripting/monoscript/fileName/PlayCardGA.cs: 5789139290271257e0b7651fe5863c2e -> 
  custom:scripting/monoscript/fileName/SRFormerlyTypeCache.cs: b7cf08609a0a042a8236322b594b8142 -> 
  custom:container-demuxer-webm: 4f35f7cbe854078d1ac9338744f61a02 -> 
  custom:scripting/monoscript/fileName/SREditorSettings.cs: 3331118a764dc5e43cc7c0d781d392d8 -> 
  custom:scripting/precompiled-assembly-types:SRDemo-Editor: 8adfbed147264f837f3a0482ccfceda7 -> 
  custom:scripting/monoscript/fileName/SRMissingTypesValidator.cs: 46bac1a342b6b1607f4b717707b04fa2 -> 
  custom:scripting/precompiled-assembly-types:SREditor: df3fe5802f2450a7160c4b4df24efb82 -> 
  custom:scripting/monoscript/fileName/CustomDataDrawer.cs: 65ff75100b510d38b07627bf3a1e89c7 -> 
  custom:scripting/monoscript/fileName/DataHolder.cs: b5fe96c290fd369c9489341d8f0c6c3f -> 
  custom:scripting/monoscript/fileName/FloatNamedData.cs: f5fca032bc29de94a8bc17bae6d6c41d -> 
  custom:scripting/monoscript/fileName/SRAttribute.cs: 789115209565033af35d3e3afd3e3310 -> 
  custom:scripting/monoscript/fileName/SRDuplicateCleaner.cs: d225ff68fd10a29da65fb6f03456bf58 -> 
  custom:scripting/monoscript/fileName/StringNamedData.cs: b9ca07eb5bf5f668f896b2406b80c50f -> 
  custom:scripting/monoscript/fileName/PrefabTest.cs: 6b21488e501f2b8de0cbf89d0ebca7f4 -> 
  custom:scripting/monoscript/fileName/FloatData.cs: a36b3dfab935a3cafd5bec620587edb1 -> 
  custom:container-muxer-webm: aa71ff27fc2769a1b78a27578f13a17b -> 
  custom:video-decoder-webm-vp8: 9c59270c3fd7afecdb556c50c9e8de78 -> 
  custom:scripting/monoscript/fileName/ComplexData.cs: a41c3c64cbd5a4249e25f8e18e449ae5 -> 
  custom:scripting/monoscript/fileName/SRMissingTypesValidatorConfig.cs: 311504d3d80993c651daaad954f1305b -> 
  custom:SearchIndexIgnoredProperties: e643bd26f0fe6173181afceb89e7c659 -> 
  custom:AudioImporter_EditorPlatform: d09bf68614088b80899f8185d706f6e7 -> 
  custom:scripting/monoscript/fileName/SRTypesSearchWindowProvider.cs: efc74559e42bc1aa7b7f5150b360d2fb -> 
  custom:scripting/monoscript/fileName/MissingTypesCleaner.cs: d3f00f379b86ec4cc811f9c87e215dd8 -> 
  custom:scripting/monoscript/fileName/SREditorSettingsProvider.cs: 37a99a0352dafd2b90ce1865506af283 -> 
  custom:scripting/monoscript/fileName/AbstractNamedData.cs: e532bceb478b1b5456b1c7ec34accfb2 -> 
  custom:scripting/monoscript/fileName/UnityLogAssetMissingTypeReport.cs: 0623721f233a6cc1458bd3d77272d40b -> 
  custom:scripting/monoscript/fileName/Effect.cs: db0847a469ed795dc13473466caf2c90 -> 
  custom:scripting/monoscript/fileName/SRCashTypeSearchTree.cs: ce95e72afce0c3503f63fc4c4d621b06 -> 
  custom:scripting/monoscript/fileName/SRHiddenAttribute.cs: b80fc48a45fff22c67246a0eb3bb2f52 -> 
  custom:scripting/monoscript/fileName/TypeInfoComparer.cs: f78e3dd8571fb435023b893ff6ab0349 -> 
  custom:scripting/monoscript/fileName/NameService.cs: 0b470d478878f04170f09ea709d96d20 -> 
  custom:scripting/monoscript/fileName/TestData.cs: 30cb1cfce572b4f2dcb721be1e0e9081 -> 
  custom:scripting/monoscript/fileName/CustomData.cs: d49523017a9f23851db158eaea2801ff -> 
  custom:scripting/monoscript/fileName/SRActionFactory.cs: 6cb7f0a6c20ec38e4610be62bfe55206 -> 
  custom:scripting/monoscript/fileName/SRAction.cs: ef58eb737e49a3b52271615452d512d9 -> 
  custom:video-encoder-webm-vp8: eb34c28f22e8b96e1ab97ce403110664 -> 
  custom:scripting/monoscript/fileName/HiddenData.cs: 1b489c97a3d23394b73da862faf88fdf -> 
  custom:audio-decoder-ogg-vorbis: bf7c407c2cedff20999df2af8eb42d56 -> 
  custom:scripting/monoscript/fileName/IntegerNamedData.cs: 608697fde81a43c41d54201b88e6e311 -> 
  custom:scripting/monoscript/fileName/AssetChangeDetector.cs: 65333c271892a57b3b74113ae0b0e6d4 -> 
  custom:scripting/monoscript/fileName/ContainerData.cs: c5dc4e9b9c3e32e43213d6d81fd37d43 -> 
  custom:scripting/monoscript/fileName/SRDrawerOptions.cs: 2b1003830d2989546caf7126adc49d41 -> 
  custom:scripting/monoscript/fileName/IAssetMissingTypeReport.cs: 22126180f057be89ffb14e06670cf701 -> 
  custom:audio-encoder-webm-vorbis: bf7c407c2cedff20999df2af8eb42d56 -> 
  custom:scripting/precompiled-assembly-types:SRDemo: 12f6be23b5d35fc375ef15de3d23d5b7 -> 
  custom:scripting/monoscript/fileName/MissingTypesLogger.cs: eac8c33766e6330de4c0a44b29a2de78 -> 
  custom:scripting/precompiled-assembly-types:Assembly-CSharp: fcfac9191d2cf5c888b86a5e5da75603 -> e24d7867124476b8f6c482295ea6f2d1
  custom:scripting/monoscript/fileName/TypeInfoArrayComparer.cs: 4734a6743c056bda54f6256be31cb96a -> 
  custom:scripting/monoscript/fileName/ScriptableObjectTest.cs: b53441fff951350b341178933e3e23ef -> 
  custom:scripting/monoscript/fileName/ErasePropertySRAction.cs: 4b881b6741f1070c9d03f1dd87107a3b -> 
========================================================================
Received Prepare
Assembly with name 'SRDemo' already exists (Assets/SerializeReferenceEditor/Assets/SREditor/Samples/Demo/SRDemo.asmdef)
Assembly with name 'SRDemo' already exists (Assets/Prefabs/SerializeReferenceEditor/Assets/SREditor/Samples/Demo/SRDemo.asmdef)
Assembly with name 'SREditor-Editor' already exists (Assets/SerializeReferenceEditor/Assets/SREditor/Package/Editor/SREditor-Editor.asmdef)
Assembly with name 'SREditor-Editor' already exists (Assets/Prefabs/SerializeReferenceEditor/Assets/SREditor/Package/Editor/SREditor-Editor.asmdef)
Assembly with name 'NewTest' already exists (Assets/SerializeReferenceEditor/Assets/SREditor/Samples/Demo/NewTests/NewTest.asmdef)
Assembly with name 'NewTest' already exists (Assets/Prefabs/SerializeReferenceEditor/Assets/SREditor/Samples/Demo/NewTests/NewTest.asmdef)
Assembly with name 'SREditor' already exists (Assets/Prefabs/SerializeReferenceEditor/Assets/SREditor/Package/Scripts/SREditor.asmdef)
Assembly with name 'SREditor' already exists (Assets/SerializeReferenceEditor/Assets/SREditor/Package/Scripts/SREditor.asmdef)
Assembly with name 'SRDemo-Editor' already exists (Assets/Prefabs/SerializeReferenceEditor/Assets/SREditor/Samples/Demo/Editor/SRDemo-Editor.asmdef)
Assembly with name 'SRDemo-Editor' already exists (Assets/SerializeReferenceEditor/Assets/SREditor/Samples/Demo/Editor/SRDemo-Editor.asmdef)
Caller must complete domain reload
Assembly with name 'SRDemo' already exists (Assets/SerializeReferenceEditor/Assets/SREditor/Samples/Demo/SRDemo.asmdef)
Assembly with name 'SRDemo' already exists (Assets/Prefabs/SerializeReferenceEditor/Assets/SREditor/Samples/Demo/SRDemo.asmdef)
Assembly with name 'SREditor-Editor' already exists (Assets/SerializeReferenceEditor/Assets/SREditor/Package/Editor/SREditor-Editor.asmdef)
Assembly with name 'SREditor-Editor' already exists (Assets/Prefabs/SerializeReferenceEditor/Assets/SREditor/Package/Editor/SREditor-Editor.asmdef)
Assembly with name 'NewTest' already exists (Assets/SerializeReferenceEditor/Assets/SREditor/Samples/Demo/NewTests/NewTest.asmdef)
Assembly with name 'NewTest' already exists (Assets/Prefabs/SerializeReferenceEditor/Assets/SREditor/Samples/Demo/NewTests/NewTest.asmdef)
Assembly with name 'SREditor' already exists (Assets/Prefabs/SerializeReferenceEditor/Assets/SREditor/Package/Scripts/SREditor.asmdef)
Assembly with name 'SREditor' already exists (Assets/SerializeReferenceEditor/Assets/SREditor/Package/Scripts/SREditor.asmdef)
Assembly with name 'SRDemo-Editor' already exists (Assets/Prefabs/SerializeReferenceEditor/Assets/SREditor/Samples/Demo/Editor/SRDemo-Editor.asmdef)
Assembly with name 'SRDemo-Editor' already exists (Assets/SerializeReferenceEditor/Assets/SREditor/Samples/Demo/Editor/SRDemo-Editor.asmdef)
Begin MonoManager ReloadAssembly
- Loaded All Assemblies, in  0.334 seconds
Native extension for WindowsStandalone target not found
Assembly with name 'SRDemo' already exists (Assets/SerializeReferenceEditor/Assets/SREditor/Samples/Demo/SRDemo.asmdef)
Assembly with name 'SRDemo' already exists (Assets/Prefabs/SerializeReferenceEditor/Assets/SREditor/Samples/Demo/SRDemo.asmdef)
Assembly with name 'SREditor-Editor' already exists (Assets/SerializeReferenceEditor/Assets/SREditor/Package/Editor/SREditor-Editor.asmdef)
Assembly with name 'SREditor-Editor' already exists (Assets/Prefabs/SerializeReferenceEditor/Assets/SREditor/Package/Editor/SREditor-Editor.asmdef)
Assembly with name 'NewTest' already exists (Assets/SerializeReferenceEditor/Assets/SREditor/Samples/Demo/NewTests/NewTest.asmdef)
Assembly with name 'NewTest' already exists (Assets/Prefabs/SerializeReferenceEditor/Assets/SREditor/Samples/Demo/NewTests/NewTest.asmdef)
Assembly with name 'SREditor' already exists (Assets/Prefabs/SerializeReferenceEditor/Assets/SREditor/Package/Scripts/SREditor.asmdef)
Assembly with name 'SREditor' already exists (Assets/SerializeReferenceEditor/Assets/SREditor/Package/Scripts/SREditor.asmdef)
Assembly with name 'SRDemo-Editor' already exists (Assets/Prefabs/SerializeReferenceEditor/Assets/SREditor/Samples/Demo/Editor/SRDemo-Editor.asmdef)
Assembly with name 'SRDemo-Editor' already exists (Assets/SerializeReferenceEditor/Assets/SREditor/Samples/Demo/Editor/SRDemo-Editor.asmdef)
Mono: successfully reloaded assembly
- Finished resetting the current domain, in  0.670 seconds
Domain Reload Profiling: 1004ms
	BeginReloadAssembly (114ms)
		ExecutionOrderSort (0ms)
		DisableScriptedObjects (8ms)
		BackupInstance (0ms)
		ReleaseScriptingObjects (0ms)
		CreateAndSetChildDomain (31ms)
	RebuildCommonClasses (22ms)
	RebuildNativeTypeToScriptingClass (8ms)
	initialDomainReloadingComplete (18ms)
	LoadAllAssembliesAndSetupDomain (172ms)
		LoadAssemblies (203ms)
		RebuildTransferFunctionScriptingTraits (0ms)
		AnalyzeDomain (20ms)
			TypeCache.Refresh (9ms)
				TypeCache.ScanAssembly (1ms)
			ScanForSourceGeneratedMonoScriptInfo (7ms)
			ResolveRequiredComponents (4ms)
	FinalizeReload (671ms)
		ReleaseScriptCaches (0ms)
		RebuildScriptCaches (0ms)
		SetupLoadedEditorAssemblies (361ms)
			LogAssemblyErrors (0ms)
			InitializePlatformSupportModulesInManaged (4ms)
			SetLoadedEditorAssemblies (3ms)
			RefreshPlugins (0ms)
			BeforeProcessingInitializeOnLoad (57ms)
			ProcessInitializeOnLoadAttributes (274ms)
			ProcessInitializeOnLoadMethodAttributes (20ms)
			AfterProcessingInitializeOnLoad (2ms)
			EditorAssembliesLoaded (0ms)
		ExecutionOrderSort2 (0ms)
		AwakeInstancesAfterBackupRestoration (8ms)
Refreshing native plugins compatible for Editor in 1.32 ms, found 4 plugins.
Preloading 0 native plugins for Editor in 0.00 ms.
Unloading 4325 Unused Serialized files (Serialized files now loaded: 0)
Unloading 23 unused Assets / (31.6 KB). Loaded Objects now: 4917.
Memory consumption went from 160.9 MB to 160.9 MB.
Total: 3.230700 ms (FindLiveObjects: 0.168500 ms CreateObjectMapping: 0.059600 ms MarkObjects: 2.946600 ms  DeleteObjects: 0.055200 ms)

Prepare: number of updated asset objects reloaded= 0
AssetImportParameters requested are different than current active one (requested -> active):
  custom:scripting/monoscript/fileName/SRDemoAttribute.cs: b217f8d4e07b14b9940a83b035def963 -> 
  custom:scripting/monoscript/fileName/LoadAllScriptableObjects.cs: 8c4c4caa6c9d58a1046ba488534e615c -> 
  custom:container-demuxer-ogg: 62fdf1f143b41e24485cea50d1cbac27 -> 
  custom:scripting/monoscript/fileName/StringData.cs: 899c5872079327f54ed117fc61ea02c0 -> 
  custom:scripting/monoscript/fileName/IAssetsLoader.cs: 8d295a5e2d097f03f5f00e3441d974eb -> 
  custom:scripting/monoscript/fileName/SRTypeTreeFactory.cs: b9f0ea0d3f426034a242fccaec253fa9 -> 
  custom:scripting/monoscript/fileName/TypeReplacer.cs: ae51176d3fdd2e15067fbf3eeb4d1ffd -> 
  custom:scripting/monoscript/fileName/SRTypeCache.cs: cd51da883b797559c225dab095647981 -> 
  custom:video-codec-MediaFoundation-h265: 746d11721c4dcdbdad8f713fa42b33f4 -> 
  custom:scripting/monoscript/fileName/FormerlySerializedTypeAttribute.cs: a2ba12d6f49519a27a785cb6e7cc3b9c -> 
  custom:scripting/monoscript/fileName/IData.cs: 869deb168c5112234ead0b60061e88d4 -> 
  custom:video-decoder-ogg-theora: a1e56fd34408186e4bbccfd4996cb3dc -> 
  custom:scripting/monoscript/fileName/TypeInfo.cs: 3a9ce2b1121b5df65b59d03380de4ab6 -> 
  custom:scripting/monoscript/fileName/InstanceClassSRAction.cs: 78c0331d959a99a60c1adff7e81d3862 -> 
  custom:framework-win-MediaFoundation: 216162199b28c13a410421893ffa2e32 -> 
  custom:scripting/monoscript/fileName/ScriptableObjectTestData.cs: 56e0c1e05ef2b3e0ecda33fad772a283 -> 
  custom:scripting/precompiled-assembly-types:SREditor-Editor: 55b5456b5630cab223524f958b1d591b -> 
  custom:scripting/monoscript/fileName/SRDrawer.cs: cbea2dac214fbebe88c1bdc69ad4b45f -> 
  custom:scripting/monoscript/fileName/SRNameAttribute.cs: 1b1dbd11348e161435c454df7cc85608 -> 
  custom:scripting/monoscript/fileName/AbstractData.cs: c2fc160bd7af24ef3912d4546ba164da -> 
  custom:scripting/monoscript/fileName/DataList.cs: ac707c81ae30f006632cf7b337900264 -> 
  custom:scripting/precompiled-assembly-types:NewTest: 1f1ee7a59c4c112b0ac23a43c8848db5 -> 
  custom:scripting/monoscript/fileName/TypeReplaceHelper.cs: 5061a70e5cba90a2f93fbaca5002d92c -> 
  custom:CustomObjectIndexerAttribute: 9a22284fe3817be447336de3de66b15e -> 
  custom:scripting/monoscript/fileName/IntegerData.cs: be3d36b532f74a94814765d5582dd467 -> 
  custom:scripting/monoscript/fileName/TypeReplacerWindow.cs: c75b82325a10408dedd0b6359fe6ec16 -> 
  custom:scripting/monoscript/fileName/NewTestData.cs: d4cd3933424ead977ec2d13d82f8bf32 -> 
  custom:scripting/monoscript/fileName/StringInterfaceData.cs: 3d50b8fc8dd0f40f14ecec98ae9d71bf -> 
  custom:scripting/monoscript/fileName/ProcessingCoordinator.cs: a2cc59e2f1bdaa862f8699f5126d0c16 -> 
  custom:scripting/monoscript/fileName/PlayCardGA.cs: 5789139290271257e0b7651fe5863c2e -> 
  custom:scripting/monoscript/fileName/SRFormerlyTypeCache.cs: b7cf08609a0a042a8236322b594b8142 -> 
  custom:container-demuxer-webm: 4f35f7cbe854078d1ac9338744f61a02 -> 
  custom:scripting/monoscript/fileName/SREditorSettings.cs: 3331118a764dc5e43cc7c0d781d392d8 -> 
  custom:scripting/precompiled-assembly-types:SRDemo-Editor: 8adfbed147264f837f3a0482ccfceda7 -> 
  custom:scripting/monoscript/fileName/SRMissingTypesValidator.cs: 46bac1a342b6b1607f4b717707b04fa2 -> 
  custom:scripting/precompiled-assembly-types:SREditor: df3fe5802f2450a7160c4b4df24efb82 -> 
  custom:scripting/monoscript/fileName/CustomDataDrawer.cs: 65ff75100b510d38b07627bf3a1e89c7 -> 
  custom:scripting/monoscript/fileName/DataHolder.cs: b5fe96c290fd369c9489341d8f0c6c3f -> 
  custom:scripting/monoscript/fileName/FloatNamedData.cs: f5fca032bc29de94a8bc17bae6d6c41d -> 
  custom:scripting/monoscript/fileName/SRAttribute.cs: 789115209565033af35d3e3afd3e3310 -> 
  custom:scripting/monoscript/fileName/SRDuplicateCleaner.cs: d225ff68fd10a29da65fb6f03456bf58 -> 
  custom:scripting/monoscript/fileName/StringNamedData.cs: b9ca07eb5bf5f668f896b2406b80c50f -> 
  custom:scripting/monoscript/fileName/PrefabTest.cs: 6b21488e501f2b8de0cbf89d0ebca7f4 -> 
  custom:scripting/monoscript/fileName/FloatData.cs: a36b3dfab935a3cafd5bec620587edb1 -> 
  custom:container-muxer-webm: aa71ff27fc2769a1b78a27578f13a17b -> 
  custom:video-decoder-webm-vp8: 9c59270c3fd7afecdb556c50c9e8de78 -> 
  custom:scripting/monoscript/fileName/ComplexData.cs: a41c3c64cbd5a4249e25f8e18e449ae5 -> 
  custom:scripting/monoscript/fileName/SRMissingTypesValidatorConfig.cs: 311504d3d80993c651daaad954f1305b -> 
  custom:SearchIndexIgnoredProperties: e643bd26f0fe6173181afceb89e7c659 -> 
  custom:AudioImporter_EditorPlatform: d09bf68614088b80899f8185d706f6e7 -> 
  custom:scripting/monoscript/fileName/SRTypesSearchWindowProvider.cs: efc74559e42bc1aa7b7f5150b360d2fb -> 
  custom:scripting/monoscript/fileName/MissingTypesCleaner.cs: d3f00f379b86ec4cc811f9c87e215dd8 -> 
  custom:scripting/monoscript/fileName/SREditorSettingsProvider.cs: 37a99a0352dafd2b90ce1865506af283 -> 
  custom:scripting/monoscript/fileName/AbstractNamedData.cs: e532bceb478b1b5456b1c7ec34accfb2 -> 
  custom:scripting/monoscript/fileName/UnityLogAssetMissingTypeReport.cs: 0623721f233a6cc1458bd3d77272d40b -> 
  custom:scripting/monoscript/fileName/Effect.cs: db0847a469ed795dc13473466caf2c90 -> 
  custom:scripting/monoscript/fileName/SRCashTypeSearchTree.cs: ce95e72afce0c3503f63fc4c4d621b06 -> 
  custom:scripting/monoscript/fileName/SRHiddenAttribute.cs: b80fc48a45fff22c67246a0eb3bb2f52 -> 
  custom:scripting/monoscript/fileName/TypeInfoComparer.cs: f78e3dd8571fb435023b893ff6ab0349 -> 
  custom:scripting/monoscript/fileName/NameService.cs: 0b470d478878f04170f09ea709d96d20 -> 
  custom:scripting/monoscript/fileName/TestData.cs: 30cb1cfce572b4f2dcb721be1e0e9081 -> 
  custom:scripting/monoscript/fileName/CustomData.cs: d49523017a9f23851db158eaea2801ff -> 
  custom:scripting/monoscript/fileName/SRActionFactory.cs: 6cb7f0a6c20ec38e4610be62bfe55206 -> 
  custom:scripting/monoscript/fileName/SRAction.cs: ef58eb737e49a3b52271615452d512d9 -> 
  custom:video-encoder-webm-vp8: eb34c28f22e8b96e1ab97ce403110664 -> 
  custom:scripting/monoscript/fileName/HiddenData.cs: 1b489c97a3d23394b73da862faf88fdf -> 
  custom:audio-decoder-ogg-vorbis: bf7c407c2cedff20999df2af8eb42d56 -> 
  custom:scripting/monoscript/fileName/IntegerNamedData.cs: 608697fde81a43c41d54201b88e6e311 -> 
  custom:scripting/monoscript/fileName/AssetChangeDetector.cs: 65333c271892a57b3b74113ae0b0e6d4 -> 
  custom:scripting/monoscript/fileName/ContainerData.cs: c5dc4e9b9c3e32e43213d6d81fd37d43 -> 
  custom:scripting/monoscript/fileName/SRDrawerOptions.cs: 2b1003830d2989546caf7126adc49d41 -> 
  custom:scripting/monoscript/fileName/IAssetMissingTypeReport.cs: 22126180f057be89ffb14e06670cf701 -> 
  custom:audio-encoder-webm-vorbis: bf7c407c2cedff20999df2af8eb42d56 -> 
  custom:scripting/precompiled-assembly-types:SRDemo: 12f6be23b5d35fc375ef15de3d23d5b7 -> 
  custom:scripting/monoscript/fileName/MissingTypesLogger.cs: eac8c33766e6330de4c0a44b29a2de78 -> 
  custom:scripting/precompiled-assembly-types:Assembly-CSharp: fcfac9191d2cf5c888b86a5e5da75603 -> e24d7867124476b8f6c482295ea6f2d1
  custom:scripting/monoscript/fileName/TypeInfoArrayComparer.cs: 4734a6743c056bda54f6256be31cb96a -> 
  custom:scripting/monoscript/fileName/ScriptableObjectTest.cs: b53441fff951350b341178933e3e23ef -> 
  custom:scripting/monoscript/fileName/ErasePropertySRAction.cs: 4b881b6741f1070c9d03f1dd87107a3b -> 
========================================================================
Received Import Request.
  Time since last request: 967.031037 seconds.
  path: Assets/Data/Cards/Fireball.asset
  artifactKey: Guid(e0f0805fb0b37be42b08bccef58ff4c9) Importer(815301076,1909f56bfc062723c751e8b465ee728b)
Start importing Assets/Data/Cards/Fireball.asset using Guid(e0f0805fb0b37be42b08bccef58ff4c9) Importer(815301076,1909f56bfc062723c751e8b465ee728b) [PhysX] Initialized MultithreadedTaskDispatcher with 28 workers.
 -> (artifact id: 'ec45c7029b345116edd219bce4a7317c') in 0.049271 seconds
Number of updated asset objects reloaded before import = 0
Number of asset objects unloaded after import = 2
========================================================================
Received Prepare
Assembly with name 'SRDemo' already exists (Assets/SerializeReferenceEditor/Assets/SREditor/Samples/Demo/SRDemo.asmdef)
Assembly with name 'SRDemo' already exists (Assets/Prefabs/SerializeReferenceEditor/Assets/SREditor/Samples/Demo/SRDemo.asmdef)
Assembly with name 'SREditor-Editor' already exists (Assets/SerializeReferenceEditor/Assets/SREditor/Package/Editor/SREditor-Editor.asmdef)
Assembly with name 'SREditor-Editor' already exists (Assets/Prefabs/SerializeReferenceEditor/Assets/SREditor/Package/Editor/SREditor-Editor.asmdef)
Assembly with name 'NewTest' already exists (Assets/SerializeReferenceEditor/Assets/SREditor/Samples/Demo/NewTests/NewTest.asmdef)
Assembly with name 'NewTest' already exists (Assets/Prefabs/SerializeReferenceEditor/Assets/SREditor/Samples/Demo/NewTests/NewTest.asmdef)
Assembly with name 'SREditor' already exists (Assets/Prefabs/SerializeReferenceEditor/Assets/SREditor/Package/Scripts/SREditor.asmdef)
Assembly with name 'SREditor' already exists (Assets/SerializeReferenceEditor/Assets/SREditor/Package/Scripts/SREditor.asmdef)
Assembly with name 'SRDemo-Editor' already exists (Assets/Prefabs/SerializeReferenceEditor/Assets/SREditor/Samples/Demo/Editor/SRDemo-Editor.asmdef)
Assembly with name 'SRDemo-Editor' already exists (Assets/SerializeReferenceEditor/Assets/SREditor/Samples/Demo/Editor/SRDemo-Editor.asmdef)
Caller must complete domain reload
Assembly with name 'SRDemo' already exists (Assets/SerializeReferenceEditor/Assets/SREditor/Samples/Demo/SRDemo.asmdef)
Assembly with name 'SRDemo' already exists (Assets/Prefabs/SerializeReferenceEditor/Assets/SREditor/Samples/Demo/SRDemo.asmdef)
Assembly with name 'SREditor-Editor' already exists (Assets/SerializeReferenceEditor/Assets/SREditor/Package/Editor/SREditor-Editor.asmdef)
Assembly with name 'SREditor-Editor' already exists (Assets/Prefabs/SerializeReferenceEditor/Assets/SREditor/Package/Editor/SREditor-Editor.asmdef)
Assembly with name 'NewTest' already exists (Assets/SerializeReferenceEditor/Assets/SREditor/Samples/Demo/NewTests/NewTest.asmdef)
Assembly with name 'NewTest' already exists (Assets/Prefabs/SerializeReferenceEditor/Assets/SREditor/Samples/Demo/NewTests/NewTest.asmdef)
Assembly with name 'SREditor' already exists (Assets/Prefabs/SerializeReferenceEditor/Assets/SREditor/Package/Scripts/SREditor.asmdef)
Assembly with name 'SREditor' already exists (Assets/SerializeReferenceEditor/Assets/SREditor/Package/Scripts/SREditor.asmdef)
Assembly with name 'SRDemo-Editor' already exists (Assets/Prefabs/SerializeReferenceEditor/Assets/SREditor/Samples/Demo/Editor/SRDemo-Editor.asmdef)
Assembly with name 'SRDemo-Editor' already exists (Assets/SerializeReferenceEditor/Assets/SREditor/Samples/Demo/Editor/SRDemo-Editor.asmdef)
Begin MonoManager ReloadAssembly
- Loaded All Assemblies, in  1.631 seconds
Native extension for WindowsStandalone target not found
Assembly with name 'SRDemo' already exists (Assets/SerializeReferenceEditor/Assets/SREditor/Samples/Demo/SRDemo.asmdef)
Assembly with name 'SRDemo' already exists (Assets/Prefabs/SerializeReferenceEditor/Assets/SREditor/Samples/Demo/SRDemo.asmdef)
Assembly with name 'SREditor-Editor' already exists (Assets/SerializeReferenceEditor/Assets/SREditor/Package/Editor/SREditor-Editor.asmdef)
Assembly with name 'SREditor-Editor' already exists (Assets/Prefabs/SerializeReferenceEditor/Assets/SREditor/Package/Editor/SREditor-Editor.asmdef)
Assembly with name 'NewTest' already exists (Assets/SerializeReferenceEditor/Assets/SREditor/Samples/Demo/NewTests/NewTest.asmdef)
Assembly with name 'NewTest' already exists (Assets/Prefabs/SerializeReferenceEditor/Assets/SREditor/Samples/Demo/NewTests/NewTest.asmdef)
Assembly with name 'SREditor' already exists (Assets/Prefabs/SerializeReferenceEditor/Assets/SREditor/Package/Scripts/SREditor.asmdef)
Assembly with name 'SREditor' already exists (Assets/SerializeReferenceEditor/Assets/SREditor/Package/Scripts/SREditor.asmdef)
Assembly with name 'SRDemo-Editor' already exists (Assets/Prefabs/SerializeReferenceEditor/Assets/SREditor/Samples/Demo/Editor/SRDemo-Editor.asmdef)
Assembly with name 'SRDemo-Editor' already exists (Assets/SerializeReferenceEditor/Assets/SREditor/Samples/Demo/Editor/SRDemo-Editor.asmdef)
Mono: successfully reloaded assembly
- Finished resetting the current domain, in  1.140 seconds
Domain Reload Profiling: 2771ms
	BeginReloadAssembly (423ms)
		ExecutionOrderSort (0ms)
		DisableScriptedObjects (61ms)
		BackupInstance (0ms)
		ReleaseScriptingObjects (0ms)
		CreateAndSetChildDomain (111ms)
	RebuildCommonClasses (72ms)
	RebuildNativeTypeToScriptingClass (23ms)
	initialDomainReloadingComplete (62ms)
	LoadAllAssembliesAndSetupDomain (1052ms)
		LoadAssemblies (1138ms)
		RebuildTransferFunctionScriptingTraits (0ms)
		AnalyzeDomain (91ms)
			TypeCache.Refresh (42ms)
				TypeCache.ScanAssembly (2ms)
			ScanForSourceGeneratedMonoScriptInfo (24ms)
			ResolveRequiredComponents (22ms)
	FinalizeReload (1141ms)
		ReleaseScriptCaches (0ms)
		RebuildScriptCaches (0ms)
		SetupLoadedEditorAssemblies (366ms)
			LogAssemblyErrors (0ms)
			InitializePlatformSupportModulesInManaged (3ms)
			SetLoadedEditorAssemblies (2ms)
			RefreshPlugins (0ms)
			BeforeProcessingInitializeOnLoad (52ms)
			ProcessInitializeOnLoadAttributes (288ms)
			ProcessInitializeOnLoadMethodAttributes (20ms)
			AfterProcessingInitializeOnLoad (1ms)
			EditorAssembliesLoaded (0ms)
		ExecutionOrderSort2 (0ms)
		AwakeInstancesAfterBackupRestoration (8ms)
Refreshing native plugins compatible for Editor in 1.43 ms, found 4 plugins.
Preloading 0 native plugins for Editor in 0.00 ms.
Unloading 4324 Unused Serialized files (Serialized files now loaded: 0)
Unloading 23 unused Assets / (31.6 KB). Loaded Objects now: 4922.
Memory consumption went from 160.7 MB to 160.7 MB.
Total: 3.432000 ms (FindLiveObjects: 0.393800 ms CreateObjectMapping: 0.082100 ms MarkObjects: 2.914600 ms  DeleteObjects: 0.039800 ms)

Prepare: number of updated asset objects reloaded= 0
AssetImportParameters requested are different than current active one (requested -> active):
  custom:scripting/monoscript/fileName/SRDemoAttribute.cs: b217f8d4e07b14b9940a83b035def963 -> 
  custom:scripting/monoscript/fileName/LoadAllScriptableObjects.cs: 8c4c4caa6c9d58a1046ba488534e615c -> 
  custom:container-demuxer-ogg: 62fdf1f143b41e24485cea50d1cbac27 -> 
  custom:scripting/monoscript/fileName/StringData.cs: 899c5872079327f54ed117fc61ea02c0 -> 
  custom:scripting/monoscript/fileName/IAssetsLoader.cs: 8d295a5e2d097f03f5f00e3441d974eb -> 
  custom:scripting/monoscript/fileName/SRTypeTreeFactory.cs: b9f0ea0d3f426034a242fccaec253fa9 -> 
  custom:scripting/monoscript/fileName/TypeReplacer.cs: ae51176d3fdd2e15067fbf3eeb4d1ffd -> 
  custom:scripting/monoscript/fileName/SRTypeCache.cs: cd51da883b797559c225dab095647981 -> 
  custom:video-codec-MediaFoundation-h265: 746d11721c4dcdbdad8f713fa42b33f4 -> 
  custom:scripting/monoscript/fileName/FormerlySerializedTypeAttribute.cs: a2ba12d6f49519a27a785cb6e7cc3b9c -> 
  custom:scripting/monoscript/fileName/IData.cs: 869deb168c5112234ead0b60061e88d4 -> 
  custom:video-decoder-ogg-theora: a1e56fd34408186e4bbccfd4996cb3dc -> 
  custom:scripting/monoscript/fileName/TypeInfo.cs: 3a9ce2b1121b5df65b59d03380de4ab6 -> 
  custom:scripting/monoscript/fileName/InstanceClassSRAction.cs: 78c0331d959a99a60c1adff7e81d3862 -> 
  custom:framework-win-MediaFoundation: 216162199b28c13a410421893ffa2e32 -> 
  custom:scripting/monoscript/fileName/ScriptableObjectTestData.cs: 56e0c1e05ef2b3e0ecda33fad772a283 -> 
  custom:scripting/precompiled-assembly-types:SREditor-Editor: 55b5456b5630cab223524f958b1d591b -> 
  custom:scripting/monoscript/fileName/SRDrawer.cs: cbea2dac214fbebe88c1bdc69ad4b45f -> 
  custom:scripting/monoscript/fileName/SRNameAttribute.cs: 1b1dbd11348e161435c454df7cc85608 -> 
  custom:scripting/monoscript/fileName/AbstractData.cs: c2fc160bd7af24ef3912d4546ba164da -> 
  custom:scripting/monoscript/fileName/DataList.cs: ac707c81ae30f006632cf7b337900264 -> 
  custom:scripting/precompiled-assembly-types:NewTest: 1f1ee7a59c4c112b0ac23a43c8848db5 -> 
  custom:scripting/monoscript/fileName/TypeReplaceHelper.cs: 5061a70e5cba90a2f93fbaca5002d92c -> 
  custom:CustomObjectIndexerAttribute: 9a22284fe3817be447336de3de66b15e -> 
  custom:scripting/monoscript/fileName/IntegerData.cs: be3d36b532f74a94814765d5582dd467 -> 
  custom:scripting/monoscript/fileName/TypeReplacerWindow.cs: c75b82325a10408dedd0b6359fe6ec16 -> 
  custom:scripting/monoscript/fileName/NewTestData.cs: d4cd3933424ead977ec2d13d82f8bf32 -> 
  custom:scripting/monoscript/fileName/StringInterfaceData.cs: 3d50b8fc8dd0f40f14ecec98ae9d71bf -> 
  custom:scripting/monoscript/fileName/ProcessingCoordinator.cs: a2cc59e2f1bdaa862f8699f5126d0c16 -> 
  custom:scripting/monoscript/fileName/PlayCardGA.cs: 5789139290271257e0b7651fe5863c2e -> 
  custom:scripting/monoscript/fileName/SRFormerlyTypeCache.cs: b7cf08609a0a042a8236322b594b8142 -> 
  custom:container-demuxer-webm: 4f35f7cbe854078d1ac9338744f61a02 -> 
  custom:scripting/monoscript/fileName/SREditorSettings.cs: 3331118a764dc5e43cc7c0d781d392d8 -> 
  custom:scripting/precompiled-assembly-types:SRDemo-Editor: 8adfbed147264f837f3a0482ccfceda7 -> 
  custom:scripting/monoscript/fileName/SRMissingTypesValidator.cs: 46bac1a342b6b1607f4b717707b04fa2 -> 
  custom:scripting/precompiled-assembly-types:SREditor: df3fe5802f2450a7160c4b4df24efb82 -> 
  custom:scripting/monoscript/fileName/CustomDataDrawer.cs: 65ff75100b510d38b07627bf3a1e89c7 -> 
  custom:scripting/monoscript/fileName/DataHolder.cs: b5fe96c290fd369c9489341d8f0c6c3f -> 
  custom:scripting/monoscript/fileName/FloatNamedData.cs: f5fca032bc29de94a8bc17bae6d6c41d -> 
  custom:scripting/monoscript/fileName/SRAttribute.cs: 789115209565033af35d3e3afd3e3310 -> 
  custom:scripting/monoscript/fileName/SRDuplicateCleaner.cs: d225ff68fd10a29da65fb6f03456bf58 -> 
  custom:scripting/monoscript/fileName/StringNamedData.cs: b9ca07eb5bf5f668f896b2406b80c50f -> 
  custom:scripting/monoscript/fileName/PrefabTest.cs: 6b21488e501f2b8de0cbf89d0ebca7f4 -> 
  custom:scripting/monoscript/fileName/FloatData.cs: a36b3dfab935a3cafd5bec620587edb1 -> 
  custom:container-muxer-webm: aa71ff27fc2769a1b78a27578f13a17b -> 
  custom:video-decoder-webm-vp8: 9c59270c3fd7afecdb556c50c9e8de78 -> 
  custom:scripting/monoscript/fileName/ComplexData.cs: a41c3c64cbd5a4249e25f8e18e449ae5 -> 
  custom:scripting/monoscript/fileName/SRMissingTypesValidatorConfig.cs: 311504d3d80993c651daaad954f1305b -> 
  custom:SearchIndexIgnoredProperties: e643bd26f0fe6173181afceb89e7c659 -> 
  custom:AudioImporter_EditorPlatform: d09bf68614088b80899f8185d706f6e7 -> 
  custom:scripting/monoscript/fileName/SRTypesSearchWindowProvider.cs: efc74559e42bc1aa7b7f5150b360d2fb -> 
  custom:scripting/monoscript/fileName/MissingTypesCleaner.cs: d3f00f379b86ec4cc811f9c87e215dd8 -> 
  custom:scripting/monoscript/fileName/SREditorSettingsProvider.cs: 37a99a0352dafd2b90ce1865506af283 -> 
  custom:scripting/monoscript/fileName/AbstractNamedData.cs: e532bceb478b1b5456b1c7ec34accfb2 -> 
  custom:scripting/monoscript/fileName/UnityLogAssetMissingTypeReport.cs: 0623721f233a6cc1458bd3d77272d40b -> 
  custom:scripting/monoscript/fileName/Effect.cs: db0847a469ed795dc13473466caf2c90 -> 
  custom:scripting/monoscript/fileName/SRCashTypeSearchTree.cs: ce95e72afce0c3503f63fc4c4d621b06 -> 
  custom:scripting/monoscript/fileName/SRHiddenAttribute.cs: b80fc48a45fff22c67246a0eb3bb2f52 -> 
  custom:scripting/monoscript/fileName/TypeInfoComparer.cs: f78e3dd8571fb435023b893ff6ab0349 -> 
  custom:scripting/monoscript/fileName/NameService.cs: 0b470d478878f04170f09ea709d96d20 -> 
  custom:scripting/monoscript/fileName/TestData.cs: 30cb1cfce572b4f2dcb721be1e0e9081 -> 
  custom:scripting/monoscript/fileName/CustomData.cs: d49523017a9f23851db158eaea2801ff -> 
  custom:scripting/monoscript/fileName/SRActionFactory.cs: 6cb7f0a6c20ec38e4610be62bfe55206 -> 
  custom:scripting/monoscript/fileName/SRAction.cs: ef58eb737e49a3b52271615452d512d9 -> 
  custom:video-encoder-webm-vp8: eb34c28f22e8b96e1ab97ce403110664 -> 
  custom:scripting/monoscript/fileName/HiddenData.cs: 1b489c97a3d23394b73da862faf88fdf -> 
  custom:audio-decoder-ogg-vorbis: bf7c407c2cedff20999df2af8eb42d56 -> 
  custom:scripting/monoscript/fileName/IntegerNamedData.cs: 608697fde81a43c41d54201b88e6e311 -> 
  custom:scripting/monoscript/fileName/AssetChangeDetector.cs: 65333c271892a57b3b74113ae0b0e6d4 -> 
  custom:scripting/monoscript/fileName/ContainerData.cs: c5dc4e9b9c3e32e43213d6d81fd37d43 -> 
  custom:scripting/monoscript/fileName/SRDrawerOptions.cs: 2b1003830d2989546caf7126adc49d41 -> 
  custom:scripting/monoscript/fileName/IAssetMissingTypeReport.cs: 22126180f057be89ffb14e06670cf701 -> 
  custom:audio-encoder-webm-vorbis: bf7c407c2cedff20999df2af8eb42d56 -> 
  custom:scripting/precompiled-assembly-types:SRDemo: 12f6be23b5d35fc375ef15de3d23d5b7 -> 
  custom:scripting/monoscript/fileName/MissingTypesLogger.cs: eac8c33766e6330de4c0a44b29a2de78 -> 
  custom:scripting/precompiled-assembly-types:Assembly-CSharp: fcfac9191d2cf5c888b86a5e5da75603 -> e24d7867124476b8f6c482295ea6f2d1
  custom:scripting/monoscript/fileName/TypeInfoArrayComparer.cs: 4734a6743c056bda54f6256be31cb96a -> 
  custom:scripting/monoscript/fileName/ScriptableObjectTest.cs: b53441fff951350b341178933e3e23ef -> 
  custom:scripting/monoscript/fileName/ErasePropertySRAction.cs: 4b881b6741f1070c9d03f1dd87107a3b -> 
========================================================================
Received Import Request.
  Time since last request: 74.681315 seconds.
  path: Assets/Scripts/Effect
  artifactKey: Guid(bc92f273a1d402741b27cb388b58de7b) Importer(815301076,1909f56bfc062723c751e8b465ee728b)
Start importing Assets/Scripts/Effect using Guid(bc92f273a1d402741b27cb388b58de7b) Importer(815301076,1909f56bfc062723c751e8b465ee728b) [PhysX] Initialized MultithreadedTaskDispatcher with 28 workers.
 -> (artifact id: '32722ef4e48420cfc2cc5dc7b2a049c6') in 0.021059 seconds
Number of updated asset objects reloaded before import = 0
Number of asset objects unloaded after import = 0
========================================================================
Received Prepare
Assembly with name 'SRDemo' already exists (Assets/SerializeReferenceEditor/Assets/SREditor/Samples/Demo/SRDemo.asmdef)
Assembly with name 'SRDemo' already exists (Assets/Prefabs/SerializeReferenceEditor/Assets/SREditor/Samples/Demo/SRDemo.asmdef)
Assembly with name 'SREditor-Editor' already exists (Assets/SerializeReferenceEditor/Assets/SREditor/Package/Editor/SREditor-Editor.asmdef)
Assembly with name 'SREditor-Editor' already exists (Assets/Prefabs/SerializeReferenceEditor/Assets/SREditor/Package/Editor/SREditor-Editor.asmdef)
Assembly with name 'NewTest' already exists (Assets/SerializeReferenceEditor/Assets/SREditor/Samples/Demo/NewTests/NewTest.asmdef)
Assembly with name 'NewTest' already exists (Assets/Prefabs/SerializeReferenceEditor/Assets/SREditor/Samples/Demo/NewTests/NewTest.asmdef)
Assembly with name 'SREditor' already exists (Assets/Prefabs/SerializeReferenceEditor/Assets/SREditor/Package/Scripts/SREditor.asmdef)
Assembly with name 'SREditor' already exists (Assets/SerializeReferenceEditor/Assets/SREditor/Package/Scripts/SREditor.asmdef)
Assembly with name 'SRDemo-Editor' already exists (Assets/Prefabs/SerializeReferenceEditor/Assets/SREditor/Samples/Demo/Editor/SRDemo-Editor.asmdef)
Assembly with name 'SRDemo-Editor' already exists (Assets/SerializeReferenceEditor/Assets/SREditor/Samples/Demo/Editor/SRDemo-Editor.asmdef)
Caller must complete domain reload
Assembly with name 'SRDemo' already exists (Assets/SerializeReferenceEditor/Assets/SREditor/Samples/Demo/SRDemo.asmdef)
Assembly with name 'SRDemo' already exists (Assets/Prefabs/SerializeReferenceEditor/Assets/SREditor/Samples/Demo/SRDemo.asmdef)
Assembly with name 'SREditor-Editor' already exists (Assets/SerializeReferenceEditor/Assets/SREditor/Package/Editor/SREditor-Editor.asmdef)
Assembly with name 'SREditor-Editor' already exists (Assets/Prefabs/SerializeReferenceEditor/Assets/SREditor/Package/Editor/SREditor-Editor.asmdef)
Assembly with name 'NewTest' already exists (Assets/SerializeReferenceEditor/Assets/SREditor/Samples/Demo/NewTests/NewTest.asmdef)
Assembly with name 'NewTest' already exists (Assets/Prefabs/SerializeReferenceEditor/Assets/SREditor/Samples/Demo/NewTests/NewTest.asmdef)
Assembly with name 'SREditor' already exists (Assets/Prefabs/SerializeReferenceEditor/Assets/SREditor/Package/Scripts/SREditor.asmdef)
Assembly with name 'SREditor' already exists (Assets/SerializeReferenceEditor/Assets/SREditor/Package/Scripts/SREditor.asmdef)
Assembly with name 'SRDemo-Editor' already exists (Assets/Prefabs/SerializeReferenceEditor/Assets/SREditor/Samples/Demo/Editor/SRDemo-Editor.asmdef)
Assembly with name 'SRDemo-Editor' already exists (Assets/SerializeReferenceEditor/Assets/SREditor/Samples/Demo/Editor/SRDemo-Editor.asmdef)
Begin MonoManager ReloadAssembly
- Loaded All Assemblies, in  0.346 seconds
Native extension for WindowsStandalone target not found
Assembly with name 'SRDemo' already exists (Assets/SerializeReferenceEditor/Assets/SREditor/Samples/Demo/SRDemo.asmdef)
Assembly with name 'SRDemo' already exists (Assets/Prefabs/SerializeReferenceEditor/Assets/SREditor/Samples/Demo/SRDemo.asmdef)
Assembly with name 'SREditor-Editor' already exists (Assets/SerializeReferenceEditor/Assets/SREditor/Package/Editor/SREditor-Editor.asmdef)
Assembly with name 'SREditor-Editor' already exists (Assets/Prefabs/SerializeReferenceEditor/Assets/SREditor/Package/Editor/SREditor-Editor.asmdef)
Assembly with name 'NewTest' already exists (Assets/SerializeReferenceEditor/Assets/SREditor/Samples/Demo/NewTests/NewTest.asmdef)
Assembly with name 'NewTest' already exists (Assets/Prefabs/SerializeReferenceEditor/Assets/SREditor/Samples/Demo/NewTests/NewTest.asmdef)
Assembly with name 'SREditor' already exists (Assets/Prefabs/SerializeReferenceEditor/Assets/SREditor/Package/Scripts/SREditor.asmdef)
Assembly with name 'SREditor' already exists (Assets/SerializeReferenceEditor/Assets/SREditor/Package/Scripts/SREditor.asmdef)
Assembly with name 'SRDemo-Editor' already exists (Assets/Prefabs/SerializeReferenceEditor/Assets/SREditor/Samples/Demo/Editor/SRDemo-Editor.asmdef)
Assembly with name 'SRDemo-Editor' already exists (Assets/SerializeReferenceEditor/Assets/SREditor/Samples/Demo/Editor/SRDemo-Editor.asmdef)
Mono: successfully reloaded assembly
- Finished resetting the current domain, in  0.630 seconds
Domain Reload Profiling: 976ms
	BeginReloadAssembly (109ms)
		ExecutionOrderSort (0ms)
		DisableScriptedObjects (7ms)
		BackupInstance (0ms)
		ReleaseScriptingObjects (0ms)
		CreateAndSetChildDomain (24ms)
	RebuildCommonClasses (23ms)
	RebuildNativeTypeToScriptingClass (7ms)
	initialDomainReloadingComplete (18ms)
	LoadAllAssembliesAndSetupDomain (188ms)
		LoadAssemblies (223ms)
		RebuildTransferFunctionScriptingTraits (0ms)
		AnalyzeDomain (21ms)
			TypeCache.Refresh (9ms)
				TypeCache.ScanAssembly (1ms)
			ScanForSourceGeneratedMonoScriptInfo (7ms)
			ResolveRequiredComponents (4ms)
	FinalizeReload (631ms)
		ReleaseScriptCaches (0ms)
		RebuildScriptCaches (0ms)
		SetupLoadedEditorAssemblies (363ms)
			LogAssemblyErrors (0ms)
			InitializePlatformSupportModulesInManaged (3ms)
			SetLoadedEditorAssemblies (3ms)
			RefreshPlugins (0ms)
			BeforeProcessingInitializeOnLoad (60ms)
			ProcessInitializeOnLoadAttributes (275ms)
			ProcessInitializeOnLoadMethodAttributes (20ms)
			AfterProcessingInitializeOnLoad (2ms)
			EditorAssembliesLoaded (0ms)
		ExecutionOrderSort2 (0ms)
		AwakeInstancesAfterBackupRestoration (9ms)
Refreshing native plugins compatible for Editor in 1.79 ms, found 4 plugins.
Preloading 0 native plugins for Editor in 0.00 ms.
Unloading 4325 Unused Serialized files (Serialized files now loaded: 0)
Unloading 23 unused Assets / (31.7 KB). Loaded Objects now: 4928.
Memory consumption went from 160.7 MB to 160.7 MB.
Total: 3.507300 ms (FindLiveObjects: 0.180800 ms CreateObjectMapping: 0.060500 ms MarkObjects: 3.226000 ms  DeleteObjects: 0.038200 ms)

Prepare: number of updated asset objects reloaded= 0
AssetImportParameters requested are different than current active one (requested -> active):
  custom:scripting/monoscript/fileName/SRDemoAttribute.cs: b217f8d4e07b14b9940a83b035def963 -> 
  custom:scripting/monoscript/fileName/LoadAllScriptableObjects.cs: 8c4c4caa6c9d58a1046ba488534e615c -> 
  custom:container-demuxer-ogg: 62fdf1f143b41e24485cea50d1cbac27 -> 
  custom:scripting/monoscript/fileName/StringData.cs: 899c5872079327f54ed117fc61ea02c0 -> 
  custom:scripting/monoscript/fileName/IAssetsLoader.cs: 8d295a5e2d097f03f5f00e3441d974eb -> 
  custom:scripting/monoscript/fileName/SRTypeTreeFactory.cs: b9f0ea0d3f426034a242fccaec253fa9 -> 
  custom:scripting/monoscript/fileName/TypeReplacer.cs: ae51176d3fdd2e15067fbf3eeb4d1ffd -> 
  custom:scripting/monoscript/fileName/SRTypeCache.cs: cd51da883b797559c225dab095647981 -> 
  custom:video-codec-MediaFoundation-h265: 746d11721c4dcdbdad8f713fa42b33f4 -> 
  custom:scripting/monoscript/fileName/FormerlySerializedTypeAttribute.cs: a2ba12d6f49519a27a785cb6e7cc3b9c -> 
  custom:scripting/monoscript/fileName/IData.cs: 869deb168c5112234ead0b60061e88d4 -> 
  custom:video-decoder-ogg-theora: a1e56fd34408186e4bbccfd4996cb3dc -> 
  custom:scripting/monoscript/fileName/TypeInfo.cs: 3a9ce2b1121b5df65b59d03380de4ab6 -> 
  custom:scripting/monoscript/fileName/InstanceClassSRAction.cs: 78c0331d959a99a60c1adff7e81d3862 -> 
  custom:framework-win-MediaFoundation: 216162199b28c13a410421893ffa2e32 -> 
  custom:scripting/monoscript/fileName/NewBehaviourScript.cs: b21687ddb03d73bd9f0c1daecb9714de -> 
  custom:scripting/monoscript/fileName/ScriptableObjectTestData.cs: 56e0c1e05ef2b3e0ecda33fad772a283 -> 
  custom:scripting/precompiled-assembly-types:SREditor-Editor: 55b5456b5630cab223524f958b1d591b -> 
  custom:scripting/monoscript/fileName/SRDrawer.cs: cbea2dac214fbebe88c1bdc69ad4b45f -> 
  custom:scripting/monoscript/fileName/SRNameAttribute.cs: 1b1dbd11348e161435c454df7cc85608 -> 
  custom:scripting/monoscript/fileName/AbstractData.cs: c2fc160bd7af24ef3912d4546ba164da -> 
  custom:scripting/monoscript/fileName/DataList.cs: ac707c81ae30f006632cf7b337900264 -> 
  custom:scripting/precompiled-assembly-types:NewTest: 1f1ee7a59c4c112b0ac23a43c8848db5 -> 
  custom:scripting/monoscript/fileName/TypeReplaceHelper.cs: 5061a70e5cba90a2f93fbaca5002d92c -> 
  custom:CustomObjectIndexerAttribute: 9a22284fe3817be447336de3de66b15e -> 
  custom:scripting/monoscript/fileName/IntegerData.cs: be3d36b532f74a94814765d5582dd467 -> 
  custom:scripting/monoscript/fileName/TypeReplacerWindow.cs: c75b82325a10408dedd0b6359fe6ec16 -> 
  custom:scripting/monoscript/fileName/NewTestData.cs: d4cd3933424ead977ec2d13d82f8bf32 -> 
  custom:scripting/monoscript/fileName/StringInterfaceData.cs: 3d50b8fc8dd0f40f14ecec98ae9d71bf -> 
  custom:scripting/monoscript/fileName/ProcessingCoordinator.cs: a2cc59e2f1bdaa862f8699f5126d0c16 -> 
  custom:scripting/monoscript/fileName/PlayCardGA.cs: 5789139290271257e0b7651fe5863c2e -> 
  custom:scripting/monoscript/fileName/SRFormerlyTypeCache.cs: b7cf08609a0a042a8236322b594b8142 -> 
  custom:container-demuxer-webm: 4f35f7cbe854078d1ac9338744f61a02 -> 
  custom:scripting/monoscript/fileName/SREditorSettings.cs: 3331118a764dc5e43cc7c0d781d392d8 -> 
  custom:scripting/precompiled-assembly-types:SRDemo-Editor: 8adfbed147264f837f3a0482ccfceda7 -> 
  custom:scripting/monoscript/fileName/SRMissingTypesValidator.cs: 46bac1a342b6b1607f4b717707b04fa2 -> 
  custom:scripting/precompiled-assembly-types:SREditor: df3fe5802f2450a7160c4b4df24efb82 -> 
  custom:scripting/monoscript/fileName/CustomDataDrawer.cs: 65ff75100b510d38b07627bf3a1e89c7 -> 
  custom:scripting/monoscript/fileName/DataHolder.cs: b5fe96c290fd369c9489341d8f0c6c3f -> 
  custom:scripting/monoscript/fileName/FloatNamedData.cs: f5fca032bc29de94a8bc17bae6d6c41d -> 
  custom:scripting/monoscript/fileName/SRAttribute.cs: 789115209565033af35d3e3afd3e3310 -> 
  custom:scripting/monoscript/fileName/SRDuplicateCleaner.cs: d225ff68fd10a29da65fb6f03456bf58 -> 
  custom:scripting/monoscript/fileName/StringNamedData.cs: b9ca07eb5bf5f668f896b2406b80c50f -> 
  custom:scripting/monoscript/fileName/PrefabTest.cs: 6b21488e501f2b8de0cbf89d0ebca7f4 -> 
  custom:scripting/monoscript/fileName/FloatData.cs: a36b3dfab935a3cafd5bec620587edb1 -> 
  custom:container-muxer-webm: aa71ff27fc2769a1b78a27578f13a17b -> 
  custom:video-decoder-webm-vp8: 9c59270c3fd7afecdb556c50c9e8de78 -> 
  custom:scripting/monoscript/fileName/ComplexData.cs: a41c3c64cbd5a4249e25f8e18e449ae5 -> 
  custom:scripting/monoscript/fileName/SRMissingTypesValidatorConfig.cs: 311504d3d80993c651daaad954f1305b -> 
  custom:SearchIndexIgnoredProperties: e643bd26f0fe6173181afceb89e7c659 -> 
  custom:AudioImporter_EditorPlatform: d09bf68614088b80899f8185d706f6e7 -> 
  custom:scripting/monoscript/fileName/SRTypesSearchWindowProvider.cs: efc74559e42bc1aa7b7f5150b360d2fb -> 
  custom:scripting/monoscript/fileName/MissingTypesCleaner.cs: d3f00f379b86ec4cc811f9c87e215dd8 -> 
  custom:scripting/monoscript/fileName/SREditorSettingsProvider.cs: 37a99a0352dafd2b90ce1865506af283 -> 
  custom:scripting/monoscript/fileName/AbstractNamedData.cs: e532bceb478b1b5456b1c7ec34accfb2 -> 
  custom:scripting/monoscript/fileName/UnityLogAssetMissingTypeReport.cs: 0623721f233a6cc1458bd3d77272d40b -> 
  custom:scripting/monoscript/fileName/Effect.cs: db0847a469ed795dc13473466caf2c90 -> 
  custom:scripting/monoscript/fileName/SRCashTypeSearchTree.cs: ce95e72afce0c3503f63fc4c4d621b06 -> 
  custom:scripting/monoscript/fileName/SRHiddenAttribute.cs: b80fc48a45fff22c67246a0eb3bb2f52 -> 
  custom:scripting/monoscript/fileName/TypeInfoComparer.cs: f78e3dd8571fb435023b893ff6ab0349 -> 
  custom:scripting/monoscript/fileName/NameService.cs: 0b470d478878f04170f09ea709d96d20 -> 
  custom:scripting/monoscript/fileName/TestData.cs: 30cb1cfce572b4f2dcb721be1e0e9081 -> 
  custom:scripting/monoscript/fileName/CustomData.cs: d49523017a9f23851db158eaea2801ff -> 
  custom:scripting/monoscript/fileName/SRActionFactory.cs: 6cb7f0a6c20ec38e4610be62bfe55206 -> 
  custom:scripting/monoscript/fileName/SRAction.cs: ef58eb737e49a3b52271615452d512d9 -> 
  custom:video-encoder-webm-vp8: eb34c28f22e8b96e1ab97ce403110664 -> 
  custom:scripting/monoscript/fileName/HiddenData.cs: 1b489c97a3d23394b73da862faf88fdf -> 
  custom:audio-decoder-ogg-vorbis: bf7c407c2cedff20999df2af8eb42d56 -> 
  custom:scripting/monoscript/fileName/IntegerNamedData.cs: 608697fde81a43c41d54201b88e6e311 -> 
  custom:scripting/monoscript/fileName/AssetChangeDetector.cs: 65333c271892a57b3b74113ae0b0e6d4 -> 
  custom:scripting/monoscript/fileName/ContainerData.cs: c5dc4e9b9c3e32e43213d6d81fd37d43 -> 
  custom:scripting/monoscript/fileName/SRDrawerOptions.cs: 2b1003830d2989546caf7126adc49d41 -> 
  custom:scripting/monoscript/fileName/IAssetMissingTypeReport.cs: 22126180f057be89ffb14e06670cf701 -> 
  custom:audio-encoder-webm-vorbis: bf7c407c2cedff20999df2af8eb42d56 -> 
  custom:scripting/precompiled-assembly-types:SRDemo: 12f6be23b5d35fc375ef15de3d23d5b7 -> 
  custom:scripting/monoscript/fileName/MissingTypesLogger.cs: eac8c33766e6330de4c0a44b29a2de78 -> 
  custom:scripting/precompiled-assembly-types:Assembly-CSharp: 2372416164eb06fdf5973f0e732f3e79 -> e24d7867124476b8f6c482295ea6f2d1
  custom:scripting/monoscript/fileName/TypeInfoArrayComparer.cs: 4734a6743c056bda54f6256be31cb96a -> 
  custom:scripting/monoscript/fileName/ScriptableObjectTest.cs: b53441fff951350b341178933e3e23ef -> 
  custom:scripting/monoscript/fileName/ErasePropertySRAction.cs: 4b881b6741f1070c9d03f1dd87107a3b -> 
========================================================================
Received Import Request.
  Time since last request: 9.338328 seconds.
  path: Assets/Scripts/Effect/NewBehaviourScript.cs
  artifactKey: Guid(352d3b6dcd9eef346830940e4d7802bc) Importer(815301076,1909f56bfc062723c751e8b465ee728b)
Start importing Assets/Scripts/Effect/NewBehaviourScript.cs using Guid(352d3b6dcd9eef346830940e4d7802bc) Importer(815301076,1909f56bfc062723c751e8b465ee728b) [PhysX] Initialized MultithreadedTaskDispatcher with 28 workers.
 -> (artifact id: 'd7d8bf9b67bc9b67726d7e0a0d52cf59') in 0.002346 seconds
Number of updated asset objects reloaded before import = 0
Number of asset objects unloaded after import = 0
========================================================================
Received Import Request.
  Time since last request: 6.248098 seconds.
  path: Assets/Scripts/Effect/DrawCardEffect.cs
  artifactKey: Guid(352d3b6dcd9eef346830940e4d7802bc) Importer(815301076,1909f56bfc062723c751e8b465ee728b)
Start importing Assets/Scripts/Effect/DrawCardEffect.cs using Guid(352d3b6dcd9eef346830940e4d7802bc) Importer(815301076,1909f56bfc062723c751e8b465ee728b) [PhysX] Initialized MultithreadedTaskDispatcher with 28 workers.
 -> (artifact id: '7ca6fbf4e801e1254c46b85208a10bbf') in 0.000525 seconds
Number of updated asset objects reloaded before import = 0
Number of asset objects unloaded after import = 0
========================================================================
Received Prepare
Assembly with name 'SRDemo' already exists (Assets/SerializeReferenceEditor/Assets/SREditor/Samples/Demo/SRDemo.asmdef)
Assembly with name 'SRDemo' already exists (Assets/Prefabs/SerializeReferenceEditor/Assets/SREditor/Samples/Demo/SRDemo.asmdef)
Assembly with name 'SREditor-Editor' already exists (Assets/SerializeReferenceEditor/Assets/SREditor/Package/Editor/SREditor-Editor.asmdef)
Assembly with name 'SREditor-Editor' already exists (Assets/Prefabs/SerializeReferenceEditor/Assets/SREditor/Package/Editor/SREditor-Editor.asmdef)
Assembly with name 'NewTest' already exists (Assets/SerializeReferenceEditor/Assets/SREditor/Samples/Demo/NewTests/NewTest.asmdef)
Assembly with name 'NewTest' already exists (Assets/Prefabs/SerializeReferenceEditor/Assets/SREditor/Samples/Demo/NewTests/NewTest.asmdef)
Assembly with name 'SREditor' already exists (Assets/Prefabs/SerializeReferenceEditor/Assets/SREditor/Package/Scripts/SREditor.asmdef)
Assembly with name 'SREditor' already exists (Assets/SerializeReferenceEditor/Assets/SREditor/Package/Scripts/SREditor.asmdef)
Assembly with name 'SRDemo-Editor' already exists (Assets/Prefabs/SerializeReferenceEditor/Assets/SREditor/Samples/Demo/Editor/SRDemo-Editor.asmdef)
Assembly with name 'SRDemo-Editor' already exists (Assets/SerializeReferenceEditor/Assets/SREditor/Samples/Demo/Editor/SRDemo-Editor.asmdef)
Caller must complete domain reload
Assembly with name 'SRDemo' already exists (Assets/SerializeReferenceEditor/Assets/SREditor/Samples/Demo/SRDemo.asmdef)
Assembly with name 'SRDemo' already exists (Assets/Prefabs/SerializeReferenceEditor/Assets/SREditor/Samples/Demo/SRDemo.asmdef)
Assembly with name 'SREditor-Editor' already exists (Assets/SerializeReferenceEditor/Assets/SREditor/Package/Editor/SREditor-Editor.asmdef)
Assembly with name 'SREditor-Editor' already exists (Assets/Prefabs/SerializeReferenceEditor/Assets/SREditor/Package/Editor/SREditor-Editor.asmdef)
Assembly with name 'NewTest' already exists (Assets/SerializeReferenceEditor/Assets/SREditor/Samples/Demo/NewTests/NewTest.asmdef)
Assembly with name 'NewTest' already exists (Assets/Prefabs/SerializeReferenceEditor/Assets/SREditor/Samples/Demo/NewTests/NewTest.asmdef)
Assembly with name 'SREditor' already exists (Assets/Prefabs/SerializeReferenceEditor/Assets/SREditor/Package/Scripts/SREditor.asmdef)
Assembly with name 'SREditor' already exists (Assets/SerializeReferenceEditor/Assets/SREditor/Package/Scripts/SREditor.asmdef)
Assembly with name 'SRDemo-Editor' already exists (Assets/Prefabs/SerializeReferenceEditor/Assets/SREditor/Samples/Demo/Editor/SRDemo-Editor.asmdef)
Assembly with name 'SRDemo-Editor' already exists (Assets/SerializeReferenceEditor/Assets/SREditor/Samples/Demo/Editor/SRDemo-Editor.asmdef)
Begin MonoManager ReloadAssembly
- Loaded All Assemblies, in  0.359 seconds
Native extension for WindowsStandalone target not found
Assembly with name 'SRDemo' already exists (Assets/SerializeReferenceEditor/Assets/SREditor/Samples/Demo/SRDemo.asmdef)
Assembly with name 'SRDemo' already exists (Assets/Prefabs/SerializeReferenceEditor/Assets/SREditor/Samples/Demo/SRDemo.asmdef)
Assembly with name 'SREditor-Editor' already exists (Assets/SerializeReferenceEditor/Assets/SREditor/Package/Editor/SREditor-Editor.asmdef)
Assembly with name 'SREditor-Editor' already exists (Assets/Prefabs/SerializeReferenceEditor/Assets/SREditor/Package/Editor/SREditor-Editor.asmdef)
Assembly with name 'NewTest' already exists (Assets/SerializeReferenceEditor/Assets/SREditor/Samples/Demo/NewTests/NewTest.asmdef)
Assembly with name 'NewTest' already exists (Assets/Prefabs/SerializeReferenceEditor/Assets/SREditor/Samples/Demo/NewTests/NewTest.asmdef)
Assembly with name 'SREditor' already exists (Assets/Prefabs/SerializeReferenceEditor/Assets/SREditor/Package/Scripts/SREditor.asmdef)
Assembly with name 'SREditor' already exists (Assets/SerializeReferenceEditor/Assets/SREditor/Package/Scripts/SREditor.asmdef)
Assembly with name 'SRDemo-Editor' already exists (Assets/Prefabs/SerializeReferenceEditor/Assets/SREditor/Samples/Demo/Editor/SRDemo-Editor.asmdef)
Assembly with name 'SRDemo-Editor' already exists (Assets/SerializeReferenceEditor/Assets/SREditor/Samples/Demo/Editor/SRDemo-Editor.asmdef)
Mono: successfully reloaded assembly
- Finished resetting the current domain, in  0.770 seconds
Domain Reload Profiling: 1129ms
	BeginReloadAssembly (136ms)
		ExecutionOrderSort (0ms)
		DisableScriptedObjects (13ms)
		BackupInstance (0ms)
		ReleaseScriptingObjects (0ms)
		CreateAndSetChildDomain (33ms)
	RebuildCommonClasses (23ms)
	RebuildNativeTypeToScriptingClass (7ms)
	initialDomainReloadingComplete (18ms)
	LoadAllAssembliesAndSetupDomain (175ms)
		LoadAssemblies (220ms)
		RebuildTransferFunctionScriptingTraits (0ms)
		AnalyzeDomain (22ms)
			TypeCache.Refresh (8ms)
				TypeCache.ScanAssembly (1ms)
			ScanForSourceGeneratedMonoScriptInfo (9ms)
			ResolveRequiredComponents (4ms)
	FinalizeReload (770ms)
		ReleaseScriptCaches (0ms)
		RebuildScriptCaches (0ms)
		SetupLoadedEditorAssemblies (453ms)
			LogAssemblyErrors (0ms)
			InitializePlatformSupportModulesInManaged (3ms)
			SetLoadedEditorAssemblies (3ms)
			RefreshPlugins (0ms)
			BeforeProcessingInitializeOnLoad (76ms)
			ProcessInitializeOnLoadAttributes (342ms)
			ProcessInitializeOnLoadMethodAttributes (26ms)
			AfterProcessingInitializeOnLoad (1ms)
			EditorAssembliesLoaded (0ms)
		ExecutionOrderSort2 (0ms)
		AwakeInstancesAfterBackupRestoration (10ms)
Refreshing native plugins compatible for Editor in 1.80 ms, found 4 plugins.
Preloading 0 native plugins for Editor in 0.00 ms.
Unloading 4325 Unused Serialized files (Serialized files now loaded: 0)
Unloading 23 unused Assets / (31.6 KB). Loaded Objects now: 4933.
Memory consumption went from 160.7 MB to 160.7 MB.
Total: 4.361500 ms (FindLiveObjects: 0.309900 ms CreateObjectMapping: 0.081300 ms MarkObjects: 3.915800 ms  DeleteObjects: 0.053600 ms)

Prepare: number of updated asset objects reloaded= 0
AssetImportParameters requested are different than current active one (requested -> active):
  custom:scripting/monoscript/fileName/SRDemoAttribute.cs: b217f8d4e07b14b9940a83b035def963 -> 
  custom:scripting/monoscript/fileName/DrawCardEffect.cs: b21687ddb03d73bd9f0c1daecb9714de -> 
  custom:scripting/monoscript/fileName/LoadAllScriptableObjects.cs: 8c4c4caa6c9d58a1046ba488534e615c -> 
  custom:container-demuxer-ogg: 62fdf1f143b41e24485cea50d1cbac27 -> 
  custom:scripting/monoscript/fileName/StringData.cs: 899c5872079327f54ed117fc61ea02c0 -> 
  custom:scripting/monoscript/fileName/IAssetsLoader.cs: 8d295a5e2d097f03f5f00e3441d974eb -> 
  custom:scripting/monoscript/fileName/SRTypeTreeFactory.cs: b9f0ea0d3f426034a242fccaec253fa9 -> 
  custom:scripting/monoscript/fileName/TypeReplacer.cs: ae51176d3fdd2e15067fbf3eeb4d1ffd -> 
  custom:scripting/monoscript/fileName/SRTypeCache.cs: cd51da883b797559c225dab095647981 -> 
  custom:video-codec-MediaFoundation-h265: 746d11721c4dcdbdad8f713fa42b33f4 -> 
  custom:scripting/monoscript/fileName/FormerlySerializedTypeAttribute.cs: a2ba12d6f49519a27a785cb6e7cc3b9c -> 
  custom:scripting/monoscript/fileName/IData.cs: 869deb168c5112234ead0b60061e88d4 -> 
  custom:video-decoder-ogg-theora: a1e56fd34408186e4bbccfd4996cb3dc -> 
  custom:scripting/monoscript/fileName/TypeInfo.cs: 3a9ce2b1121b5df65b59d03380de4ab6 -> 
  custom:scripting/monoscript/fileName/InstanceClassSRAction.cs: 78c0331d959a99a60c1adff7e81d3862 -> 
  custom:framework-win-MediaFoundation: 216162199b28c13a410421893ffa2e32 -> 
  custom:scripting/monoscript/fileName/NewBehaviourScript.cs: b21687ddb03d73bd9f0c1daecb9714de -> 
  custom:scripting/monoscript/fileName/ScriptableObjectTestData.cs: 56e0c1e05ef2b3e0ecda33fad772a283 -> 
  custom:scripting/precompiled-assembly-types:SREditor-Editor: 55b5456b5630cab223524f958b1d591b -> 
  custom:scripting/monoscript/fileName/SRDrawer.cs: cbea2dac214fbebe88c1bdc69ad4b45f -> 
  custom:scripting/monoscript/fileName/SRNameAttribute.cs: 1b1dbd11348e161435c454df7cc85608 -> 
  custom:scripting/monoscript/fileName/AbstractData.cs: c2fc160bd7af24ef3912d4546ba164da -> 
  custom:scripting/monoscript/fileName/DataList.cs: ac707c81ae30f006632cf7b337900264 -> 
  custom:scripting/precompiled-assembly-types:NewTest: 1f1ee7a59c4c112b0ac23a43c8848db5 -> 
  custom:scripting/monoscript/fileName/TypeReplaceHelper.cs: 5061a70e5cba90a2f93fbaca5002d92c -> 
  custom:CustomObjectIndexerAttribute: 9a22284fe3817be447336de3de66b15e -> 
  custom:scripting/monoscript/fileName/IntegerData.cs: be3d36b532f74a94814765d5582dd467 -> 
  custom:scripting/monoscript/fileName/TypeReplacerWindow.cs: c75b82325a10408dedd0b6359fe6ec16 -> 
  custom:scripting/monoscript/fileName/NewTestData.cs: d4cd3933424ead977ec2d13d82f8bf32 -> 
  custom:scripting/monoscript/fileName/StringInterfaceData.cs: 3d50b8fc8dd0f40f14ecec98ae9d71bf -> 
  custom:scripting/monoscript/fileName/ProcessingCoordinator.cs: a2cc59e2f1bdaa862f8699f5126d0c16 -> 
  custom:scripting/monoscript/fileName/PlayCardGA.cs: 5789139290271257e0b7651fe5863c2e -> 
  custom:scripting/monoscript/fileName/SRFormerlyTypeCache.cs: b7cf08609a0a042a8236322b594b8142 -> 
  custom:container-demuxer-webm: 4f35f7cbe854078d1ac9338744f61a02 -> 
  custom:scripting/monoscript/fileName/SREditorSettings.cs: 3331118a764dc5e43cc7c0d781d392d8 -> 
  custom:scripting/precompiled-assembly-types:SRDemo-Editor: 8adfbed147264f837f3a0482ccfceda7 -> 
  custom:scripting/monoscript/fileName/SRMissingTypesValidator.cs: 46bac1a342b6b1607f4b717707b04fa2 -> 
  custom:scripting/precompiled-assembly-types:SREditor: df3fe5802f2450a7160c4b4df24efb82 -> 
  custom:scripting/monoscript/fileName/CustomDataDrawer.cs: 65ff75100b510d38b07627bf3a1e89c7 -> 
  custom:scripting/monoscript/fileName/DataHolder.cs: b5fe96c290fd369c9489341d8f0c6c3f -> 
  custom:scripting/monoscript/fileName/FloatNamedData.cs: f5fca032bc29de94a8bc17bae6d6c41d -> 
  custom:scripting/monoscript/fileName/SRAttribute.cs: 789115209565033af35d3e3afd3e3310 -> 
  custom:scripting/monoscript/fileName/SRDuplicateCleaner.cs: d225ff68fd10a29da65fb6f03456bf58 -> 
  custom:scripting/monoscript/fileName/StringNamedData.cs: b9ca07eb5bf5f668f896b2406b80c50f -> 
  custom:scripting/monoscript/fileName/PrefabTest.cs: 6b21488e501f2b8de0cbf89d0ebca7f4 -> 
  custom:scripting/monoscript/fileName/FloatData.cs: a36b3dfab935a3cafd5bec620587edb1 -> 
  custom:container-muxer-webm: aa71ff27fc2769a1b78a27578f13a17b -> 
  custom:video-decoder-webm-vp8: 9c59270c3fd7afecdb556c50c9e8de78 -> 
  custom:scripting/monoscript/fileName/ComplexData.cs: a41c3c64cbd5a4249e25f8e18e449ae5 -> 
  custom:scripting/monoscript/fileName/SRMissingTypesValidatorConfig.cs: 311504d3d80993c651daaad954f1305b -> 
  custom:SearchIndexIgnoredProperties: e643bd26f0fe6173181afceb89e7c659 -> 
  custom:AudioImporter_EditorPlatform: d09bf68614088b80899f8185d706f6e7 -> 
  custom:scripting/monoscript/fileName/SRTypesSearchWindowProvider.cs: efc74559e42bc1aa7b7f5150b360d2fb -> 
  custom:scripting/monoscript/fileName/MissingTypesCleaner.cs: d3f00f379b86ec4cc811f9c87e215dd8 -> 
  custom:scripting/monoscript/fileName/SREditorSettingsProvider.cs: 37a99a0352dafd2b90ce1865506af283 -> 
  custom:scripting/monoscript/fileName/AbstractNamedData.cs: e532bceb478b1b5456b1c7ec34accfb2 -> 
  custom:scripting/monoscript/fileName/UnityLogAssetMissingTypeReport.cs: 0623721f233a6cc1458bd3d77272d40b -> 
  custom:scripting/monoscript/fileName/Effect.cs: db0847a469ed795dc13473466caf2c90 -> 
  custom:scripting/monoscript/fileName/SRCashTypeSearchTree.cs: ce95e72afce0c3503f63fc4c4d621b06 -> 
  custom:scripting/monoscript/fileName/SRHiddenAttribute.cs: b80fc48a45fff22c67246a0eb3bb2f52 -> 
  custom:scripting/monoscript/fileName/TypeInfoComparer.cs: f78e3dd8571fb435023b893ff6ab0349 -> 
  custom:scripting/monoscript/fileName/NameService.cs: 0b470d478878f04170f09ea709d96d20 -> 
  custom:scripting/monoscript/fileName/TestData.cs: 30cb1cfce572b4f2dcb721be1e0e9081 -> 
  custom:scripting/monoscript/fileName/CustomData.cs: d49523017a9f23851db158eaea2801ff -> 
  custom:scripting/monoscript/fileName/SRActionFactory.cs: 6cb7f0a6c20ec38e4610be62bfe55206 -> 
  custom:scripting/monoscript/fileName/SRAction.cs: ef58eb737e49a3b52271615452d512d9 -> 
  custom:video-encoder-webm-vp8: eb34c28f22e8b96e1ab97ce403110664 -> 
  custom:scripting/monoscript/fileName/HiddenData.cs: 1b489c97a3d23394b73da862faf88fdf -> 
  custom:audio-decoder-ogg-vorbis: bf7c407c2cedff20999df2af8eb42d56 -> 
  custom:scripting/monoscript/fileName/IntegerNamedData.cs: 608697fde81a43c41d54201b88e6e311 -> 
  custom:scripting/monoscript/fileName/AssetChangeDetector.cs: 65333c271892a57b3b74113ae0b0e6d4 -> 
  custom:scripting/monoscript/fileName/ContainerData.cs: c5dc4e9b9c3e32e43213d6d81fd37d43 -> 
  custom:scripting/monoscript/fileName/SRDrawerOptions.cs: 2b1003830d2989546caf7126adc49d41 -> 
  custom:scripting/monoscript/fileName/IAssetMissingTypeReport.cs: 22126180f057be89ffb14e06670cf701 -> 
  custom:audio-encoder-webm-vorbis: bf7c407c2cedff20999df2af8eb42d56 -> 
  custom:scripting/precompiled-assembly-types:SRDemo: 12f6be23b5d35fc375ef15de3d23d5b7 -> 
  custom:scripting/monoscript/fileName/MissingTypesLogger.cs: eac8c33766e6330de4c0a44b29a2de78 -> 
  custom:scripting/precompiled-assembly-types:Assembly-CSharp: c63add571158bd6e643e45bfdb15eeca -> e24d7867124476b8f6c482295ea6f2d1
  custom:scripting/monoscript/fileName/TypeInfoArrayComparer.cs: 4734a6743c056bda54f6256be31cb96a -> 
  custom:scripting/monoscript/fileName/ScriptableObjectTest.cs: b53441fff951350b341178933e3e23ef -> 
  custom:scripting/monoscript/fileName/ErasePropertySRAction.cs: 4b881b6741f1070c9d03f1dd87107a3b -> 
========================================================================
Received Import Request.
  Time since last request: 128.689303 seconds.
  path: Assets/Scripts/Effect/DrawCardEffect.cs
  artifactKey: Guid(352d3b6dcd9eef346830940e4d7802bc) Importer(815301076,1909f56bfc062723c751e8b465ee728b)
Start importing Assets/Scripts/Effect/DrawCardEffect.cs using Guid(352d3b6dcd9eef346830940e4d7802bc) Importer(815301076,1909f56bfc062723c751e8b465ee728b) [PhysX] Initialized MultithreadedTaskDispatcher with 28 workers.
 -> (artifact id: '7ce1ea889fc24eea87da87f7b1e1503e') in 0.002908 seconds
Number of updated asset objects reloaded before import = 0
Number of asset objects unloaded after import = 0
========================================================================
Received Prepare
Assembly with name 'SRDemo' already exists (Assets/SerializeReferenceEditor/Assets/SREditor/Samples/Demo/SRDemo.asmdef)
Assembly with name 'SRDemo' already exists (Assets/Prefabs/SerializeReferenceEditor/Assets/SREditor/Samples/Demo/SRDemo.asmdef)
Assembly with name 'SREditor-Editor' already exists (Assets/SerializeReferenceEditor/Assets/SREditor/Package/Editor/SREditor-Editor.asmdef)
Assembly with name 'SREditor-Editor' already exists (Assets/Prefabs/SerializeReferenceEditor/Assets/SREditor/Package/Editor/SREditor-Editor.asmdef)
Assembly with name 'NewTest' already exists (Assets/SerializeReferenceEditor/Assets/SREditor/Samples/Demo/NewTests/NewTest.asmdef)
Assembly with name 'NewTest' already exists (Assets/Prefabs/SerializeReferenceEditor/Assets/SREditor/Samples/Demo/NewTests/NewTest.asmdef)
Assembly with name 'SREditor' already exists (Assets/Prefabs/SerializeReferenceEditor/Assets/SREditor/Package/Scripts/SREditor.asmdef)
Assembly with name 'SREditor' already exists (Assets/SerializeReferenceEditor/Assets/SREditor/Package/Scripts/SREditor.asmdef)
Assembly with name 'SRDemo-Editor' already exists (Assets/Prefabs/SerializeReferenceEditor/Assets/SREditor/Samples/Demo/Editor/SRDemo-Editor.asmdef)
Assembly with name 'SRDemo-Editor' already exists (Assets/SerializeReferenceEditor/Assets/SREditor/Samples/Demo/Editor/SRDemo-Editor.asmdef)
Caller must complete domain reload
Assembly with name 'SRDemo' already exists (Assets/SerializeReferenceEditor/Assets/SREditor/Samples/Demo/SRDemo.asmdef)
Assembly with name 'SRDemo' already exists (Assets/Prefabs/SerializeReferenceEditor/Assets/SREditor/Samples/Demo/SRDemo.asmdef)
Assembly with name 'SREditor-Editor' already exists (Assets/SerializeReferenceEditor/Assets/SREditor/Package/Editor/SREditor-Editor.asmdef)
Assembly with name 'SREditor-Editor' already exists (Assets/Prefabs/SerializeReferenceEditor/Assets/SREditor/Package/Editor/SREditor-Editor.asmdef)
Assembly with name 'NewTest' already exists (Assets/SerializeReferenceEditor/Assets/SREditor/Samples/Demo/NewTests/NewTest.asmdef)
Assembly with name 'NewTest' already exists (Assets/Prefabs/SerializeReferenceEditor/Assets/SREditor/Samples/Demo/NewTests/NewTest.asmdef)
Assembly with name 'SREditor' already exists (Assets/Prefabs/SerializeReferenceEditor/Assets/SREditor/Package/Scripts/SREditor.asmdef)
Assembly with name 'SREditor' already exists (Assets/SerializeReferenceEditor/Assets/SREditor/Package/Scripts/SREditor.asmdef)
Assembly with name 'SRDemo-Editor' already exists (Assets/Prefabs/SerializeReferenceEditor/Assets/SREditor/Samples/Demo/Editor/SRDemo-Editor.asmdef)
Assembly with name 'SRDemo-Editor' already exists (Assets/SerializeReferenceEditor/Assets/SREditor/Samples/Demo/Editor/SRDemo-Editor.asmdef)
Begin MonoManager ReloadAssembly
- Loaded All Assemblies, in  0.363 seconds
Native extension for WindowsStandalone target not found
Assembly with name 'SRDemo' already exists (Assets/SerializeReferenceEditor/Assets/SREditor/Samples/Demo/SRDemo.asmdef)
Assembly with name 'SRDemo' already exists (Assets/Prefabs/SerializeReferenceEditor/Assets/SREditor/Samples/Demo/SRDemo.asmdef)
Assembly with name 'SREditor-Editor' already exists (Assets/SerializeReferenceEditor/Assets/SREditor/Package/Editor/SREditor-Editor.asmdef)
Assembly with name 'SREditor-Editor' already exists (Assets/Prefabs/SerializeReferenceEditor/Assets/SREditor/Package/Editor/SREditor-Editor.asmdef)
Assembly with name 'NewTest' already exists (Assets/SerializeReferenceEditor/Assets/SREditor/Samples/Demo/NewTests/NewTest.asmdef)
Assembly with name 'NewTest' already exists (Assets/Prefabs/SerializeReferenceEditor/Assets/SREditor/Samples/Demo/NewTests/NewTest.asmdef)
Assembly with name 'SREditor' already exists (Assets/Prefabs/SerializeReferenceEditor/Assets/SREditor/Package/Scripts/SREditor.asmdef)
Assembly with name 'SREditor' already exists (Assets/SerializeReferenceEditor/Assets/SREditor/Package/Scripts/SREditor.asmdef)
Assembly with name 'SRDemo-Editor' already exists (Assets/Prefabs/SerializeReferenceEditor/Assets/SREditor/Samples/Demo/Editor/SRDemo-Editor.asmdef)
Assembly with name 'SRDemo-Editor' already exists (Assets/SerializeReferenceEditor/Assets/SREditor/Samples/Demo/Editor/SRDemo-Editor.asmdef)
Mono: successfully reloaded assembly
- Finished resetting the current domain, in  0.750 seconds
Domain Reload Profiling: 1113ms
	BeginReloadAssembly (152ms)
		ExecutionOrderSort (0ms)
		DisableScriptedObjects (7ms)
		BackupInstance (0ms)
		ReleaseScriptingObjects (0ms)
		CreateAndSetChildDomain (55ms)
	RebuildCommonClasses (25ms)
	RebuildNativeTypeToScriptingClass (7ms)
	initialDomainReloadingComplete (16ms)
	LoadAllAssembliesAndSetupDomain (162ms)
		LoadAssemblies (206ms)
		RebuildTransferFunctionScriptingTraits (0ms)
		AnalyzeDomain (22ms)
			TypeCache.Refresh (8ms)
				TypeCache.ScanAssembly (1ms)
			ScanForSourceGeneratedMonoScriptInfo (7ms)
			ResolveRequiredComponents (6ms)
	FinalizeReload (750ms)
		ReleaseScriptCaches (0ms)
		RebuildScriptCaches (0ms)
		SetupLoadedEditorAssemblies (444ms)
			LogAssemblyErrors (0ms)
			InitializePlatformSupportModulesInManaged (4ms)
			SetLoadedEditorAssemblies (4ms)
			RefreshPlugins (0ms)
			BeforeProcessingInitializeOnLoad (75ms)
			ProcessInitializeOnLoadAttributes (333ms)
			ProcessInitializeOnLoadMethodAttributes (26ms)
			AfterProcessingInitializeOnLoad (1ms)
			EditorAssembliesLoaded (0ms)
		ExecutionOrderSort2 (0ms)
		AwakeInstancesAfterBackupRestoration (9ms)
Refreshing native plugins compatible for Editor in 1.86 ms, found 4 plugins.
Preloading 0 native plugins for Editor in 0.00 ms.
Unloading 4325 Unused Serialized files (Serialized files now loaded: 0)
Unloading 23 unused Assets / (31.8 KB). Loaded Objects now: 4938.
Memory consumption went from 160.7 MB to 160.7 MB.
Total: 3.751200 ms (FindLiveObjects: 0.200800 ms CreateObjectMapping: 0.065600 ms MarkObjects: 3.429200 ms  DeleteObjects: 0.054500 ms)

Prepare: number of updated asset objects reloaded= 0
AssetImportParameters requested are different than current active one (requested -> active):
  custom:scripting/monoscript/fileName/SRDemoAttribute.cs: b217f8d4e07b14b9940a83b035def963 -> 
  custom:scripting/monoscript/fileName/DrawCardEffect.cs: d9cd090163e949cc8a887419c09c7761 -> 
  custom:scripting/monoscript/fileName/LoadAllScriptableObjects.cs: 8c4c4caa6c9d58a1046ba488534e615c -> 
  custom:container-demuxer-ogg: 62fdf1f143b41e24485cea50d1cbac27 -> 
  custom:scripting/monoscript/fileName/StringData.cs: 899c5872079327f54ed117fc61ea02c0 -> 
  custom:scripting/monoscript/fileName/IAssetsLoader.cs: 8d295a5e2d097f03f5f00e3441d974eb -> 
  custom:scripting/monoscript/fileName/SRTypeTreeFactory.cs: b9f0ea0d3f426034a242fccaec253fa9 -> 
  custom:scripting/monoscript/fileName/TypeReplacer.cs: ae51176d3fdd2e15067fbf3eeb4d1ffd -> 
  custom:scripting/monoscript/fileName/SRTypeCache.cs: cd51da883b797559c225dab095647981 -> 
  custom:video-codec-MediaFoundation-h265: 746d11721c4dcdbdad8f713fa42b33f4 -> 
  custom:scripting/monoscript/fileName/FormerlySerializedTypeAttribute.cs: a2ba12d6f49519a27a785cb6e7cc3b9c -> 
  custom:scripting/monoscript/fileName/IData.cs: 869deb168c5112234ead0b60061e88d4 -> 
  custom:video-decoder-ogg-theora: a1e56fd34408186e4bbccfd4996cb3dc -> 
  custom:scripting/monoscript/fileName/TypeInfo.cs: 3a9ce2b1121b5df65b59d03380de4ab6 -> 
  custom:scripting/monoscript/fileName/InstanceClassSRAction.cs: 78c0331d959a99a60c1adff7e81d3862 -> 
  custom:framework-win-MediaFoundation: 216162199b28c13a410421893ffa2e32 -> 
  custom:scripting/monoscript/fileName/NewBehaviourScript.cs: b21687ddb03d73bd9f0c1daecb9714de -> 
  custom:scripting/monoscript/fileName/ScriptableObjectTestData.cs: 56e0c1e05ef2b3e0ecda33fad772a283 -> 
  custom:scripting/precompiled-assembly-types:SREditor-Editor: 55b5456b5630cab223524f958b1d591b -> 
  custom:scripting/monoscript/fileName/SRDrawer.cs: cbea2dac214fbebe88c1bdc69ad4b45f -> 
  custom:scripting/monoscript/fileName/SRNameAttribute.cs: 1b1dbd11348e161435c454df7cc85608 -> 
  custom:scripting/monoscript/fileName/AbstractData.cs: c2fc160bd7af24ef3912d4546ba164da -> 
  custom:scripting/monoscript/fileName/DataList.cs: ac707c81ae30f006632cf7b337900264 -> 
  custom:scripting/precompiled-assembly-types:NewTest: 1f1ee7a59c4c112b0ac23a43c8848db5 -> 
  custom:scripting/monoscript/fileName/TypeReplaceHelper.cs: 5061a70e5cba90a2f93fbaca5002d92c -> 
  custom:CustomObjectIndexerAttribute: 9a22284fe3817be447336de3de66b15e -> 
  custom:scripting/monoscript/fileName/IntegerData.cs: be3d36b532f74a94814765d5582dd467 -> 
  custom:scripting/monoscript/fileName/TypeReplacerWindow.cs: c75b82325a10408dedd0b6359fe6ec16 -> 
  custom:scripting/monoscript/fileName/NewTestData.cs: d4cd3933424ead977ec2d13d82f8bf32 -> 
  custom:scripting/monoscript/fileName/StringInterfaceData.cs: 3d50b8fc8dd0f40f14ecec98ae9d71bf -> 
  custom:scripting/monoscript/fileName/ProcessingCoordinator.cs: a2cc59e2f1bdaa862f8699f5126d0c16 -> 
  custom:scripting/monoscript/fileName/PlayCardGA.cs: 5789139290271257e0b7651fe5863c2e -> 
  custom:scripting/monoscript/fileName/SRFormerlyTypeCache.cs: b7cf08609a0a042a8236322b594b8142 -> 
  custom:container-demuxer-webm: 4f35f7cbe854078d1ac9338744f61a02 -> 
  custom:scripting/monoscript/fileName/SREditorSettings.cs: 3331118a764dc5e43cc7c0d781d392d8 -> 
  custom:scripting/precompiled-assembly-types:SRDemo-Editor: 8adfbed147264f837f3a0482ccfceda7 -> 
  custom:scripting/monoscript/fileName/SRMissingTypesValidator.cs: 46bac1a342b6b1607f4b717707b04fa2 -> 
  custom:scripting/precompiled-assembly-types:SREditor: df3fe5802f2450a7160c4b4df24efb82 -> 
  custom:scripting/monoscript/fileName/CustomDataDrawer.cs: 65ff75100b510d38b07627bf3a1e89c7 -> 
  custom:scripting/monoscript/fileName/DataHolder.cs: b5fe96c290fd369c9489341d8f0c6c3f -> 
  custom:scripting/monoscript/fileName/FloatNamedData.cs: f5fca032bc29de94a8bc17bae6d6c41d -> 
  custom:scripting/monoscript/fileName/SRAttribute.cs: 789115209565033af35d3e3afd3e3310 -> 
  custom:scripting/monoscript/fileName/SRDuplicateCleaner.cs: d225ff68fd10a29da65fb6f03456bf58 -> 
  custom:scripting/monoscript/fileName/StringNamedData.cs: b9ca07eb5bf5f668f896b2406b80c50f -> 
  custom:scripting/monoscript/fileName/PrefabTest.cs: 6b21488e501f2b8de0cbf89d0ebca7f4 -> 
  custom:scripting/monoscript/fileName/FloatData.cs: a36b3dfab935a3cafd5bec620587edb1 -> 
  custom:container-muxer-webm: aa71ff27fc2769a1b78a27578f13a17b -> 
  custom:video-decoder-webm-vp8: 9c59270c3fd7afecdb556c50c9e8de78 -> 
  custom:scripting/monoscript/fileName/ComplexData.cs: a41c3c64cbd5a4249e25f8e18e449ae5 -> 
  custom:scripting/monoscript/fileName/SRMissingTypesValidatorConfig.cs: 311504d3d80993c651daaad954f1305b -> 
  custom:SearchIndexIgnoredProperties: e643bd26f0fe6173181afceb89e7c659 -> 
  custom:AudioImporter_EditorPlatform: d09bf68614088b80899f8185d706f6e7 -> 
  custom:scripting/monoscript/fileName/SRTypesSearchWindowProvider.cs: efc74559e42bc1aa7b7f5150b360d2fb -> 
  custom:scripting/monoscript/fileName/MissingTypesCleaner.cs: d3f00f379b86ec4cc811f9c87e215dd8 -> 
  custom:scripting/monoscript/fileName/SREditorSettingsProvider.cs: 37a99a0352dafd2b90ce1865506af283 -> 
  custom:scripting/monoscript/fileName/AbstractNamedData.cs: e532bceb478b1b5456b1c7ec34accfb2 -> 
  custom:scripting/monoscript/fileName/UnityLogAssetMissingTypeReport.cs: 0623721f233a6cc1458bd3d77272d40b -> 
  custom:scripting/monoscript/fileName/Effect.cs: db0847a469ed795dc13473466caf2c90 -> 
  custom:scripting/monoscript/fileName/SRCashTypeSearchTree.cs: ce95e72afce0c3503f63fc4c4d621b06 -> 
  custom:scripting/monoscript/fileName/SRHiddenAttribute.cs: b80fc48a45fff22c67246a0eb3bb2f52 -> 
  custom:scripting/monoscript/fileName/TypeInfoComparer.cs: f78e3dd8571fb435023b893ff6ab0349 -> 
  custom:scripting/monoscript/fileName/NameService.cs: 0b470d478878f04170f09ea709d96d20 -> 
  custom:scripting/monoscript/fileName/TestData.cs: 30cb1cfce572b4f2dcb721be1e0e9081 -> 
  custom:scripting/monoscript/fileName/CustomData.cs: d49523017a9f23851db158eaea2801ff -> 
  custom:scripting/monoscript/fileName/SRActionFactory.cs: 6cb7f0a6c20ec38e4610be62bfe55206 -> 
  custom:scripting/monoscript/fileName/SRAction.cs: ef58eb737e49a3b52271615452d512d9 -> 
  custom:video-encoder-webm-vp8: eb34c28f22e8b96e1ab97ce403110664 -> 
  custom:scripting/monoscript/fileName/HiddenData.cs: 1b489c97a3d23394b73da862faf88fdf -> 
  custom:audio-decoder-ogg-vorbis: bf7c407c2cedff20999df2af8eb42d56 -> 
  custom:scripting/monoscript/fileName/IntegerNamedData.cs: 608697fde81a43c41d54201b88e6e311 -> 
  custom:scripting/monoscript/fileName/AssetChangeDetector.cs: 65333c271892a57b3b74113ae0b0e6d4 -> 
  custom:scripting/monoscript/fileName/ContainerData.cs: c5dc4e9b9c3e32e43213d6d81fd37d43 -> 
  custom:scripting/monoscript/fileName/SRDrawerOptions.cs: 2b1003830d2989546caf7126adc49d41 -> 
  custom:scripting/monoscript/fileName/IAssetMissingTypeReport.cs: 22126180f057be89ffb14e06670cf701 -> 
  custom:audio-encoder-webm-vorbis: bf7c407c2cedff20999df2af8eb42d56 -> 
  custom:scripting/precompiled-assembly-types:SRDemo: 12f6be23b5d35fc375ef15de3d23d5b7 -> 
  custom:scripting/monoscript/fileName/MissingTypesLogger.cs: eac8c33766e6330de4c0a44b29a2de78 -> 
  custom:scripting/precompiled-assembly-types:Assembly-CSharp: 50a15658af9eabc524560516e746f48e -> e24d7867124476b8f6c482295ea6f2d1
  custom:scripting/monoscript/fileName/TypeInfoArrayComparer.cs: 4734a6743c056bda54f6256be31cb96a -> 
  custom:scripting/monoscript/fileName/ScriptableObjectTest.cs: b53441fff951350b341178933e3e23ef -> 
  custom:scripting/monoscript/fileName/ErasePropertySRAction.cs: 4b881b6741f1070c9d03f1dd87107a3b -> 
========================================================================
Received Import Request.
  Time since last request: 4.511236 seconds.
  path: Assets/Scripts/Effect/DrawCardEffect.cs
  artifactKey: Guid(352d3b6dcd9eef346830940e4d7802bc) Importer(815301076,1909f56bfc062723c751e8b465ee728b)
Start importing Assets/Scripts/Effect/DrawCardEffect.cs using Guid(352d3b6dcd9eef346830940e4d7802bc) Importer(815301076,1909f56bfc062723c751e8b465ee728b) [PhysX] Initialized MultithreadedTaskDispatcher with 28 workers.
 -> (artifact id: '3139a828b787ec278c4ac8428febcacb') in 0.002047 seconds
Number of updated asset objects reloaded before import = 0
Number of asset objects unloaded after import = 0
========================================================================
Received Import Request.
  Time since last request: 18.704356 seconds.
  path: Assets/Data/Cards/New Card Data.asset
  artifactKey: Guid(3e712597047d1fd4dbe35b7cc22b9a1c) Importer(815301076,1909f56bfc062723c751e8b465ee728b)
Start importing Assets/Data/Cards/New Card Data.asset using Guid(3e712597047d1fd4dbe35b7cc22b9a1c) Importer(815301076,1909f56bfc062723c751e8b465ee728b) [PhysX] Initialized MultithreadedTaskDispatcher with 28 workers.
 -> (artifact id: '6d91c2e90cc9f80bb9f3cfd10c49bcc0') in 0.005677 seconds
Number of updated asset objects reloaded before import = 0
Number of asset objects unloaded after import = 1
========================================================================
Received Import Request.
  Time since last request: 4.690247 seconds.
  path: Assets/Data/Cards/Draw.asset
  artifactKey: Guid(3e712597047d1fd4dbe35b7cc22b9a1c) Importer(815301076,1909f56bfc062723c751e8b465ee728b)
Start importing Assets/Data/Cards/Draw.asset using Guid(3e712597047d1fd4dbe35b7cc22b9a1c) Importer(815301076,1909f56bfc062723c751e8b465ee728b) [PhysX] Initialized MultithreadedTaskDispatcher with 28 workers.
 -> (artifact id: '768c9a74979bf8edfd272a3fbcc37261') in 0.000699 seconds
Number of updated asset objects reloaded before import = 0
Number of asset objects unloaded after import = 1
========================================================================
Received Import Request.
  Time since last request: 38.824427 seconds.
  path: Assets/Data/Cards/Draw.asset
  artifactKey: Guid(3e712597047d1fd4dbe35b7cc22b9a1c) Importer(815301076,1909f56bfc062723c751e8b465ee728b)
Start importing Assets/Data/Cards/Draw.asset using Guid(3e712597047d1fd4dbe35b7cc22b9a1c) Importer(815301076,1909f56bfc062723c751e8b465ee728b) [PhysX] Initialized MultithreadedTaskDispatcher with 28 workers.
 -> (artifact id: '3ec67d0e2263f5d22fc4dd72873712c6') in 0.001279 seconds
Number of updated asset objects reloaded before import = 0
Number of asset objects unloaded after import = 2
========================================================================
Received Import Request.
  Time since last request: 320.445186 seconds.
  path: Assets/Data/Cards/Draw.asset
  artifactKey: Guid(3e712597047d1fd4dbe35b7cc22b9a1c) Importer(815301076,1909f56bfc062723c751e8b465ee728b)
Start importing Assets/Data/Cards/Draw.asset using Guid(3e712597047d1fd4dbe35b7cc22b9a1c) Importer(815301076,1909f56bfc062723c751e8b465ee728b) [PhysX] Initialized MultithreadedTaskDispatcher with 28 workers.
 -> (artifact id: '2505cd7ad5eb2c359404a0a0176a860a') in 0.016031 seconds
Number of updated asset objects reloaded before import = 0
Number of asset objects unloaded after import = 2
========================================================================
Received Prepare
Assembly with name 'SRDemo' already exists (Assets/SerializeReferenceEditor/Assets/SREditor/Samples/Demo/SRDemo.asmdef)
Assembly with name 'SRDemo' already exists (Assets/Prefabs/SerializeReferenceEditor/Assets/SREditor/Samples/Demo/SRDemo.asmdef)
Assembly with name 'SREditor-Editor' already exists (Assets/SerializeReferenceEditor/Assets/SREditor/Package/Editor/SREditor-Editor.asmdef)
Assembly with name 'SREditor-Editor' already exists (Assets/Prefabs/SerializeReferenceEditor/Assets/SREditor/Package/Editor/SREditor-Editor.asmdef)
Assembly with name 'NewTest' already exists (Assets/SerializeReferenceEditor/Assets/SREditor/Samples/Demo/NewTests/NewTest.asmdef)
Assembly with name 'NewTest' already exists (Assets/Prefabs/SerializeReferenceEditor/Assets/SREditor/Samples/Demo/NewTests/NewTest.asmdef)
Assembly with name 'SREditor' already exists (Assets/Prefabs/SerializeReferenceEditor/Assets/SREditor/Package/Scripts/SREditor.asmdef)
Assembly with name 'SREditor' already exists (Assets/SerializeReferenceEditor/Assets/SREditor/Package/Scripts/SREditor.asmdef)
Assembly with name 'SRDemo-Editor' already exists (Assets/Prefabs/SerializeReferenceEditor/Assets/SREditor/Samples/Demo/Editor/SRDemo-Editor.asmdef)
Assembly with name 'SRDemo-Editor' already exists (Assets/SerializeReferenceEditor/Assets/SREditor/Samples/Demo/Editor/SRDemo-Editor.asmdef)
Caller must complete domain reload
Assembly with name 'SRDemo' already exists (Assets/SerializeReferenceEditor/Assets/SREditor/Samples/Demo/SRDemo.asmdef)
Assembly with name 'SRDemo' already exists (Assets/Prefabs/SerializeReferenceEditor/Assets/SREditor/Samples/Demo/SRDemo.asmdef)
Assembly with name 'SREditor-Editor' already exists (Assets/SerializeReferenceEditor/Assets/SREditor/Package/Editor/SREditor-Editor.asmdef)
Assembly with name 'SREditor-Editor' already exists (Assets/Prefabs/SerializeReferenceEditor/Assets/SREditor/Package/Editor/SREditor-Editor.asmdef)
Assembly with name 'NewTest' already exists (Assets/SerializeReferenceEditor/Assets/SREditor/Samples/Demo/NewTests/NewTest.asmdef)
Assembly with name 'NewTest' already exists (Assets/Prefabs/SerializeReferenceEditor/Assets/SREditor/Samples/Demo/NewTests/NewTest.asmdef)
Assembly with name 'SREditor' already exists (Assets/Prefabs/SerializeReferenceEditor/Assets/SREditor/Package/Scripts/SREditor.asmdef)
Assembly with name 'SREditor' already exists (Assets/SerializeReferenceEditor/Assets/SREditor/Package/Scripts/SREditor.asmdef)
Assembly with name 'SRDemo-Editor' already exists (Assets/Prefabs/SerializeReferenceEditor/Assets/SREditor/Samples/Demo/Editor/SRDemo-Editor.asmdef)
Assembly with name 'SRDemo-Editor' already exists (Assets/SerializeReferenceEditor/Assets/SREditor/Samples/Demo/Editor/SRDemo-Editor.asmdef)
Begin MonoManager ReloadAssembly
- Loaded All Assemblies, in  0.477 seconds
Native extension for WindowsStandalone target not found
Assembly with name 'SRDemo' already exists (Assets/SerializeReferenceEditor/Assets/SREditor/Samples/Demo/SRDemo.asmdef)
Assembly with name 'SRDemo' already exists (Assets/Prefabs/SerializeReferenceEditor/Assets/SREditor/Samples/Demo/SRDemo.asmdef)
Assembly with name 'SREditor-Editor' already exists (Assets/SerializeReferenceEditor/Assets/SREditor/Package/Editor/SREditor-Editor.asmdef)
Assembly with name 'SREditor-Editor' already exists (Assets/Prefabs/SerializeReferenceEditor/Assets/SREditor/Package/Editor/SREditor-Editor.asmdef)
Assembly with name 'NewTest' already exists (Assets/SerializeReferenceEditor/Assets/SREditor/Samples/Demo/NewTests/NewTest.asmdef)
Assembly with name 'NewTest' already exists (Assets/Prefabs/SerializeReferenceEditor/Assets/SREditor/Samples/Demo/NewTests/NewTest.asmdef)
Assembly with name 'SREditor' already exists (Assets/Prefabs/SerializeReferenceEditor/Assets/SREditor/Package/Scripts/SREditor.asmdef)
Assembly with name 'SREditor' already exists (Assets/SerializeReferenceEditor/Assets/SREditor/Package/Scripts/SREditor.asmdef)
Assembly with name 'SRDemo-Editor' already exists (Assets/Prefabs/SerializeReferenceEditor/Assets/SREditor/Samples/Demo/Editor/SRDemo-Editor.asmdef)
Assembly with name 'SRDemo-Editor' already exists (Assets/SerializeReferenceEditor/Assets/SREditor/Samples/Demo/Editor/SRDemo-Editor.asmdef)
Mono: successfully reloaded assembly
- Finished resetting the current domain, in  6.122 seconds
Domain Reload Profiling: 6599ms
	BeginReloadAssembly (133ms)
		ExecutionOrderSort (0ms)
		DisableScriptedObjects (7ms)
		BackupInstance (0ms)
		ReleaseScriptingObjects (0ms)
		CreateAndSetChildDomain (24ms)
	RebuildCommonClasses (20ms)
	RebuildNativeTypeToScriptingClass (7ms)
	initialDomainReloadingComplete (16ms)
	LoadAllAssembliesAndSetupDomain (301ms)
		LoadAssemblies (352ms)
		RebuildTransferFunctionScriptingTraits (0ms)
		AnalyzeDomain (29ms)
			TypeCache.Refresh (12ms)
				TypeCache.ScanAssembly (1ms)
			ScanForSourceGeneratedMonoScriptInfo (10ms)
			ResolveRequiredComponents (5ms)
	FinalizeReload (6122ms)
		ReleaseScriptCaches (0ms)
		RebuildScriptCaches (0ms)
		SetupLoadedEditorAssemblies (453ms)
			LogAssemblyErrors (0ms)
			InitializePlatformSupportModulesInManaged (4ms)
			SetLoadedEditorAssemblies (3ms)
			RefreshPlugins (0ms)
			BeforeProcessingInitializeOnLoad (68ms)
			ProcessInitializeOnLoadAttributes (348ms)
			ProcessInitializeOnLoadMethodAttributes (27ms)
			AfterProcessingInitializeOnLoad (2ms)
			EditorAssembliesLoaded (0ms)
		ExecutionOrderSort2 (0ms)
		AwakeInstancesAfterBackupRestoration (10ms)
Refreshing native plugins compatible for Editor in 1.60 ms, found 4 plugins.
Preloading 0 native plugins for Editor in 0.00 ms.
Unloading 4325 Unused Serialized files (Serialized files now loaded: 0)
Unloading 23 unused Assets / (31.7 KB). Loaded Objects now: 4943.
Memory consumption went from 160.7 MB to 160.7 MB.
Total: 2.462300 ms (FindLiveObjects: 0.251300 ms CreateObjectMapping: 0.069200 ms MarkObjects: 2.104500 ms  DeleteObjects: 0.035600 ms)

Prepare: number of updated asset objects reloaded= 0
AssetImportParameters requested are different than current active one (requested -> active):
  custom:scripting/monoscript/fileName/SRDemoAttribute.cs: b217f8d4e07b14b9940a83b035def963 -> 
  custom:scripting/monoscript/fileName/DrawCardEffect.cs: d9cd090163e949cc8a887419c09c7761 -> 
  custom:scripting/monoscript/fileName/LoadAllScriptableObjects.cs: 8c4c4caa6c9d58a1046ba488534e615c -> 
  custom:container-demuxer-ogg: 62fdf1f143b41e24485cea50d1cbac27 -> 
  custom:scripting/monoscript/fileName/StringData.cs: 899c5872079327f54ed117fc61ea02c0 -> 
  custom:scripting/monoscript/fileName/IAssetsLoader.cs: 8d295a5e2d097f03f5f00e3441d974eb -> 
  custom:scripting/monoscript/fileName/SRTypeTreeFactory.cs: b9f0ea0d3f426034a242fccaec253fa9 -> 
  custom:scripting/monoscript/fileName/TypeReplacer.cs: ae51176d3fdd2e15067fbf3eeb4d1ffd -> 
  custom:scripting/monoscript/fileName/SRTypeCache.cs: cd51da883b797559c225dab095647981 -> 
  custom:video-codec-MediaFoundation-h265: 746d11721c4dcdbdad8f713fa42b33f4 -> 
  custom:scripting/monoscript/fileName/FormerlySerializedTypeAttribute.cs: a2ba12d6f49519a27a785cb6e7cc3b9c -> 
  custom:scripting/monoscript/fileName/IData.cs: 869deb168c5112234ead0b60061e88d4 -> 
  custom:video-decoder-ogg-theora: a1e56fd34408186e4bbccfd4996cb3dc -> 
  custom:scripting/monoscript/fileName/TypeInfo.cs: 3a9ce2b1121b5df65b59d03380de4ab6 -> 
  custom:scripting/monoscript/fileName/InstanceClassSRAction.cs: 78c0331d959a99a60c1adff7e81d3862 -> 
  custom:framework-win-MediaFoundation: 216162199b28c13a410421893ffa2e32 -> 
  custom:scripting/monoscript/fileName/NewBehaviourScript.cs: b21687ddb03d73bd9f0c1daecb9714de -> 
  custom:scripting/monoscript/fileName/ScriptableObjectTestData.cs: 56e0c1e05ef2b3e0ecda33fad772a283 -> 
  custom:scripting/precompiled-assembly-types:SREditor-Editor: 55b5456b5630cab223524f958b1d591b -> 
  custom:scripting/monoscript/fileName/SRDrawer.cs: cbea2dac214fbebe88c1bdc69ad4b45f -> 
  custom:scripting/monoscript/fileName/SRNameAttribute.cs: 1b1dbd11348e161435c454df7cc85608 -> 
  custom:scripting/monoscript/fileName/AbstractData.cs: c2fc160bd7af24ef3912d4546ba164da -> 
  custom:scripting/monoscript/fileName/DataList.cs: ac707c81ae30f006632cf7b337900264 -> 
  custom:scripting/precompiled-assembly-types:NewTest: 1f1ee7a59c4c112b0ac23a43c8848db5 -> 
  custom:scripting/monoscript/fileName/TypeReplaceHelper.cs: 5061a70e5cba90a2f93fbaca5002d92c -> 
  custom:CustomObjectIndexerAttribute: 9a22284fe3817be447336de3de66b15e -> 
  custom:scripting/monoscript/fileName/IntegerData.cs: be3d36b532f74a94814765d5582dd467 -> 
  custom:scripting/monoscript/fileName/TypeReplacerWindow.cs: c75b82325a10408dedd0b6359fe6ec16 -> 
  custom:scripting/monoscript/fileName/NewTestData.cs: d4cd3933424ead977ec2d13d82f8bf32 -> 
  custom:scripting/monoscript/fileName/StringInterfaceData.cs: 3d50b8fc8dd0f40f14ecec98ae9d71bf -> 
  custom:scripting/monoscript/fileName/ProcessingCoordinator.cs: a2cc59e2f1bdaa862f8699f5126d0c16 -> 
  custom:scripting/monoscript/fileName/PlayCardGA.cs: 5789139290271257e0b7651fe5863c2e -> 
  custom:scripting/monoscript/fileName/SRFormerlyTypeCache.cs: b7cf08609a0a042a8236322b594b8142 -> 
  custom:container-demuxer-webm: 4f35f7cbe854078d1ac9338744f61a02 -> 
  custom:scripting/monoscript/fileName/SREditorSettings.cs: 3331118a764dc5e43cc7c0d781d392d8 -> 
  custom:scripting/precompiled-assembly-types:SRDemo-Editor: 8adfbed147264f837f3a0482ccfceda7 -> 
  custom:scripting/monoscript/fileName/SRMissingTypesValidator.cs: 46bac1a342b6b1607f4b717707b04fa2 -> 
  custom:scripting/precompiled-assembly-types:SREditor: df3fe5802f2450a7160c4b4df24efb82 -> 
  custom:scripting/monoscript/fileName/CustomDataDrawer.cs: 65ff75100b510d38b07627bf3a1e89c7 -> 
  custom:scripting/monoscript/fileName/DataHolder.cs: b5fe96c290fd369c9489341d8f0c6c3f -> 
  custom:scripting/monoscript/fileName/FloatNamedData.cs: f5fca032bc29de94a8bc17bae6d6c41d -> 
  custom:scripting/monoscript/fileName/SRAttribute.cs: 789115209565033af35d3e3afd3e3310 -> 
  custom:scripting/monoscript/fileName/SRDuplicateCleaner.cs: d225ff68fd10a29da65fb6f03456bf58 -> 
  custom:scripting/monoscript/fileName/StringNamedData.cs: b9ca07eb5bf5f668f896b2406b80c50f -> 
  custom:scripting/monoscript/fileName/PrefabTest.cs: 6b21488e501f2b8de0cbf89d0ebca7f4 -> 
  custom:scripting/monoscript/fileName/FloatData.cs: a36b3dfab935a3cafd5bec620587edb1 -> 
  custom:container-muxer-webm: aa71ff27fc2769a1b78a27578f13a17b -> 
  custom:video-decoder-webm-vp8: 9c59270c3fd7afecdb556c50c9e8de78 -> 
  custom:scripting/monoscript/fileName/ComplexData.cs: a41c3c64cbd5a4249e25f8e18e449ae5 -> 
  custom:scripting/monoscript/fileName/SRMissingTypesValidatorConfig.cs: 311504d3d80993c651daaad954f1305b -> 
  custom:SearchIndexIgnoredProperties: e643bd26f0fe6173181afceb89e7c659 -> 
  custom:AudioImporter_EditorPlatform: d09bf68614088b80899f8185d706f6e7 -> 
  custom:scripting/monoscript/fileName/SRTypesSearchWindowProvider.cs: efc74559e42bc1aa7b7f5150b360d2fb -> 
  custom:scripting/monoscript/fileName/MissingTypesCleaner.cs: d3f00f379b86ec4cc811f9c87e215dd8 -> 
  custom:scripting/monoscript/fileName/SREditorSettingsProvider.cs: 37a99a0352dafd2b90ce1865506af283 -> 
  custom:scripting/monoscript/fileName/AbstractNamedData.cs: e532bceb478b1b5456b1c7ec34accfb2 -> 
  custom:scripting/monoscript/fileName/UnityLogAssetMissingTypeReport.cs: 0623721f233a6cc1458bd3d77272d40b -> 
  custom:scripting/monoscript/fileName/Effect.cs: db0847a469ed795dc13473466caf2c90 -> 
  custom:scripting/monoscript/fileName/SRCashTypeSearchTree.cs: ce95e72afce0c3503f63fc4c4d621b06 -> 
  custom:scripting/monoscript/fileName/SRHiddenAttribute.cs: b80fc48a45fff22c67246a0eb3bb2f52 -> 
  custom:scripting/monoscript/fileName/TypeInfoComparer.cs: f78e3dd8571fb435023b893ff6ab0349 -> 
  custom:scripting/monoscript/fileName/NameService.cs: 0b470d478878f04170f09ea709d96d20 -> 
  custom:scripting/monoscript/fileName/TestData.cs: 30cb1cfce572b4f2dcb721be1e0e9081 -> 
  custom:scripting/monoscript/fileName/CustomData.cs: d49523017a9f23851db158eaea2801ff -> 
  custom:scripting/monoscript/fileName/SRActionFactory.cs: 6cb7f0a6c20ec38e4610be62bfe55206 -> 
  custom:scripting/monoscript/fileName/SRAction.cs: ef58eb737e49a3b52271615452d512d9 -> 
  custom:video-encoder-webm-vp8: eb34c28f22e8b96e1ab97ce403110664 -> 
  custom:scripting/monoscript/fileName/HiddenData.cs: 1b489c97a3d23394b73da862faf88fdf -> 
  custom:audio-decoder-ogg-vorbis: bf7c407c2cedff20999df2af8eb42d56 -> 
  custom:scripting/monoscript/fileName/IntegerNamedData.cs: 608697fde81a43c41d54201b88e6e311 -> 
  custom:scripting/monoscript/fileName/AssetChangeDetector.cs: 65333c271892a57b3b74113ae0b0e6d4 -> 
  custom:scripting/monoscript/fileName/ContainerData.cs: c5dc4e9b9c3e32e43213d6d81fd37d43 -> 
  custom:scripting/monoscript/fileName/SRDrawerOptions.cs: 2b1003830d2989546caf7126adc49d41 -> 
  custom:scripting/monoscript/fileName/IAssetMissingTypeReport.cs: 22126180f057be89ffb14e06670cf701 -> 
  custom:audio-encoder-webm-vorbis: bf7c407c2cedff20999df2af8eb42d56 -> 
  custom:scripting/precompiled-assembly-types:SRDemo: 12f6be23b5d35fc375ef15de3d23d5b7 -> 
  custom:scripting/monoscript/fileName/MissingTypesLogger.cs: eac8c33766e6330de4c0a44b29a2de78 -> 
  custom:scripting/precompiled-assembly-types:Assembly-CSharp: 50a15658af9eabc524560516e746f48e -> e24d7867124476b8f6c482295ea6f2d1
  custom:scripting/monoscript/fileName/TypeInfoArrayComparer.cs: 4734a6743c056bda54f6256be31cb96a -> 
  custom:scripting/monoscript/fileName/ScriptableObjectTest.cs: b53441fff951350b341178933e3e23ef -> 
  custom:scripting/monoscript/fileName/ErasePropertySRAction.cs: 4b881b6741f1070c9d03f1dd87107a3b -> 
========================================================================
Received Prepare
Assembly with name 'SRDemo' already exists (Assets/SerializeReferenceEditor/Assets/SREditor/Samples/Demo/SRDemo.asmdef)
Assembly with name 'SRDemo' already exists (Assets/Prefabs/SerializeReferenceEditor/Assets/SREditor/Samples/Demo/SRDemo.asmdef)
Assembly with name 'SREditor-Editor' already exists (Assets/SerializeReferenceEditor/Assets/SREditor/Package/Editor/SREditor-Editor.asmdef)
Assembly with name 'SREditor-Editor' already exists (Assets/Prefabs/SerializeReferenceEditor/Assets/SREditor/Package/Editor/SREditor-Editor.asmdef)
Assembly with name 'NewTest' already exists (Assets/SerializeReferenceEditor/Assets/SREditor/Samples/Demo/NewTests/NewTest.asmdef)
Assembly with name 'NewTest' already exists (Assets/Prefabs/SerializeReferenceEditor/Assets/SREditor/Samples/Demo/NewTests/NewTest.asmdef)
Assembly with name 'SREditor' already exists (Assets/Prefabs/SerializeReferenceEditor/Assets/SREditor/Package/Scripts/SREditor.asmdef)
Assembly with name 'SREditor' already exists (Assets/SerializeReferenceEditor/Assets/SREditor/Package/Scripts/SREditor.asmdef)
Assembly with name 'SRDemo-Editor' already exists (Assets/Prefabs/SerializeReferenceEditor/Assets/SREditor/Samples/Demo/Editor/SRDemo-Editor.asmdef)
Assembly with name 'SRDemo-Editor' already exists (Assets/SerializeReferenceEditor/Assets/SREditor/Samples/Demo/Editor/SRDemo-Editor.asmdef)
Caller must complete domain reload
Assembly with name 'SRDemo' already exists (Assets/SerializeReferenceEditor/Assets/SREditor/Samples/Demo/SRDemo.asmdef)
Assembly with name 'SRDemo' already exists (Assets/Prefabs/SerializeReferenceEditor/Assets/SREditor/Samples/Demo/SRDemo.asmdef)
Assembly with name 'SREditor-Editor' already exists (Assets/SerializeReferenceEditor/Assets/SREditor/Package/Editor/SREditor-Editor.asmdef)
Assembly with name 'SREditor-Editor' already exists (Assets/Prefabs/SerializeReferenceEditor/Assets/SREditor/Package/Editor/SREditor-Editor.asmdef)
Assembly with name 'NewTest' already exists (Assets/SerializeReferenceEditor/Assets/SREditor/Samples/Demo/NewTests/NewTest.asmdef)
Assembly with name 'NewTest' already exists (Assets/Prefabs/SerializeReferenceEditor/Assets/SREditor/Samples/Demo/NewTests/NewTest.asmdef)
Assembly with name 'SREditor' already exists (Assets/Prefabs/SerializeReferenceEditor/Assets/SREditor/Package/Scripts/SREditor.asmdef)
Assembly with name 'SREditor' already exists (Assets/SerializeReferenceEditor/Assets/SREditor/Package/Scripts/SREditor.asmdef)
Assembly with name 'SRDemo-Editor' already exists (Assets/Prefabs/SerializeReferenceEditor/Assets/SREditor/Samples/Demo/Editor/SRDemo-Editor.asmdef)
Assembly with name 'SRDemo-Editor' already exists (Assets/SerializeReferenceEditor/Assets/SREditor/Samples/Demo/Editor/SRDemo-Editor.asmdef)
Begin MonoManager ReloadAssembly
- Loaded All Assemblies, in  0.362 seconds
Native extension for WindowsStandalone target not found
Assembly with name 'SRDemo' already exists (Assets/SerializeReferenceEditor/Assets/SREditor/Samples/Demo/SRDemo.asmdef)
Assembly with name 'SRDemo' already exists (Assets/Prefabs/SerializeReferenceEditor/Assets/SREditor/Samples/Demo/SRDemo.asmdef)
Assembly with name 'SREditor-Editor' already exists (Assets/SerializeReferenceEditor/Assets/SREditor/Package/Editor/SREditor-Editor.asmdef)
Assembly with name 'SREditor-Editor' already exists (Assets/Prefabs/SerializeReferenceEditor/Assets/SREditor/Package/Editor/SREditor-Editor.asmdef)
Assembly with name 'NewTest' already exists (Assets/SerializeReferenceEditor/Assets/SREditor/Samples/Demo/NewTests/NewTest.asmdef)
Assembly with name 'NewTest' already exists (Assets/Prefabs/SerializeReferenceEditor/Assets/SREditor/Samples/Demo/NewTests/NewTest.asmdef)
Assembly with name 'SREditor' already exists (Assets/Prefabs/SerializeReferenceEditor/Assets/SREditor/Package/Scripts/SREditor.asmdef)
Assembly with name 'SREditor' already exists (Assets/SerializeReferenceEditor/Assets/SREditor/Package/Scripts/SREditor.asmdef)
Assembly with name 'SRDemo-Editor' already exists (Assets/Prefabs/SerializeReferenceEditor/Assets/SREditor/Samples/Demo/Editor/SRDemo-Editor.asmdef)
Assembly with name 'SRDemo-Editor' already exists (Assets/SerializeReferenceEditor/Assets/SREditor/Samples/Demo/Editor/SRDemo-Editor.asmdef)
Mono: successfully reloaded assembly
- Finished resetting the current domain, in  0.703 seconds
Domain Reload Profiling: 1065ms
	BeginReloadAssembly (126ms)
		ExecutionOrderSort (0ms)
		DisableScriptedObjects (8ms)
		BackupInstance (0ms)
		ReleaseScriptingObjects (0ms)
		CreateAndSetChildDomain (28ms)
	RebuildCommonClasses (24ms)
	RebuildNativeTypeToScriptingClass (7ms)
	initialDomainReloadingComplete (21ms)
	LoadAllAssembliesAndSetupDomain (184ms)
		LoadAssemblies (221ms)
		RebuildTransferFunctionScriptingTraits (0ms)
		AnalyzeDomain (24ms)
			TypeCache.Refresh (11ms)
				TypeCache.ScanAssembly (1ms)
			ScanForSourceGeneratedMonoScriptInfo (7ms)
			ResolveRequiredComponents (4ms)
	FinalizeReload (704ms)
		ReleaseScriptCaches (0ms)
		RebuildScriptCaches (0ms)
		SetupLoadedEditorAssemblies (421ms)
			LogAssemblyErrors (0ms)
			InitializePlatformSupportModulesInManaged (3ms)
			SetLoadedEditorAssemblies (3ms)
			RefreshPlugins (0ms)
			BeforeProcessingInitializeOnLoad (70ms)
			ProcessInitializeOnLoadAttributes (313ms)
			ProcessInitializeOnLoadMethodAttributes (30ms)
			AfterProcessingInitializeOnLoad (2ms)
			EditorAssembliesLoaded (0ms)
		ExecutionOrderSort2 (0ms)
		AwakeInstancesAfterBackupRestoration (11ms)
Refreshing native plugins compatible for Editor in 1.72 ms, found 4 plugins.
Preloading 0 native plugins for Editor in 0.00 ms.
Unloading 4327 Unused Serialized files (Serialized files now loaded: 0)
Unloading 23 unused Assets / (31.8 KB). Loaded Objects now: 4949.
Memory consumption went from 161.0 MB to 161.0 MB.
Total: 3.241500 ms (FindLiveObjects: 0.257900 ms CreateObjectMapping: 0.081900 ms MarkObjects: 2.855200 ms  DeleteObjects: 0.045600 ms)

Prepare: number of updated asset objects reloaded= 0
AssetImportParameters requested are different than current active one (requested -> active):
  custom:scripting/monoscript/fileName/SRDemoAttribute.cs: b217f8d4e07b14b9940a83b035def963 -> 
  custom:scripting/monoscript/fileName/DrawCardEffect.cs: d9cd090163e949cc8a887419c09c7761 -> 
  custom:scripting/monoscript/fileName/LoadAllScriptableObjects.cs: 8c4c4caa6c9d58a1046ba488534e615c -> 
  custom:container-demuxer-ogg: 62fdf1f143b41e24485cea50d1cbac27 -> 
  custom:scripting/monoscript/fileName/StringData.cs: 899c5872079327f54ed117fc61ea02c0 -> 
  custom:scripting/monoscript/fileName/IAssetsLoader.cs: 8d295a5e2d097f03f5f00e3441d974eb -> 
  custom:scripting/monoscript/fileName/SRTypeTreeFactory.cs: b9f0ea0d3f426034a242fccaec253fa9 -> 
  custom:scripting/monoscript/fileName/TypeReplacer.cs: ae51176d3fdd2e15067fbf3eeb4d1ffd -> 
  custom:scripting/monoscript/fileName/SRTypeCache.cs: cd51da883b797559c225dab095647981 -> 
  custom:video-codec-MediaFoundation-h265: 746d11721c4dcdbdad8f713fa42b33f4 -> 
  custom:scripting/monoscript/fileName/FormerlySerializedTypeAttribute.cs: a2ba12d6f49519a27a785cb6e7cc3b9c -> 
  custom:scripting/monoscript/fileName/IData.cs: 869deb168c5112234ead0b60061e88d4 -> 
  custom:video-decoder-ogg-theora: a1e56fd34408186e4bbccfd4996cb3dc -> 
  custom:scripting/monoscript/fileName/TypeInfo.cs: 3a9ce2b1121b5df65b59d03380de4ab6 -> 
  custom:scripting/monoscript/fileName/InstanceClassSRAction.cs: 78c0331d959a99a60c1adff7e81d3862 -> 
  custom:framework-win-MediaFoundation: 216162199b28c13a410421893ffa2e32 -> 
  custom:scripting/monoscript/fileName/NewBehaviourScript.cs: b21687ddb03d73bd9f0c1daecb9714de -> 
  custom:scripting/monoscript/fileName/ScriptableObjectTestData.cs: 56e0c1e05ef2b3e0ecda33fad772a283 -> 
  custom:scripting/precompiled-assembly-types:SREditor-Editor: 55b5456b5630cab223524f958b1d591b -> 
  custom:scripting/monoscript/fileName/SRDrawer.cs: cbea2dac214fbebe88c1bdc69ad4b45f -> 
  custom:scripting/monoscript/fileName/SRNameAttribute.cs: 1b1dbd11348e161435c454df7cc85608 -> 
  custom:scripting/monoscript/fileName/AbstractData.cs: c2fc160bd7af24ef3912d4546ba164da -> 
  custom:scripting/monoscript/fileName/DataList.cs: ac707c81ae30f006632cf7b337900264 -> 
  custom:scripting/precompiled-assembly-types:NewTest: 1f1ee7a59c4c112b0ac23a43c8848db5 -> 
  custom:scripting/monoscript/fileName/TypeReplaceHelper.cs: 5061a70e5cba90a2f93fbaca5002d92c -> 
  custom:CustomObjectIndexerAttribute: 9a22284fe3817be447336de3de66b15e -> 
  custom:scripting/monoscript/fileName/IntegerData.cs: be3d36b532f74a94814765d5582dd467 -> 
  custom:scripting/monoscript/fileName/TypeReplacerWindow.cs: c75b82325a10408dedd0b6359fe6ec16 -> 
  custom:scripting/monoscript/fileName/NewTestData.cs: d4cd3933424ead977ec2d13d82f8bf32 -> 
  custom:scripting/monoscript/fileName/StringInterfaceData.cs: 3d50b8fc8dd0f40f14ecec98ae9d71bf -> 
  custom:scripting/monoscript/fileName/ProcessingCoordinator.cs: a2cc59e2f1bdaa862f8699f5126d0c16 -> 
  custom:scripting/monoscript/fileName/PerformEffectGA.cs: b7f1d1ee67ca91eead028ed5681dca3a -> 
  custom:scripting/monoscript/fileName/PlayCardGA.cs: 5789139290271257e0b7651fe5863c2e -> 
  custom:scripting/monoscript/fileName/SRFormerlyTypeCache.cs: b7cf08609a0a042a8236322b594b8142 -> 
  custom:container-demuxer-webm: 4f35f7cbe854078d1ac9338744f61a02 -> 
  custom:scripting/monoscript/fileName/SREditorSettings.cs: 3331118a764dc5e43cc7c0d781d392d8 -> 
  custom:scripting/precompiled-assembly-types:SRDemo-Editor: 8adfbed147264f837f3a0482ccfceda7 -> 
  custom:scripting/monoscript/fileName/SRMissingTypesValidator.cs: 46bac1a342b6b1607f4b717707b04fa2 -> 
  custom:scripting/precompiled-assembly-types:SREditor: df3fe5802f2450a7160c4b4df24efb82 -> 
  custom:scripting/monoscript/fileName/CustomDataDrawer.cs: 65ff75100b510d38b07627bf3a1e89c7 -> 
  custom:scripting/monoscript/fileName/DataHolder.cs: b5fe96c290fd369c9489341d8f0c6c3f -> 
  custom:scripting/monoscript/fileName/FloatNamedData.cs: f5fca032bc29de94a8bc17bae6d6c41d -> 
  custom:scripting/monoscript/fileName/SRAttribute.cs: 789115209565033af35d3e3afd3e3310 -> 
  custom:scripting/monoscript/fileName/SRDuplicateCleaner.cs: d225ff68fd10a29da65fb6f03456bf58 -> 
  custom:scripting/monoscript/fileName/StringNamedData.cs: b9ca07eb5bf5f668f896b2406b80c50f -> 
  custom:scripting/monoscript/fileName/PrefabTest.cs: 6b21488e501f2b8de0cbf89d0ebca7f4 -> 
  custom:scripting/monoscript/fileName/FloatData.cs: a36b3dfab935a3cafd5bec620587edb1 -> 
  custom:container-muxer-webm: aa71ff27fc2769a1b78a27578f13a17b -> 
  custom:video-decoder-webm-vp8: 9c59270c3fd7afecdb556c50c9e8de78 -> 
  custom:scripting/monoscript/fileName/ComplexData.cs: a41c3c64cbd5a4249e25f8e18e449ae5 -> 
  custom:scripting/monoscript/fileName/SRMissingTypesValidatorConfig.cs: 311504d3d80993c651daaad954f1305b -> 
  custom:SearchIndexIgnoredProperties: e643bd26f0fe6173181afceb89e7c659 -> 
  custom:AudioImporter_EditorPlatform: d09bf68614088b80899f8185d706f6e7 -> 
  custom:scripting/monoscript/fileName/SRTypesSearchWindowProvider.cs: efc74559e42bc1aa7b7f5150b360d2fb -> 
  custom:scripting/monoscript/fileName/MissingTypesCleaner.cs: d3f00f379b86ec4cc811f9c87e215dd8 -> 
  custom:scripting/monoscript/fileName/SREditorSettingsProvider.cs: 37a99a0352dafd2b90ce1865506af283 -> 
  custom:scripting/monoscript/fileName/AbstractNamedData.cs: e532bceb478b1b5456b1c7ec34accfb2 -> 
  custom:scripting/monoscript/fileName/UnityLogAssetMissingTypeReport.cs: 0623721f233a6cc1458bd3d77272d40b -> 
  custom:scripting/monoscript/fileName/Effect.cs: db0847a469ed795dc13473466caf2c90 -> 
  custom:scripting/monoscript/fileName/SRCashTypeSearchTree.cs: ce95e72afce0c3503f63fc4c4d621b06 -> 
  custom:scripting/monoscript/fileName/SRHiddenAttribute.cs: b80fc48a45fff22c67246a0eb3bb2f52 -> 
  custom:scripting/monoscript/fileName/TypeInfoComparer.cs: f78e3dd8571fb435023b893ff6ab0349 -> 
  custom:scripting/monoscript/fileName/NameService.cs: 0b470d478878f04170f09ea709d96d20 -> 
  custom:scripting/monoscript/fileName/TestData.cs: 30cb1cfce572b4f2dcb721be1e0e9081 -> 
  custom:scripting/monoscript/fileName/CustomData.cs: d49523017a9f23851db158eaea2801ff -> 
  custom:scripting/monoscript/fileName/SRActionFactory.cs: 6cb7f0a6c20ec38e4610be62bfe55206 -> 
  custom:scripting/monoscript/fileName/SRAction.cs: ef58eb737e49a3b52271615452d512d9 -> 
  custom:video-encoder-webm-vp8: eb34c28f22e8b96e1ab97ce403110664 -> 
  custom:scripting/monoscript/fileName/HiddenData.cs: 1b489c97a3d23394b73da862faf88fdf -> 
  custom:audio-decoder-ogg-vorbis: bf7c407c2cedff20999df2af8eb42d56 -> 
  custom:scripting/monoscript/fileName/IntegerNamedData.cs: 608697fde81a43c41d54201b88e6e311 -> 
  custom:scripting/monoscript/fileName/AssetChangeDetector.cs: 65333c271892a57b3b74113ae0b0e6d4 -> 
  custom:scripting/monoscript/fileName/ContainerData.cs: c5dc4e9b9c3e32e43213d6d81fd37d43 -> 
  custom:scripting/monoscript/fileName/SRDrawerOptions.cs: 2b1003830d2989546caf7126adc49d41 -> 
  custom:scripting/monoscript/fileName/IAssetMissingTypeReport.cs: 22126180f057be89ffb14e06670cf701 -> 
  custom:audio-encoder-webm-vorbis: bf7c407c2cedff20999df2af8eb42d56 -> 
  custom:scripting/precompiled-assembly-types:SRDemo: 12f6be23b5d35fc375ef15de3d23d5b7 -> 
  custom:scripting/monoscript/fileName/MissingTypesLogger.cs: eac8c33766e6330de4c0a44b29a2de78 -> 
  custom:scripting/precompiled-assembly-types:Assembly-CSharp: 5aa5e0aa8c725764d1ef71a1b8ed13e2 -> e24d7867124476b8f6c482295ea6f2d1
  custom:scripting/monoscript/fileName/TypeInfoArrayComparer.cs: 4734a6743c056bda54f6256be31cb96a -> 
  custom:scripting/monoscript/fileName/ScriptableObjectTest.cs: b53441fff951350b341178933e3e23ef -> 
  custom:scripting/monoscript/fileName/ErasePropertySRAction.cs: 4b881b6741f1070c9d03f1dd87107a3b -> 
========================================================================
Received Import Request.
  Time since last request: 95.541235 seconds.
  path: Assets/Scripts/GameActions/PerformEffectGA.cs
  artifactKey: Guid(07140a95e69a8c84bbaea74cc5e47fc5) Importer(815301076,1909f56bfc062723c751e8b465ee728b)
Start importing Assets/Scripts/GameActions/PerformEffectGA.cs using Guid(07140a95e69a8c84bbaea74cc5e47fc5) Importer(815301076,1909f56bfc062723c751e8b465ee728b) [PhysX] Initialized MultithreadedTaskDispatcher with 28 workers.
 -> (artifact id: '07ccc15e98ca4409521eb4ae404b2af2') in 0.004644 seconds
Number of updated asset objects reloaded before import = 0
Number of asset objects unloaded after import = 0
========================================================================
Received Import Request.
  Time since last request: 55.173356 seconds.
  path: Assets/Scripts/GameActions/PerformEffectGA.cs
  artifactKey: Guid(07140a95e69a8c84bbaea74cc5e47fc5) Importer(815301076,1909f56bfc062723c751e8b465ee728b)
Start importing Assets/Scripts/GameActions/PerformEffectGA.cs using Guid(07140a95e69a8c84bbaea74cc5e47fc5) Importer(815301076,1909f56bfc062723c751e8b465ee728b) [PhysX] Initialized MultithreadedTaskDispatcher with 28 workers.
 -> (artifact id: '7404d1711a2052696be1c29a46715144') in 0.000407 seconds
Number of updated asset objects reloaded before import = 0
Number of asset objects unloaded after import = 0
========================================================================
Received Prepare
Assembly with name 'SRDemo' already exists (Assets/SerializeReferenceEditor/Assets/SREditor/Samples/Demo/SRDemo.asmdef)
Assembly with name 'SRDemo' already exists (Assets/Prefabs/SerializeReferenceEditor/Assets/SREditor/Samples/Demo/SRDemo.asmdef)
Assembly with name 'SREditor-Editor' already exists (Assets/SerializeReferenceEditor/Assets/SREditor/Package/Editor/SREditor-Editor.asmdef)
Assembly with name 'SREditor-Editor' already exists (Assets/Prefabs/SerializeReferenceEditor/Assets/SREditor/Package/Editor/SREditor-Editor.asmdef)
Assembly with name 'NewTest' already exists (Assets/SerializeReferenceEditor/Assets/SREditor/Samples/Demo/NewTests/NewTest.asmdef)
Assembly with name 'NewTest' already exists (Assets/Prefabs/SerializeReferenceEditor/Assets/SREditor/Samples/Demo/NewTests/NewTest.asmdef)
Assembly with name 'SREditor' already exists (Assets/Prefabs/SerializeReferenceEditor/Assets/SREditor/Package/Scripts/SREditor.asmdef)
Assembly with name 'SREditor' already exists (Assets/SerializeReferenceEditor/Assets/SREditor/Package/Scripts/SREditor.asmdef)
Assembly with name 'SRDemo-Editor' already exists (Assets/Prefabs/SerializeReferenceEditor/Assets/SREditor/Samples/Demo/Editor/SRDemo-Editor.asmdef)
Assembly with name 'SRDemo-Editor' already exists (Assets/SerializeReferenceEditor/Assets/SREditor/Samples/Demo/Editor/SRDemo-Editor.asmdef)
Caller must complete domain reload
Assembly with name 'SRDemo' already exists (Assets/SerializeReferenceEditor/Assets/SREditor/Samples/Demo/SRDemo.asmdef)
Assembly with name 'SRDemo' already exists (Assets/Prefabs/SerializeReferenceEditor/Assets/SREditor/Samples/Demo/SRDemo.asmdef)
Assembly with name 'SREditor-Editor' already exists (Assets/SerializeReferenceEditor/Assets/SREditor/Package/Editor/SREditor-Editor.asmdef)
Assembly with name 'SREditor-Editor' already exists (Assets/Prefabs/SerializeReferenceEditor/Assets/SREditor/Package/Editor/SREditor-Editor.asmdef)
Assembly with name 'NewTest' already exists (Assets/SerializeReferenceEditor/Assets/SREditor/Samples/Demo/NewTests/NewTest.asmdef)
Assembly with name 'NewTest' already exists (Assets/Prefabs/SerializeReferenceEditor/Assets/SREditor/Samples/Demo/NewTests/NewTest.asmdef)
Assembly with name 'SREditor' already exists (Assets/Prefabs/SerializeReferenceEditor/Assets/SREditor/Package/Scripts/SREditor.asmdef)
Assembly with name 'SREditor' already exists (Assets/SerializeReferenceEditor/Assets/SREditor/Package/Scripts/SREditor.asmdef)
Assembly with name 'SRDemo-Editor' already exists (Assets/Prefabs/SerializeReferenceEditor/Assets/SREditor/Samples/Demo/Editor/SRDemo-Editor.asmdef)
Assembly with name 'SRDemo-Editor' already exists (Assets/SerializeReferenceEditor/Assets/SREditor/Samples/Demo/Editor/SRDemo-Editor.asmdef)
Begin MonoManager ReloadAssembly
- Loaded All Assemblies, in  0.351 seconds
Native extension for WindowsStandalone target not found
Assembly with name 'SRDemo' already exists (Assets/SerializeReferenceEditor/Assets/SREditor/Samples/Demo/SRDemo.asmdef)
Assembly with name 'SRDemo' already exists (Assets/Prefabs/SerializeReferenceEditor/Assets/SREditor/Samples/Demo/SRDemo.asmdef)
Assembly with name 'SREditor-Editor' already exists (Assets/SerializeReferenceEditor/Assets/SREditor/Package/Editor/SREditor-Editor.asmdef)
Assembly with name 'SREditor-Editor' already exists (Assets/Prefabs/SerializeReferenceEditor/Assets/SREditor/Package/Editor/SREditor-Editor.asmdef)
Assembly with name 'NewTest' already exists (Assets/SerializeReferenceEditor/Assets/SREditor/Samples/Demo/NewTests/NewTest.asmdef)
Assembly with name 'NewTest' already exists (Assets/Prefabs/SerializeReferenceEditor/Assets/SREditor/Samples/Demo/NewTests/NewTest.asmdef)
Assembly with name 'SREditor' already exists (Assets/Prefabs/SerializeReferenceEditor/Assets/SREditor/Package/Scripts/SREditor.asmdef)
Assembly with name 'SREditor' already exists (Assets/SerializeReferenceEditor/Assets/SREditor/Package/Scripts/SREditor.asmdef)
Assembly with name 'SRDemo-Editor' already exists (Assets/Prefabs/SerializeReferenceEditor/Assets/SREditor/Samples/Demo/Editor/SRDemo-Editor.asmdef)
Assembly with name 'SRDemo-Editor' already exists (Assets/SerializeReferenceEditor/Assets/SREditor/Samples/Demo/Editor/SRDemo-Editor.asmdef)
Mono: successfully reloaded assembly
- Finished resetting the current domain, in  0.700 seconds
Domain Reload Profiling: 1051ms
	BeginReloadAssembly (124ms)
		ExecutionOrderSort (0ms)
		DisableScriptedObjects (7ms)
		BackupInstance (0ms)
		ReleaseScriptingObjects (0ms)
		CreateAndSetChildDomain (34ms)
	RebuildCommonClasses (23ms)
	RebuildNativeTypeToScriptingClass (7ms)
	initialDomainReloadingComplete (18ms)
	LoadAllAssembliesAndSetupDomain (178ms)
		LoadAssemblies (217ms)
		RebuildTransferFunctionScriptingTraits (0ms)
		AnalyzeDomain (21ms)
			TypeCache.Refresh (9ms)
				TypeCache.ScanAssembly (1ms)
			ScanForSourceGeneratedMonoScriptInfo (7ms)
			ResolveRequiredComponents (4ms)
	FinalizeReload (700ms)
		ReleaseScriptCaches (0ms)
		RebuildScriptCaches (0ms)
		SetupLoadedEditorAssemblies (434ms)
			LogAssemblyErrors (0ms)
			InitializePlatformSupportModulesInManaged (3ms)
			SetLoadedEditorAssemblies (3ms)
			RefreshPlugins (0ms)
			BeforeProcessingInitializeOnLoad (69ms)
			ProcessInitializeOnLoadAttributes (333ms)
			ProcessInitializeOnLoadMethodAttributes (25ms)
			AfterProcessingInitializeOnLoad (1ms)
			EditorAssembliesLoaded (0ms)
		ExecutionOrderSort2 (0ms)
		AwakeInstancesAfterBackupRestoration (10ms)
Refreshing native plugins compatible for Editor in 1.81 ms, found 4 plugins.
Preloading 0 native plugins for Editor in 0.00 ms.
Unloading 4326 Unused Serialized files (Serialized files now loaded: 0)
Unloading 23 unused Assets / (31.8 KB). Loaded Objects now: 4954.
Memory consumption went from 160.8 MB to 160.7 MB.
Total: 3.616500 ms (FindLiveObjects: 0.309100 ms CreateObjectMapping: 0.130800 ms MarkObjects: 3.092700 ms  DeleteObjects: 0.083200 ms)

Prepare: number of updated asset objects reloaded= 0
AssetImportParameters requested are different than current active one (requested -> active):
  custom:scripting/monoscript/fileName/SRDemoAttribute.cs: b217f8d4e07b14b9940a83b035def963 -> 
  custom:scripting/monoscript/fileName/DrawCardEffect.cs: d9cd090163e949cc8a887419c09c7761 -> 
  custom:scripting/monoscript/fileName/LoadAllScriptableObjects.cs: 8c4c4caa6c9d58a1046ba488534e615c -> 
  custom:container-demuxer-ogg: 62fdf1f143b41e24485cea50d1cbac27 -> 
  custom:scripting/monoscript/fileName/StringData.cs: 899c5872079327f54ed117fc61ea02c0 -> 
  custom:scripting/monoscript/fileName/IAssetsLoader.cs: 8d295a5e2d097f03f5f00e3441d974eb -> 
  custom:scripting/monoscript/fileName/SRTypeTreeFactory.cs: b9f0ea0d3f426034a242fccaec253fa9 -> 
  custom:scripting/monoscript/fileName/TypeReplacer.cs: ae51176d3fdd2e15067fbf3eeb4d1ffd -> 
  custom:scripting/monoscript/fileName/SRTypeCache.cs: cd51da883b797559c225dab095647981 -> 
  custom:video-codec-MediaFoundation-h265: 746d11721c4dcdbdad8f713fa42b33f4 -> 
  custom:scripting/monoscript/fileName/FormerlySerializedTypeAttribute.cs: a2ba12d6f49519a27a785cb6e7cc3b9c -> 
  custom:scripting/monoscript/fileName/IData.cs: 869deb168c5112234ead0b60061e88d4 -> 
  custom:video-decoder-ogg-theora: a1e56fd34408186e4bbccfd4996cb3dc -> 
  custom:scripting/monoscript/fileName/TypeInfo.cs: 3a9ce2b1121b5df65b59d03380de4ab6 -> 
  custom:scripting/monoscript/fileName/InstanceClassSRAction.cs: 78c0331d959a99a60c1adff7e81d3862 -> 
  custom:framework-win-MediaFoundation: 216162199b28c13a410421893ffa2e32 -> 
  custom:scripting/monoscript/fileName/NewBehaviourScript.cs: b21687ddb03d73bd9f0c1daecb9714de -> 
  custom:scripting/monoscript/fileName/ScriptableObjectTestData.cs: 56e0c1e05ef2b3e0ecda33fad772a283 -> 
  custom:scripting/precompiled-assembly-types:SREditor-Editor: 55b5456b5630cab223524f958b1d591b -> 
  custom:scripting/monoscript/fileName/SRDrawer.cs: cbea2dac214fbebe88c1bdc69ad4b45f -> 
  custom:scripting/monoscript/fileName/SRNameAttribute.cs: 1b1dbd11348e161435c454df7cc85608 -> 
  custom:scripting/monoscript/fileName/AbstractData.cs: c2fc160bd7af24ef3912d4546ba164da -> 
  custom:scripting/monoscript/fileName/DataList.cs: ac707c81ae30f006632cf7b337900264 -> 
  custom:scripting/precompiled-assembly-types:NewTest: 1f1ee7a59c4c112b0ac23a43c8848db5 -> 
  custom:scripting/monoscript/fileName/TypeReplaceHelper.cs: 5061a70e5cba90a2f93fbaca5002d92c -> 
  custom:CustomObjectIndexerAttribute: 9a22284fe3817be447336de3de66b15e -> 
  custom:scripting/monoscript/fileName/IntegerData.cs: be3d36b532f74a94814765d5582dd467 -> 
  custom:scripting/monoscript/fileName/TypeReplacerWindow.cs: c75b82325a10408dedd0b6359fe6ec16 -> 
  custom:scripting/monoscript/fileName/NewTestData.cs: d4cd3933424ead977ec2d13d82f8bf32 -> 
  custom:scripting/monoscript/fileName/StringInterfaceData.cs: 3d50b8fc8dd0f40f14ecec98ae9d71bf -> 
  custom:scripting/monoscript/fileName/ProcessingCoordinator.cs: a2cc59e2f1bdaa862f8699f5126d0c16 -> 
  custom:scripting/monoscript/fileName/PerformEffectGA.cs: 7b9d563e7db0f9ce1c3e652db6ec3676 -> 
  custom:scripting/monoscript/fileName/PlayCardGA.cs: 5789139290271257e0b7651fe5863c2e -> 
  custom:scripting/monoscript/fileName/SRFormerlyTypeCache.cs: b7cf08609a0a042a8236322b594b8142 -> 
  custom:container-demuxer-webm: 4f35f7cbe854078d1ac9338744f61a02 -> 
  custom:scripting/monoscript/fileName/SREditorSettings.cs: 3331118a764dc5e43cc7c0d781d392d8 -> 
  custom:scripting/precompiled-assembly-types:SRDemo-Editor: 8adfbed147264f837f3a0482ccfceda7 -> 
  custom:scripting/monoscript/fileName/SRMissingTypesValidator.cs: 46bac1a342b6b1607f4b717707b04fa2 -> 
  custom:scripting/precompiled-assembly-types:SREditor: df3fe5802f2450a7160c4b4df24efb82 -> 
  custom:scripting/monoscript/fileName/CustomDataDrawer.cs: 65ff75100b510d38b07627bf3a1e89c7 -> 
  custom:scripting/monoscript/fileName/DataHolder.cs: b5fe96c290fd369c9489341d8f0c6c3f -> 
  custom:scripting/monoscript/fileName/FloatNamedData.cs: f5fca032bc29de94a8bc17bae6d6c41d -> 
  custom:scripting/monoscript/fileName/SRAttribute.cs: 789115209565033af35d3e3afd3e3310 -> 
  custom:scripting/monoscript/fileName/SRDuplicateCleaner.cs: d225ff68fd10a29da65fb6f03456bf58 -> 
  custom:scripting/monoscript/fileName/StringNamedData.cs: b9ca07eb5bf5f668f896b2406b80c50f -> 
  custom:scripting/monoscript/fileName/PrefabTest.cs: 6b21488e501f2b8de0cbf89d0ebca7f4 -> 
  custom:scripting/monoscript/fileName/FloatData.cs: a36b3dfab935a3cafd5bec620587edb1 -> 
  custom:container-muxer-webm: aa71ff27fc2769a1b78a27578f13a17b -> 
  custom:video-decoder-webm-vp8: 9c59270c3fd7afecdb556c50c9e8de78 -> 
  custom:scripting/monoscript/fileName/ComplexData.cs: a41c3c64cbd5a4249e25f8e18e449ae5 -> 
  custom:scripting/monoscript/fileName/SRMissingTypesValidatorConfig.cs: 311504d3d80993c651daaad954f1305b -> 
  custom:SearchIndexIgnoredProperties: e643bd26f0fe6173181afceb89e7c659 -> 
  custom:AudioImporter_EditorPlatform: d09bf68614088b80899f8185d706f6e7 -> 
  custom:scripting/monoscript/fileName/SRTypesSearchWindowProvider.cs: efc74559e42bc1aa7b7f5150b360d2fb -> 
  custom:scripting/monoscript/fileName/MissingTypesCleaner.cs: d3f00f379b86ec4cc811f9c87e215dd8 -> 
  custom:scripting/monoscript/fileName/SREditorSettingsProvider.cs: 37a99a0352dafd2b90ce1865506af283 -> 
  custom:scripting/monoscript/fileName/AbstractNamedData.cs: e532bceb478b1b5456b1c7ec34accfb2 -> 
  custom:scripting/monoscript/fileName/UnityLogAssetMissingTypeReport.cs: 0623721f233a6cc1458bd3d77272d40b -> 
  custom:scripting/monoscript/fileName/Effect.cs: db0847a469ed795dc13473466caf2c90 -> 
  custom:scripting/monoscript/fileName/SRCashTypeSearchTree.cs: ce95e72afce0c3503f63fc4c4d621b06 -> 
  custom:scripting/monoscript/fileName/SRHiddenAttribute.cs: b80fc48a45fff22c67246a0eb3bb2f52 -> 
  custom:scripting/monoscript/fileName/TypeInfoComparer.cs: f78e3dd8571fb435023b893ff6ab0349 -> 
  custom:scripting/monoscript/fileName/NameService.cs: 0b470d478878f04170f09ea709d96d20 -> 
  custom:scripting/monoscript/fileName/TestData.cs: 30cb1cfce572b4f2dcb721be1e0e9081 -> 
  custom:scripting/monoscript/fileName/CustomData.cs: d49523017a9f23851db158eaea2801ff -> 
  custom:scripting/monoscript/fileName/SRActionFactory.cs: 6cb7f0a6c20ec38e4610be62bfe55206 -> 
  custom:scripting/monoscript/fileName/SRAction.cs: ef58eb737e49a3b52271615452d512d9 -> 
  custom:video-encoder-webm-vp8: eb34c28f22e8b96e1ab97ce403110664 -> 
  custom:scripting/monoscript/fileName/HiddenData.cs: 1b489c97a3d23394b73da862faf88fdf -> 
  custom:audio-decoder-ogg-vorbis: bf7c407c2cedff20999df2af8eb42d56 -> 
  custom:scripting/monoscript/fileName/IntegerNamedData.cs: 608697fde81a43c41d54201b88e6e311 -> 
  custom:scripting/monoscript/fileName/AssetChangeDetector.cs: 65333c271892a57b3b74113ae0b0e6d4 -> 
  custom:scripting/monoscript/fileName/ContainerData.cs: c5dc4e9b9c3e32e43213d6d81fd37d43 -> 
  custom:scripting/monoscript/fileName/SRDrawerOptions.cs: 2b1003830d2989546caf7126adc49d41 -> 
  custom:scripting/monoscript/fileName/IAssetMissingTypeReport.cs: 22126180f057be89ffb14e06670cf701 -> 
  custom:audio-encoder-webm-vorbis: bf7c407c2cedff20999df2af8eb42d56 -> 
  custom:scripting/precompiled-assembly-types:SRDemo: 12f6be23b5d35fc375ef15de3d23d5b7 -> 
  custom:scripting/monoscript/fileName/MissingTypesLogger.cs: eac8c33766e6330de4c0a44b29a2de78 -> 
  custom:scripting/precompiled-assembly-types:Assembly-CSharp: b8738daa09b9acf303f09c4ce4899e9c -> e24d7867124476b8f6c482295ea6f2d1
  custom:scripting/monoscript/fileName/TypeInfoArrayComparer.cs: 4734a6743c056bda54f6256be31cb96a -> 
  custom:scripting/monoscript/fileName/ScriptableObjectTest.cs: b53441fff951350b341178933e3e23ef -> 
  custom:scripting/monoscript/fileName/ErasePropertySRAction.cs: 4b881b6741f1070c9d03f1dd87107a3b -> 
========================================================================
Received Import Request.
  Time since last request: 148.979164 seconds.
  path: Assets/Scripts/Systems/EffectSystem.cs
  artifactKey: Guid(1921a86c30528ef49bfe98bd7681affe) Importer(815301076,1909f56bfc062723c751e8b465ee728b)
Start importing Assets/Scripts/Systems/EffectSystem.cs using Guid(1921a86c30528ef49bfe98bd7681affe) Importer(815301076,1909f56bfc062723c751e8b465ee728b) [PhysX] Initialized MultithreadedTaskDispatcher with 28 workers.
 -> (artifact id: '3dd5ba0bbd131816c14ea09e0b41cd2b') in 0.002716 seconds
Number of updated asset objects reloaded before import = 0
Number of asset objects unloaded after import = 0
========================================================================
Received Prepare
Assembly with name 'SRDemo' already exists (Assets/SerializeReferenceEditor/Assets/SREditor/Samples/Demo/SRDemo.asmdef)
Assembly with name 'SRDemo' already exists (Assets/Prefabs/SerializeReferenceEditor/Assets/SREditor/Samples/Demo/SRDemo.asmdef)
Assembly with name 'SREditor-Editor' already exists (Assets/SerializeReferenceEditor/Assets/SREditor/Package/Editor/SREditor-Editor.asmdef)
Assembly with name 'SREditor-Editor' already exists (Assets/Prefabs/SerializeReferenceEditor/Assets/SREditor/Package/Editor/SREditor-Editor.asmdef)
Assembly with name 'NewTest' already exists (Assets/SerializeReferenceEditor/Assets/SREditor/Samples/Demo/NewTests/NewTest.asmdef)
Assembly with name 'NewTest' already exists (Assets/Prefabs/SerializeReferenceEditor/Assets/SREditor/Samples/Demo/NewTests/NewTest.asmdef)
Assembly with name 'SREditor' already exists (Assets/Prefabs/SerializeReferenceEditor/Assets/SREditor/Package/Scripts/SREditor.asmdef)
Assembly with name 'SREditor' already exists (Assets/SerializeReferenceEditor/Assets/SREditor/Package/Scripts/SREditor.asmdef)
Assembly with name 'SRDemo-Editor' already exists (Assets/Prefabs/SerializeReferenceEditor/Assets/SREditor/Samples/Demo/Editor/SRDemo-Editor.asmdef)
Assembly with name 'SRDemo-Editor' already exists (Assets/SerializeReferenceEditor/Assets/SREditor/Samples/Demo/Editor/SRDemo-Editor.asmdef)
Caller must complete domain reload
Assembly with name 'SRDemo' already exists (Assets/SerializeReferenceEditor/Assets/SREditor/Samples/Demo/SRDemo.asmdef)
Assembly with name 'SRDemo' already exists (Assets/Prefabs/SerializeReferenceEditor/Assets/SREditor/Samples/Demo/SRDemo.asmdef)
Assembly with name 'SREditor-Editor' already exists (Assets/SerializeReferenceEditor/Assets/SREditor/Package/Editor/SREditor-Editor.asmdef)
Assembly with name 'SREditor-Editor' already exists (Assets/Prefabs/SerializeReferenceEditor/Assets/SREditor/Package/Editor/SREditor-Editor.asmdef)
Assembly with name 'NewTest' already exists (Assets/SerializeReferenceEditor/Assets/SREditor/Samples/Demo/NewTests/NewTest.asmdef)
Assembly with name 'NewTest' already exists (Assets/Prefabs/SerializeReferenceEditor/Assets/SREditor/Samples/Demo/NewTests/NewTest.asmdef)
Assembly with name 'SREditor' already exists (Assets/Prefabs/SerializeReferenceEditor/Assets/SREditor/Package/Scripts/SREditor.asmdef)
Assembly with name 'SREditor' already exists (Assets/SerializeReferenceEditor/Assets/SREditor/Package/Scripts/SREditor.asmdef)
Assembly with name 'SRDemo-Editor' already exists (Assets/Prefabs/SerializeReferenceEditor/Assets/SREditor/Samples/Demo/Editor/SRDemo-Editor.asmdef)
Assembly with name 'SRDemo-Editor' already exists (Assets/SerializeReferenceEditor/Assets/SREditor/Samples/Demo/Editor/SRDemo-Editor.asmdef)
Begin MonoManager ReloadAssembly
- Loaded All Assemblies, in  0.343 seconds
Native extension for WindowsStandalone target not found
Assembly with name 'SRDemo' already exists (Assets/SerializeReferenceEditor/Assets/SREditor/Samples/Demo/SRDemo.asmdef)
Assembly with name 'SRDemo' already exists (Assets/Prefabs/SerializeReferenceEditor/Assets/SREditor/Samples/Demo/SRDemo.asmdef)
Assembly with name 'SREditor-Editor' already exists (Assets/SerializeReferenceEditor/Assets/SREditor/Package/Editor/SREditor-Editor.asmdef)
Assembly with name 'SREditor-Editor' already exists (Assets/Prefabs/SerializeReferenceEditor/Assets/SREditor/Package/Editor/SREditor-Editor.asmdef)
Assembly with name 'NewTest' already exists (Assets/SerializeReferenceEditor/Assets/SREditor/Samples/Demo/NewTests/NewTest.asmdef)
Assembly with name 'NewTest' already exists (Assets/Prefabs/SerializeReferenceEditor/Assets/SREditor/Samples/Demo/NewTests/NewTest.asmdef)
Assembly with name 'SREditor' already exists (Assets/Prefabs/SerializeReferenceEditor/Assets/SREditor/Package/Scripts/SREditor.asmdef)
Assembly with name 'SREditor' already exists (Assets/SerializeReferenceEditor/Assets/SREditor/Package/Scripts/SREditor.asmdef)
Assembly with name 'SRDemo-Editor' already exists (Assets/Prefabs/SerializeReferenceEditor/Assets/SREditor/Samples/Demo/Editor/SRDemo-Editor.asmdef)
Assembly with name 'SRDemo-Editor' already exists (Assets/SerializeReferenceEditor/Assets/SREditor/Samples/Demo/Editor/SRDemo-Editor.asmdef)
Mono: successfully reloaded assembly
- Finished resetting the current domain, in  0.791 seconds
Domain Reload Profiling: 1133ms
	BeginReloadAssembly (118ms)
		ExecutionOrderSort (0ms)
		DisableScriptedObjects (7ms)
		BackupInstance (0ms)
		ReleaseScriptingObjects (0ms)
		CreateAndSetChildDomain (32ms)
	RebuildCommonClasses (23ms)
	RebuildNativeTypeToScriptingClass (7ms)
	initialDomainReloadingComplete (18ms)
	LoadAllAssembliesAndSetupDomain (175ms)
		LoadAssemblies (210ms)
		RebuildTransferFunctionScriptingTraits (0ms)
		AnalyzeDomain (21ms)
			TypeCache.Refresh (9ms)
				TypeCache.ScanAssembly (1ms)
			ScanForSourceGeneratedMonoScriptInfo (6ms)
			ResolveRequiredComponents (4ms)
	FinalizeReload (791ms)
		ReleaseScriptCaches (0ms)
		RebuildScriptCaches (0ms)
		SetupLoadedEditorAssemblies (479ms)
			LogAssemblyErrors (0ms)
			InitializePlatformSupportModulesInManaged (4ms)
			SetLoadedEditorAssemblies (3ms)
			RefreshPlugins (0ms)
			BeforeProcessingInitializeOnLoad (73ms)
			ProcessInitializeOnLoadAttributes (360ms)
			ProcessInitializeOnLoadMethodAttributes (37ms)
			AfterProcessingInitializeOnLoad (2ms)
			EditorAssembliesLoaded (0ms)
		ExecutionOrderSort2 (0ms)
		AwakeInstancesAfterBackupRestoration (12ms)
Refreshing native plugins compatible for Editor in 2.90 ms, found 4 plugins.
Preloading 0 native plugins for Editor in 0.00 ms.
Unloading 4327 Unused Serialized files (Serialized files now loaded: 0)
Unloading 23 unused Assets / (31.8 KB). Loaded Objects now: 4960.
Memory consumption went from 160.8 MB to 160.7 MB.
Total: 3.753300 ms (FindLiveObjects: 0.499400 ms CreateObjectMapping: 0.221300 ms MarkObjects: 2.975900 ms  DeleteObjects: 0.054300 ms)

Prepare: number of updated asset objects reloaded= 0
AssetImportParameters requested are different than current active one (requested -> active):
  custom:scripting/monoscript/fileName/SRDemoAttribute.cs: b217f8d4e07b14b9940a83b035def963 -> 
  custom:scripting/monoscript/fileName/DrawCardEffect.cs: d9cd090163e949cc8a887419c09c7761 -> 
  custom:scripting/monoscript/fileName/LoadAllScriptableObjects.cs: 8c4c4caa6c9d58a1046ba488534e615c -> 
  custom:container-demuxer-ogg: 62fdf1f143b41e24485cea50d1cbac27 -> 
  custom:scripting/monoscript/fileName/StringData.cs: 899c5872079327f54ed117fc61ea02c0 -> 
  custom:scripting/monoscript/fileName/IAssetsLoader.cs: 8d295a5e2d097f03f5f00e3441d974eb -> 
  custom:scripting/monoscript/fileName/SRTypeTreeFactory.cs: b9f0ea0d3f426034a242fccaec253fa9 -> 
  custom:scripting/monoscript/fileName/TypeReplacer.cs: ae51176d3fdd2e15067fbf3eeb4d1ffd -> 
  custom:scripting/monoscript/fileName/SRTypeCache.cs: cd51da883b797559c225dab095647981 -> 
  custom:video-codec-MediaFoundation-h265: 746d11721c4dcdbdad8f713fa42b33f4 -> 
  custom:scripting/monoscript/fileName/FormerlySerializedTypeAttribute.cs: a2ba12d6f49519a27a785cb6e7cc3b9c -> 
  custom:scripting/monoscript/fileName/IData.cs: 869deb168c5112234ead0b60061e88d4 -> 
  custom:video-decoder-ogg-theora: a1e56fd34408186e4bbccfd4996cb3dc -> 
  custom:scripting/monoscript/fileName/TypeInfo.cs: 3a9ce2b1121b5df65b59d03380de4ab6 -> 
  custom:scripting/monoscript/fileName/InstanceClassSRAction.cs: 78c0331d959a99a60c1adff7e81d3862 -> 
  custom:framework-win-MediaFoundation: 216162199b28c13a410421893ffa2e32 -> 
  custom:scripting/monoscript/fileName/NewBehaviourScript.cs: b21687ddb03d73bd9f0c1daecb9714de -> 
  custom:scripting/monoscript/fileName/ScriptableObjectTestData.cs: 56e0c1e05ef2b3e0ecda33fad772a283 -> 
  custom:scripting/monoscript/fileName/EffectSystem.cs: b0ad6e16ec836c7041e32797dc41491c -> 
  custom:scripting/precompiled-assembly-types:SREditor-Editor: 55b5456b5630cab223524f958b1d591b -> 
  custom:scripting/monoscript/fileName/SRDrawer.cs: cbea2dac214fbebe88c1bdc69ad4b45f -> 
  custom:scripting/monoscript/fileName/SRNameAttribute.cs: 1b1dbd11348e161435c454df7cc85608 -> 
  custom:scripting/monoscript/fileName/AbstractData.cs: c2fc160bd7af24ef3912d4546ba164da -> 
  custom:scripting/monoscript/fileName/DataList.cs: ac707c81ae30f006632cf7b337900264 -> 
  custom:scripting/precompiled-assembly-types:NewTest: 1f1ee7a59c4c112b0ac23a43c8848db5 -> 
  custom:scripting/monoscript/fileName/TypeReplaceHelper.cs: 5061a70e5cba90a2f93fbaca5002d92c -> 
  custom:CustomObjectIndexerAttribute: 9a22284fe3817be447336de3de66b15e -> 
  custom:scripting/monoscript/fileName/IntegerData.cs: be3d36b532f74a94814765d5582dd467 -> 
  custom:scripting/monoscript/fileName/TypeReplacerWindow.cs: c75b82325a10408dedd0b6359fe6ec16 -> 
  custom:scripting/monoscript/fileName/NewTestData.cs: d4cd3933424ead977ec2d13d82f8bf32 -> 
  custom:scripting/monoscript/fileName/StringInterfaceData.cs: 3d50b8fc8dd0f40f14ecec98ae9d71bf -> 
  custom:scripting/monoscript/fileName/ProcessingCoordinator.cs: a2cc59e2f1bdaa862f8699f5126d0c16 -> 
  custom:scripting/monoscript/fileName/PerformEffectGA.cs: 7b9d563e7db0f9ce1c3e652db6ec3676 -> 
  custom:scripting/monoscript/fileName/PlayCardGA.cs: 5789139290271257e0b7651fe5863c2e -> 
  custom:scripting/monoscript/fileName/SRFormerlyTypeCache.cs: b7cf08609a0a042a8236322b594b8142 -> 
  custom:container-demuxer-webm: 4f35f7cbe854078d1ac9338744f61a02 -> 
  custom:scripting/monoscript/fileName/SREditorSettings.cs: 3331118a764dc5e43cc7c0d781d392d8 -> 
  custom:scripting/precompiled-assembly-types:SRDemo-Editor: 8adfbed147264f837f3a0482ccfceda7 -> 
  custom:scripting/monoscript/fileName/SRMissingTypesValidator.cs: 46bac1a342b6b1607f4b717707b04fa2 -> 
  custom:scripting/precompiled-assembly-types:SREditor: df3fe5802f2450a7160c4b4df24efb82 -> 
  custom:scripting/monoscript/fileName/CustomDataDrawer.cs: 65ff75100b510d38b07627bf3a1e89c7 -> 
  custom:scripting/monoscript/fileName/DataHolder.cs: b5fe96c290fd369c9489341d8f0c6c3f -> 
  custom:scripting/monoscript/fileName/FloatNamedData.cs: f5fca032bc29de94a8bc17bae6d6c41d -> 
  custom:scripting/monoscript/fileName/SRAttribute.cs: 789115209565033af35d3e3afd3e3310 -> 
  custom:scripting/monoscript/fileName/SRDuplicateCleaner.cs: d225ff68fd10a29da65fb6f03456bf58 -> 
  custom:scripting/monoscript/fileName/StringNamedData.cs: b9ca07eb5bf5f668f896b2406b80c50f -> 
  custom:scripting/monoscript/fileName/PrefabTest.cs: 6b21488e501f2b8de0cbf89d0ebca7f4 -> 
  custom:scripting/monoscript/fileName/FloatData.cs: a36b3dfab935a3cafd5bec620587edb1 -> 
  custom:container-muxer-webm: aa71ff27fc2769a1b78a27578f13a17b -> 
  custom:video-decoder-webm-vp8: 9c59270c3fd7afecdb556c50c9e8de78 -> 
  custom:scripting/monoscript/fileName/ComplexData.cs: a41c3c64cbd5a4249e25f8e18e449ae5 -> 
  custom:scripting/monoscript/fileName/SRMissingTypesValidatorConfig.cs: 311504d3d80993c651daaad954f1305b -> 
  custom:SearchIndexIgnoredProperties: e643bd26f0fe6173181afceb89e7c659 -> 
  custom:AudioImporter_EditorPlatform: d09bf68614088b80899f8185d706f6e7 -> 
  custom:scripting/monoscript/fileName/SRTypesSearchWindowProvider.cs: efc74559e42bc1aa7b7f5150b360d2fb -> 
  custom:scripting/monoscript/fileName/MissingTypesCleaner.cs: d3f00f379b86ec4cc811f9c87e215dd8 -> 
  custom:scripting/monoscript/fileName/SREditorSettingsProvider.cs: 37a99a0352dafd2b90ce1865506af283 -> 
  custom:scripting/monoscript/fileName/AbstractNamedData.cs: e532bceb478b1b5456b1c7ec34accfb2 -> 
  custom:scripting/monoscript/fileName/UnityLogAssetMissingTypeReport.cs: 0623721f233a6cc1458bd3d77272d40b -> 
  custom:scripting/monoscript/fileName/Effect.cs: db0847a469ed795dc13473466caf2c90 -> 
  custom:scripting/monoscript/fileName/SRCashTypeSearchTree.cs: ce95e72afce0c3503f63fc4c4d621b06 -> 
  custom:scripting/monoscript/fileName/SRHiddenAttribute.cs: b80fc48a45fff22c67246a0eb3bb2f52 -> 
  custom:scripting/monoscript/fileName/TypeInfoComparer.cs: f78e3dd8571fb435023b893ff6ab0349 -> 
  custom:scripting/monoscript/fileName/NameService.cs: 0b470d478878f04170f09ea709d96d20 -> 
  custom:scripting/monoscript/fileName/TestData.cs: 30cb1cfce572b4f2dcb721be1e0e9081 -> 
  custom:scripting/monoscript/fileName/CustomData.cs: d49523017a9f23851db158eaea2801ff -> 
  custom:scripting/monoscript/fileName/SRActionFactory.cs: 6cb7f0a6c20ec38e4610be62bfe55206 -> 
  custom:scripting/monoscript/fileName/SRAction.cs: ef58eb737e49a3b52271615452d512d9 -> 
  custom:video-encoder-webm-vp8: eb34c28f22e8b96e1ab97ce403110664 -> 
  custom:scripting/monoscript/fileName/HiddenData.cs: 1b489c97a3d23394b73da862faf88fdf -> 
  custom:audio-decoder-ogg-vorbis: bf7c407c2cedff20999df2af8eb42d56 -> 
  custom:scripting/monoscript/fileName/IntegerNamedData.cs: 608697fde81a43c41d54201b88e6e311 -> 
  custom:scripting/monoscript/fileName/AssetChangeDetector.cs: 65333c271892a57b3b74113ae0b0e6d4 -> 
  custom:scripting/monoscript/fileName/ContainerData.cs: c5dc4e9b9c3e32e43213d6d81fd37d43 -> 
  custom:scripting/monoscript/fileName/SRDrawerOptions.cs: 2b1003830d2989546caf7126adc49d41 -> 
  custom:scripting/monoscript/fileName/IAssetMissingTypeReport.cs: 22126180f057be89ffb14e06670cf701 -> 
  custom:audio-encoder-webm-vorbis: bf7c407c2cedff20999df2af8eb42d56 -> 
  custom:scripting/precompiled-assembly-types:SRDemo: 12f6be23b5d35fc375ef15de3d23d5b7 -> 
  custom:scripting/monoscript/fileName/MissingTypesLogger.cs: eac8c33766e6330de4c0a44b29a2de78 -> 
  custom:scripting/precompiled-assembly-types:Assembly-CSharp: 39f86e0a0c736f791113ab5b6fb5c9be -> e24d7867124476b8f6c482295ea6f2d1
  custom:scripting/monoscript/fileName/TypeInfoArrayComparer.cs: 4734a6743c056bda54f6256be31cb96a -> 
  custom:scripting/monoscript/fileName/ScriptableObjectTest.cs: b53441fff951350b341178933e3e23ef -> 
  custom:scripting/monoscript/fileName/ErasePropertySRAction.cs: 4b881b6741f1070c9d03f1dd87107a3b -> 
========================================================================
Received Import Request.
  Time since last request: 4.670456 seconds.
  path: Assets/Scripts/Systems/EffectSystem.cs
  artifactKey: Guid(1921a86c30528ef49bfe98bd7681affe) Importer(815301076,1909f56bfc062723c751e8b465ee728b)
Start importing Assets/Scripts/Systems/EffectSystem.cs using Guid(1921a86c30528ef49bfe98bd7681affe) Importer(815301076,1909f56bfc062723c751e8b465ee728b) [PhysX] Initialized MultithreadedTaskDispatcher with 28 workers.
 -> (artifact id: '4eae594976d523a584ce7747574056dd') in 0.002998 seconds
Number of updated asset objects reloaded before import = 0
Number of asset objects unloaded after import = 0
========================================================================
Received Prepare
Assembly with name 'SRDemo' already exists (Assets/SerializeReferenceEditor/Assets/SREditor/Samples/Demo/SRDemo.asmdef)
Assembly with name 'SRDemo' already exists (Assets/Prefabs/SerializeReferenceEditor/Assets/SREditor/Samples/Demo/SRDemo.asmdef)
Assembly with name 'SREditor-Editor' already exists (Assets/SerializeReferenceEditor/Assets/SREditor/Package/Editor/SREditor-Editor.asmdef)
Assembly with name 'SREditor-Editor' already exists (Assets/Prefabs/SerializeReferenceEditor/Assets/SREditor/Package/Editor/SREditor-Editor.asmdef)
Assembly with name 'NewTest' already exists (Assets/SerializeReferenceEditor/Assets/SREditor/Samples/Demo/NewTests/NewTest.asmdef)
Assembly with name 'NewTest' already exists (Assets/Prefabs/SerializeReferenceEditor/Assets/SREditor/Samples/Demo/NewTests/NewTest.asmdef)
Assembly with name 'SREditor' already exists (Assets/Prefabs/SerializeReferenceEditor/Assets/SREditor/Package/Scripts/SREditor.asmdef)
Assembly with name 'SREditor' already exists (Assets/SerializeReferenceEditor/Assets/SREditor/Package/Scripts/SREditor.asmdef)
Assembly with name 'SRDemo-Editor' already exists (Assets/Prefabs/SerializeReferenceEditor/Assets/SREditor/Samples/Demo/Editor/SRDemo-Editor.asmdef)
Assembly with name 'SRDemo-Editor' already exists (Assets/SerializeReferenceEditor/Assets/SREditor/Samples/Demo/Editor/SRDemo-Editor.asmdef)
Caller must complete domain reload
Assembly with name 'SRDemo' already exists (Assets/SerializeReferenceEditor/Assets/SREditor/Samples/Demo/SRDemo.asmdef)
Assembly with name 'SRDemo' already exists (Assets/Prefabs/SerializeReferenceEditor/Assets/SREditor/Samples/Demo/SRDemo.asmdef)
Assembly with name 'SREditor-Editor' already exists (Assets/SerializeReferenceEditor/Assets/SREditor/Package/Editor/SREditor-Editor.asmdef)
Assembly with name 'SREditor-Editor' already exists (Assets/Prefabs/SerializeReferenceEditor/Assets/SREditor/Package/Editor/SREditor-Editor.asmdef)
Assembly with name 'NewTest' already exists (Assets/SerializeReferenceEditor/Assets/SREditor/Samples/Demo/NewTests/NewTest.asmdef)
Assembly with name 'NewTest' already exists (Assets/Prefabs/SerializeReferenceEditor/Assets/SREditor/Samples/Demo/NewTests/NewTest.asmdef)
Assembly with name 'SREditor' already exists (Assets/Prefabs/SerializeReferenceEditor/Assets/SREditor/Package/Scripts/SREditor.asmdef)
Assembly with name 'SREditor' already exists (Assets/SerializeReferenceEditor/Assets/SREditor/Package/Scripts/SREditor.asmdef)
Assembly with name 'SRDemo-Editor' already exists (Assets/Prefabs/SerializeReferenceEditor/Assets/SREditor/Samples/Demo/Editor/SRDemo-Editor.asmdef)
Assembly with name 'SRDemo-Editor' already exists (Assets/SerializeReferenceEditor/Assets/SREditor/Samples/Demo/Editor/SRDemo-Editor.asmdef)
Begin MonoManager ReloadAssembly
- Loaded All Assemblies, in  0.411 seconds
Native extension for WindowsStandalone target not found
Assembly with name 'SRDemo' already exists (Assets/SerializeReferenceEditor/Assets/SREditor/Samples/Demo/SRDemo.asmdef)
Assembly with name 'SRDemo' already exists (Assets/Prefabs/SerializeReferenceEditor/Assets/SREditor/Samples/Demo/SRDemo.asmdef)
Assembly with name 'SREditor-Editor' already exists (Assets/SerializeReferenceEditor/Assets/SREditor/Package/Editor/SREditor-Editor.asmdef)
Assembly with name 'SREditor-Editor' already exists (Assets/Prefabs/SerializeReferenceEditor/Assets/SREditor/Package/Editor/SREditor-Editor.asmdef)
Assembly with name 'NewTest' already exists (Assets/SerializeReferenceEditor/Assets/SREditor/Samples/Demo/NewTests/NewTest.asmdef)
Assembly with name 'NewTest' already exists (Assets/Prefabs/SerializeReferenceEditor/Assets/SREditor/Samples/Demo/NewTests/NewTest.asmdef)
Assembly with name 'SREditor' already exists (Assets/Prefabs/SerializeReferenceEditor/Assets/SREditor/Package/Scripts/SREditor.asmdef)
Assembly with name 'SREditor' already exists (Assets/SerializeReferenceEditor/Assets/SREditor/Package/Scripts/SREditor.asmdef)
Assembly with name 'SRDemo-Editor' already exists (Assets/Prefabs/SerializeReferenceEditor/Assets/SREditor/Samples/Demo/Editor/SRDemo-Editor.asmdef)
Assembly with name 'SRDemo-Editor' already exists (Assets/SerializeReferenceEditor/Assets/SREditor/Samples/Demo/Editor/SRDemo-Editor.asmdef)
Mono: successfully reloaded assembly
- Finished resetting the current domain, in  0.850 seconds
Domain Reload Profiling: 1262ms
	BeginReloadAssembly (131ms)
		ExecutionOrderSort (0ms)
		DisableScriptedObjects (8ms)
		BackupInstance (0ms)
		ReleaseScriptingObjects (0ms)
		CreateAndSetChildDomain (34ms)
	RebuildCommonClasses (25ms)
	RebuildNativeTypeToScriptingClass (8ms)
	initialDomainReloadingComplete (20ms)
	LoadAllAssembliesAndSetupDomain (226ms)
		LoadAssemblies (265ms)
		RebuildTransferFunctionScriptingTraits (0ms)
		AnalyzeDomain (25ms)
			TypeCache.Refresh (12ms)
				TypeCache.ScanAssembly (1ms)
			ScanForSourceGeneratedMonoScriptInfo (8ms)
			ResolveRequiredComponents (4ms)
	FinalizeReload (851ms)
		ReleaseScriptCaches (0ms)
		RebuildScriptCaches (0ms)
		SetupLoadedEditorAssemblies (433ms)
			LogAssemblyErrors (0ms)
			InitializePlatformSupportModulesInManaged (3ms)
			SetLoadedEditorAssemblies (4ms)
			RefreshPlugins (0ms)
			BeforeProcessingInitializeOnLoad (72ms)
			ProcessInitializeOnLoadAttributes (322ms)
			ProcessInitializeOnLoadMethodAttributes (30ms)
			AfterProcessingInitializeOnLoad (2ms)
			EditorAssembliesLoaded (0ms)
		ExecutionOrderSort2 (0ms)
		AwakeInstancesAfterBackupRestoration (10ms)
Refreshing native plugins compatible for Editor in 1.82 ms, found 4 plugins.
Preloading 0 native plugins for Editor in 0.00 ms.
Unloading 4327 Unused Serialized files (Serialized files now loaded: 0)
Unloading 23 unused Assets / (31.8 KB). Loaded Objects now: 4965.
Memory consumption went from 160.8 MB to 160.7 MB.
Total: 3.957800 ms (FindLiveObjects: 0.310800 ms CreateObjectMapping: 0.065000 ms MarkObjects: 3.462600 ms  DeleteObjects: 0.118200 ms)

Prepare: number of updated asset objects reloaded= 0
AssetImportParameters requested are different than current active one (requested -> active):
  custom:scripting/monoscript/fileName/SRDemoAttribute.cs: b217f8d4e07b14b9940a83b035def963 -> 
  custom:scripting/monoscript/fileName/DrawCardEffect.cs: d9cd090163e949cc8a887419c09c7761 -> 
  custom:scripting/monoscript/fileName/LoadAllScriptableObjects.cs: 8c4c4caa6c9d58a1046ba488534e615c -> 
  custom:container-demuxer-ogg: 62fdf1f143b41e24485cea50d1cbac27 -> 
  custom:scripting/monoscript/fileName/StringData.cs: 899c5872079327f54ed117fc61ea02c0 -> 
  custom:scripting/monoscript/fileName/IAssetsLoader.cs: 8d295a5e2d097f03f5f00e3441d974eb -> 
  custom:scripting/monoscript/fileName/SRTypeTreeFactory.cs: b9f0ea0d3f426034a242fccaec253fa9 -> 
  custom:scripting/monoscript/fileName/TypeReplacer.cs: ae51176d3fdd2e15067fbf3eeb4d1ffd -> 
  custom:scripting/monoscript/fileName/SRTypeCache.cs: cd51da883b797559c225dab095647981 -> 
  custom:video-codec-MediaFoundation-h265: 746d11721c4dcdbdad8f713fa42b33f4 -> 
  custom:scripting/monoscript/fileName/FormerlySerializedTypeAttribute.cs: a2ba12d6f49519a27a785cb6e7cc3b9c -> 
  custom:scripting/monoscript/fileName/IData.cs: 869deb168c5112234ead0b60061e88d4 -> 
  custom:video-decoder-ogg-theora: a1e56fd34408186e4bbccfd4996cb3dc -> 
  custom:scripting/monoscript/fileName/TypeInfo.cs: 3a9ce2b1121b5df65b59d03380de4ab6 -> 
  custom:scripting/monoscript/fileName/InstanceClassSRAction.cs: 78c0331d959a99a60c1adff7e81d3862 -> 
  custom:framework-win-MediaFoundation: 216162199b28c13a410421893ffa2e32 -> 
  custom:scripting/monoscript/fileName/NewBehaviourScript.cs: b21687ddb03d73bd9f0c1daecb9714de -> 
  custom:scripting/monoscript/fileName/ScriptableObjectTestData.cs: 56e0c1e05ef2b3e0ecda33fad772a283 -> 
  custom:scripting/monoscript/fileName/EffectSystem.cs: b0ad6e16ec836c7041e32797dc41491c -> 
  custom:scripting/precompiled-assembly-types:SREditor-Editor: 55b5456b5630cab223524f958b1d591b -> 
  custom:scripting/monoscript/fileName/SRDrawer.cs: cbea2dac214fbebe88c1bdc69ad4b45f -> 
  custom:scripting/monoscript/fileName/SRNameAttribute.cs: 1b1dbd11348e161435c454df7cc85608 -> 
  custom:scripting/monoscript/fileName/AbstractData.cs: c2fc160bd7af24ef3912d4546ba164da -> 
  custom:scripting/monoscript/fileName/DataList.cs: ac707c81ae30f006632cf7b337900264 -> 
  custom:scripting/precompiled-assembly-types:NewTest: 1f1ee7a59c4c112b0ac23a43c8848db5 -> 
  custom:scripting/monoscript/fileName/TypeReplaceHelper.cs: 5061a70e5cba90a2f93fbaca5002d92c -> 
  custom:CustomObjectIndexerAttribute: 9a22284fe3817be447336de3de66b15e -> 
  custom:scripting/monoscript/fileName/IntegerData.cs: be3d36b532f74a94814765d5582dd467 -> 
  custom:scripting/monoscript/fileName/TypeReplacerWindow.cs: c75b82325a10408dedd0b6359fe6ec16 -> 
  custom:scripting/monoscript/fileName/NewTestData.cs: d4cd3933424ead977ec2d13d82f8bf32 -> 
  custom:scripting/monoscript/fileName/StringInterfaceData.cs: 3d50b8fc8dd0f40f14ecec98ae9d71bf -> 
  custom:scripting/monoscript/fileName/ProcessingCoordinator.cs: a2cc59e2f1bdaa862f8699f5126d0c16 -> 
  custom:scripting/monoscript/fileName/PerformEffectGA.cs: 7b9d563e7db0f9ce1c3e652db6ec3676 -> 
  custom:scripting/monoscript/fileName/PlayCardGA.cs: 5789139290271257e0b7651fe5863c2e -> 
  custom:scripting/monoscript/fileName/SRFormerlyTypeCache.cs: b7cf08609a0a042a8236322b594b8142 -> 
  custom:container-demuxer-webm: 4f35f7cbe854078d1ac9338744f61a02 -> 
  custom:scripting/monoscript/fileName/SREditorSettings.cs: 3331118a764dc5e43cc7c0d781d392d8 -> 
  custom:scripting/precompiled-assembly-types:SRDemo-Editor: 8adfbed147264f837f3a0482ccfceda7 -> 
  custom:scripting/monoscript/fileName/SRMissingTypesValidator.cs: 46bac1a342b6b1607f4b717707b04fa2 -> 
  custom:scripting/precompiled-assembly-types:SREditor: df3fe5802f2450a7160c4b4df24efb82 -> 
  custom:scripting/monoscript/fileName/CustomDataDrawer.cs: 65ff75100b510d38b07627bf3a1e89c7 -> 
  custom:scripting/monoscript/fileName/DataHolder.cs: b5fe96c290fd369c9489341d8f0c6c3f -> 
  custom:scripting/monoscript/fileName/FloatNamedData.cs: f5fca032bc29de94a8bc17bae6d6c41d -> 
  custom:scripting/monoscript/fileName/SRAttribute.cs: 789115209565033af35d3e3afd3e3310 -> 
  custom:scripting/monoscript/fileName/SRDuplicateCleaner.cs: d225ff68fd10a29da65fb6f03456bf58 -> 
  custom:scripting/monoscript/fileName/StringNamedData.cs: b9ca07eb5bf5f668f896b2406b80c50f -> 
  custom:scripting/monoscript/fileName/PrefabTest.cs: 6b21488e501f2b8de0cbf89d0ebca7f4 -> 
  custom:scripting/monoscript/fileName/FloatData.cs: a36b3dfab935a3cafd5bec620587edb1 -> 
  custom:container-muxer-webm: aa71ff27fc2769a1b78a27578f13a17b -> 
  custom:video-decoder-webm-vp8: 9c59270c3fd7afecdb556c50c9e8de78 -> 
  custom:scripting/monoscript/fileName/ComplexData.cs: a41c3c64cbd5a4249e25f8e18e449ae5 -> 
  custom:scripting/monoscript/fileName/SRMissingTypesValidatorConfig.cs: 311504d3d80993c651daaad954f1305b -> 
  custom:SearchIndexIgnoredProperties: e643bd26f0fe6173181afceb89e7c659 -> 
  custom:AudioImporter_EditorPlatform: d09bf68614088b80899f8185d706f6e7 -> 
  custom:scripting/monoscript/fileName/SRTypesSearchWindowProvider.cs: efc74559e42bc1aa7b7f5150b360d2fb -> 
  custom:scripting/monoscript/fileName/MissingTypesCleaner.cs: d3f00f379b86ec4cc811f9c87e215dd8 -> 
  custom:scripting/monoscript/fileName/SREditorSettingsProvider.cs: 37a99a0352dafd2b90ce1865506af283 -> 
  custom:scripting/monoscript/fileName/AbstractNamedData.cs: e532bceb478b1b5456b1c7ec34accfb2 -> 
  custom:scripting/monoscript/fileName/UnityLogAssetMissingTypeReport.cs: 0623721f233a6cc1458bd3d77272d40b -> 
  custom:scripting/monoscript/fileName/Effect.cs: db0847a469ed795dc13473466caf2c90 -> 
  custom:scripting/monoscript/fileName/SRCashTypeSearchTree.cs: ce95e72afce0c3503f63fc4c4d621b06 -> 
  custom:scripting/monoscript/fileName/SRHiddenAttribute.cs: b80fc48a45fff22c67246a0eb3bb2f52 -> 
  custom:scripting/monoscript/fileName/TypeInfoComparer.cs: f78e3dd8571fb435023b893ff6ab0349 -> 
  custom:scripting/monoscript/fileName/NameService.cs: 0b470d478878f04170f09ea709d96d20 -> 
  custom:scripting/monoscript/fileName/TestData.cs: 30cb1cfce572b4f2dcb721be1e0e9081 -> 
  custom:scripting/monoscript/fileName/CustomData.cs: d49523017a9f23851db158eaea2801ff -> 
  custom:scripting/monoscript/fileName/SRActionFactory.cs: 6cb7f0a6c20ec38e4610be62bfe55206 -> 
  custom:scripting/monoscript/fileName/SRAction.cs: ef58eb737e49a3b52271615452d512d9 -> 
  custom:video-encoder-webm-vp8: eb34c28f22e8b96e1ab97ce403110664 -> 
  custom:scripting/monoscript/fileName/HiddenData.cs: 1b489c97a3d23394b73da862faf88fdf -> 
  custom:audio-decoder-ogg-vorbis: bf7c407c2cedff20999df2af8eb42d56 -> 
  custom:scripting/monoscript/fileName/IntegerNamedData.cs: 608697fde81a43c41d54201b88e6e311 -> 
  custom:scripting/monoscript/fileName/AssetChangeDetector.cs: 65333c271892a57b3b74113ae0b0e6d4 -> 
  custom:scripting/monoscript/fileName/ContainerData.cs: c5dc4e9b9c3e32e43213d6d81fd37d43 -> 
  custom:scripting/monoscript/fileName/SRDrawerOptions.cs: 2b1003830d2989546caf7126adc49d41 -> 
  custom:scripting/monoscript/fileName/IAssetMissingTypeReport.cs: 22126180f057be89ffb14e06670cf701 -> 
  custom:audio-encoder-webm-vorbis: bf7c407c2cedff20999df2af8eb42d56 -> 
  custom:scripting/precompiled-assembly-types:SRDemo: 12f6be23b5d35fc375ef15de3d23d5b7 -> 
  custom:scripting/monoscript/fileName/MissingTypesLogger.cs: eac8c33766e6330de4c0a44b29a2de78 -> 
  custom:scripting/precompiled-assembly-types:Assembly-CSharp: 28ce7a9767d4a546d38c62b63d92516f -> e24d7867124476b8f6c482295ea6f2d1
  custom:scripting/monoscript/fileName/TypeInfoArrayComparer.cs: 4734a6743c056bda54f6256be31cb96a -> 
  custom:scripting/monoscript/fileName/ScriptableObjectTest.cs: b53441fff951350b341178933e3e23ef -> 
  custom:scripting/monoscript/fileName/ErasePropertySRAction.cs: 4b881b6741f1070c9d03f1dd87107a3b -> 
========================================================================
Received Prepare
Assembly with name 'SRDemo' already exists (Assets/SerializeReferenceEditor/Assets/SREditor/Samples/Demo/SRDemo.asmdef)
Assembly with name 'SRDemo' already exists (Assets/Prefabs/SerializeReferenceEditor/Assets/SREditor/Samples/Demo/SRDemo.asmdef)
Assembly with name 'SREditor-Editor' already exists (Assets/SerializeReferenceEditor/Assets/SREditor/Package/Editor/SREditor-Editor.asmdef)
Assembly with name 'SREditor-Editor' already exists (Assets/Prefabs/SerializeReferenceEditor/Assets/SREditor/Package/Editor/SREditor-Editor.asmdef)
Assembly with name 'NewTest' already exists (Assets/SerializeReferenceEditor/Assets/SREditor/Samples/Demo/NewTests/NewTest.asmdef)
Assembly with name 'NewTest' already exists (Assets/Prefabs/SerializeReferenceEditor/Assets/SREditor/Samples/Demo/NewTests/NewTest.asmdef)
Assembly with name 'SREditor' already exists (Assets/Prefabs/SerializeReferenceEditor/Assets/SREditor/Package/Scripts/SREditor.asmdef)
Assembly with name 'SREditor' already exists (Assets/SerializeReferenceEditor/Assets/SREditor/Package/Scripts/SREditor.asmdef)
Assembly with name 'SRDemo-Editor' already exists (Assets/Prefabs/SerializeReferenceEditor/Assets/SREditor/Samples/Demo/Editor/SRDemo-Editor.asmdef)
Assembly with name 'SRDemo-Editor' already exists (Assets/SerializeReferenceEditor/Assets/SREditor/Samples/Demo/Editor/SRDemo-Editor.asmdef)
Caller must complete domain reload
Assembly with name 'SRDemo' already exists (Assets/SerializeReferenceEditor/Assets/SREditor/Samples/Demo/SRDemo.asmdef)
Assembly with name 'SRDemo' already exists (Assets/Prefabs/SerializeReferenceEditor/Assets/SREditor/Samples/Demo/SRDemo.asmdef)
Assembly with name 'SREditor-Editor' already exists (Assets/SerializeReferenceEditor/Assets/SREditor/Package/Editor/SREditor-Editor.asmdef)
Assembly with name 'SREditor-Editor' already exists (Assets/Prefabs/SerializeReferenceEditor/Assets/SREditor/Package/Editor/SREditor-Editor.asmdef)
Assembly with name 'NewTest' already exists (Assets/SerializeReferenceEditor/Assets/SREditor/Samples/Demo/NewTests/NewTest.asmdef)
Assembly with name 'NewTest' already exists (Assets/Prefabs/SerializeReferenceEditor/Assets/SREditor/Samples/Demo/NewTests/NewTest.asmdef)
Assembly with name 'SREditor' already exists (Assets/Prefabs/SerializeReferenceEditor/Assets/SREditor/Package/Scripts/SREditor.asmdef)
Assembly with name 'SREditor' already exists (Assets/SerializeReferenceEditor/Assets/SREditor/Package/Scripts/SREditor.asmdef)
Assembly with name 'SRDemo-Editor' already exists (Assets/Prefabs/SerializeReferenceEditor/Assets/SREditor/Samples/Demo/Editor/SRDemo-Editor.asmdef)
Assembly with name 'SRDemo-Editor' already exists (Assets/SerializeReferenceEditor/Assets/SREditor/Samples/Demo/Editor/SRDemo-Editor.asmdef)
Begin MonoManager ReloadAssembly
- Loaded All Assemblies, in  0.461 seconds
Native extension for WindowsStandalone target not found
Assembly with name 'SRDemo' already exists (Assets/SerializeReferenceEditor/Assets/SREditor/Samples/Demo/SRDemo.asmdef)
Assembly with name 'SRDemo' already exists (Assets/Prefabs/SerializeReferenceEditor/Assets/SREditor/Samples/Demo/SRDemo.asmdef)
Assembly with name 'SREditor-Editor' already exists (Assets/SerializeReferenceEditor/Assets/SREditor/Package/Editor/SREditor-Editor.asmdef)
Assembly with name 'SREditor-Editor' already exists (Assets/Prefabs/SerializeReferenceEditor/Assets/SREditor/Package/Editor/SREditor-Editor.asmdef)
Assembly with name 'NewTest' already exists (Assets/SerializeReferenceEditor/Assets/SREditor/Samples/Demo/NewTests/NewTest.asmdef)
Assembly with name 'NewTest' already exists (Assets/Prefabs/SerializeReferenceEditor/Assets/SREditor/Samples/Demo/NewTests/NewTest.asmdef)
Assembly with name 'SREditor' already exists (Assets/Prefabs/SerializeReferenceEditor/Assets/SREditor/Package/Scripts/SREditor.asmdef)
Assembly with name 'SREditor' already exists (Assets/SerializeReferenceEditor/Assets/SREditor/Package/Scripts/SREditor.asmdef)
Assembly with name 'SRDemo-Editor' already exists (Assets/Prefabs/SerializeReferenceEditor/Assets/SREditor/Samples/Demo/Editor/SRDemo-Editor.asmdef)
Assembly with name 'SRDemo-Editor' already exists (Assets/SerializeReferenceEditor/Assets/SREditor/Samples/Demo/Editor/SRDemo-Editor.asmdef)
Mono: successfully reloaded assembly
- Finished resetting the current domain, in  1.014 seconds
Domain Reload Profiling: 1475ms
	BeginReloadAssembly (166ms)
		ExecutionOrderSort (0ms)
		DisableScriptedObjects (11ms)
		BackupInstance (0ms)
		ReleaseScriptingObjects (0ms)
		CreateAndSetChildDomain (40ms)
	RebuildCommonClasses (29ms)
	RebuildNativeTypeToScriptingClass (10ms)
	initialDomainReloadingComplete (26ms)
	LoadAllAssembliesAndSetupDomain (229ms)
		LoadAssemblies (298ms)
		RebuildTransferFunctionScriptingTraits (0ms)
		AnalyzeDomain (15ms)
			TypeCache.Refresh (7ms)
				TypeCache.ScanAssembly (0ms)
			ScanForSourceGeneratedMonoScriptInfo (0ms)
			ResolveRequiredComponents (6ms)
	FinalizeReload (1015ms)
		ReleaseScriptCaches (0ms)
		RebuildScriptCaches (0ms)
		SetupLoadedEditorAssemblies (602ms)
			LogAssemblyErrors (0ms)
			InitializePlatformSupportModulesInManaged (4ms)
			SetLoadedEditorAssemblies (2ms)
			RefreshPlugins (0ms)
			BeforeProcessingInitializeOnLoad (66ms)
			ProcessInitializeOnLoadAttributes (480ms)
			ProcessInitializeOnLoadMethodAttributes (46ms)
			AfterProcessingInitializeOnLoad (3ms)
			EditorAssembliesLoaded (0ms)
		ExecutionOrderSort2 (0ms)
		AwakeInstancesAfterBackupRestoration (19ms)
Refreshing native plugins compatible for Editor in 2.99 ms, found 4 plugins.
Preloading 0 native plugins for Editor in 0.00 ms.
Unloading 4328 Unused Serialized files (Serialized files now loaded: 0)
Unloading 23 unused Assets / (32.7 KB). Loaded Objects now: 4970.
Memory consumption went from 161.0 MB to 161.0 MB.
Total: 4.309800 ms (FindLiveObjects: 0.367300 ms CreateObjectMapping: 0.124900 ms MarkObjects: 3.728800 ms  DeleteObjects: 0.087300 ms)

Prepare: number of updated asset objects reloaded= 0
AssetImportParameters requested are different than current active one (requested -> active):
  custom:scripting/monoscript/fileName/SRDemoAttribute.cs: b217f8d4e07b14b9940a83b035def963 -> 
  custom:scripting/monoscript/fileName/DrawCardEffect.cs: d9cd090163e949cc8a887419c09c7761 -> 
  custom:scripting/monoscript/fileName/LoadAllScriptableObjects.cs: 8c4c4caa6c9d58a1046ba488534e615c -> 
  custom:container-demuxer-ogg: 62fdf1f143b41e24485cea50d1cbac27 -> 
  custom:scripting/monoscript/fileName/StringData.cs: 899c5872079327f54ed117fc61ea02c0 -> 
  custom:scripting/monoscript/fileName/IAssetsLoader.cs: 8d295a5e2d097f03f5f00e3441d974eb -> 
  custom:scripting/monoscript/fileName/SRTypeTreeFactory.cs: b9f0ea0d3f426034a242fccaec253fa9 -> 
  custom:scripting/monoscript/fileName/TypeReplacer.cs: ae51176d3fdd2e15067fbf3eeb4d1ffd -> 
  custom:scripting/monoscript/fileName/SRTypeCache.cs: cd51da883b797559c225dab095647981 -> 
  custom:video-codec-MediaFoundation-h265: 746d11721c4dcdbdad8f713fa42b33f4 -> 
  custom:scripting/monoscript/fileName/FormerlySerializedTypeAttribute.cs: a2ba12d6f49519a27a785cb6e7cc3b9c -> 
  custom:scripting/monoscript/fileName/IData.cs: 869deb168c5112234ead0b60061e88d4 -> 
  custom:video-decoder-ogg-theora: a1e56fd34408186e4bbccfd4996cb3dc -> 
  custom:scripting/monoscript/fileName/TypeInfo.cs: 3a9ce2b1121b5df65b59d03380de4ab6 -> 
  custom:scripting/monoscript/fileName/InstanceClassSRAction.cs: 78c0331d959a99a60c1adff7e81d3862 -> 
  custom:framework-win-MediaFoundation: 216162199b28c13a410421893ffa2e32 -> 
  custom:scripting/monoscript/fileName/NewBehaviourScript.cs: b21687ddb03d73bd9f0c1daecb9714de -> 
  custom:scripting/monoscript/fileName/ScriptableObjectTestData.cs: 56e0c1e05ef2b3e0ecda33fad772a283 -> 
  custom:scripting/monoscript/fileName/EffectSystem.cs: b0ad6e16ec836c7041e32797dc41491c -> 
  custom:scripting/precompiled-assembly-types:SREditor-Editor: 55b5456b5630cab223524f958b1d591b -> 
  custom:scripting/monoscript/fileName/SRDrawer.cs: cbea2dac214fbebe88c1bdc69ad4b45f -> 
  custom:scripting/monoscript/fileName/SRNameAttribute.cs: 1b1dbd11348e161435c454df7cc85608 -> 
  custom:scripting/monoscript/fileName/AbstractData.cs: c2fc160bd7af24ef3912d4546ba164da -> 
  custom:scripting/monoscript/fileName/DataList.cs: ac707c81ae30f006632cf7b337900264 -> 
  custom:scripting/precompiled-assembly-types:NewTest: 1f1ee7a59c4c112b0ac23a43c8848db5 -> 
  custom:scripting/monoscript/fileName/TypeReplaceHelper.cs: 5061a70e5cba90a2f93fbaca5002d92c -> 
  custom:CustomObjectIndexerAttribute: 9a22284fe3817be447336de3de66b15e -> 
  custom:scripting/monoscript/fileName/IntegerData.cs: be3d36b532f74a94814765d5582dd467 -> 
  custom:scripting/monoscript/fileName/TypeReplacerWindow.cs: c75b82325a10408dedd0b6359fe6ec16 -> 
  custom:scripting/monoscript/fileName/NewTestData.cs: d4cd3933424ead977ec2d13d82f8bf32 -> 
  custom:scripting/monoscript/fileName/StringInterfaceData.cs: 3d50b8fc8dd0f40f14ecec98ae9d71bf -> 
  custom:scripting/monoscript/fileName/ProcessingCoordinator.cs: a2cc59e2f1bdaa862f8699f5126d0c16 -> 
  custom:scripting/monoscript/fileName/PerformEffectGA.cs: 7b9d563e7db0f9ce1c3e652db6ec3676 -> 
  custom:scripting/monoscript/fileName/PlayCardGA.cs: 5789139290271257e0b7651fe5863c2e -> 
  custom:scripting/monoscript/fileName/SRFormerlyTypeCache.cs: b7cf08609a0a042a8236322b594b8142 -> 
  custom:container-demuxer-webm: 4f35f7cbe854078d1ac9338744f61a02 -> 
  custom:scripting/monoscript/fileName/SREditorSettings.cs: 3331118a764dc5e43cc7c0d781d392d8 -> 
  custom:scripting/precompiled-assembly-types:SRDemo-Editor: 8adfbed147264f837f3a0482ccfceda7 -> 
  custom:scripting/monoscript/fileName/SRMissingTypesValidator.cs: 46bac1a342b6b1607f4b717707b04fa2 -> 
  custom:scripting/precompiled-assembly-types:SREditor: df3fe5802f2450a7160c4b4df24efb82 -> 
  custom:scripting/monoscript/fileName/CustomDataDrawer.cs: 65ff75100b510d38b07627bf3a1e89c7 -> 
  custom:scripting/monoscript/fileName/DataHolder.cs: b5fe96c290fd369c9489341d8f0c6c3f -> 
  custom:scripting/monoscript/fileName/FloatNamedData.cs: f5fca032bc29de94a8bc17bae6d6c41d -> 
  custom:scripting/monoscript/fileName/SRAttribute.cs: 789115209565033af35d3e3afd3e3310 -> 
  custom:scripting/monoscript/fileName/SRDuplicateCleaner.cs: d225ff68fd10a29da65fb6f03456bf58 -> 
  custom:scripting/monoscript/fileName/StringNamedData.cs: b9ca07eb5bf5f668f896b2406b80c50f -> 
  custom:scripting/monoscript/fileName/PrefabTest.cs: 6b21488e501f2b8de0cbf89d0ebca7f4 -> 
  custom:scripting/monoscript/fileName/FloatData.cs: a36b3dfab935a3cafd5bec620587edb1 -> 
  custom:container-muxer-webm: aa71ff27fc2769a1b78a27578f13a17b -> 
  custom:video-decoder-webm-vp8: 9c59270c3fd7afecdb556c50c9e8de78 -> 
  custom:scripting/monoscript/fileName/ComplexData.cs: a41c3c64cbd5a4249e25f8e18e449ae5 -> 
  custom:scripting/monoscript/fileName/SRMissingTypesValidatorConfig.cs: 311504d3d80993c651daaad954f1305b -> 
  custom:SearchIndexIgnoredProperties: e643bd26f0fe6173181afceb89e7c659 -> 
  custom:AudioImporter_EditorPlatform: d09bf68614088b80899f8185d706f6e7 -> 
  custom:scripting/monoscript/fileName/SRTypesSearchWindowProvider.cs: efc74559e42bc1aa7b7f5150b360d2fb -> 
  custom:scripting/monoscript/fileName/MissingTypesCleaner.cs: d3f00f379b86ec4cc811f9c87e215dd8 -> 
  custom:scripting/monoscript/fileName/SREditorSettingsProvider.cs: 37a99a0352dafd2b90ce1865506af283 -> 
  custom:scripting/monoscript/fileName/AbstractNamedData.cs: e532bceb478b1b5456b1c7ec34accfb2 -> 
  custom:scripting/monoscript/fileName/UnityLogAssetMissingTypeReport.cs: 0623721f233a6cc1458bd3d77272d40b -> 
  custom:scripting/monoscript/fileName/Effect.cs: db0847a469ed795dc13473466caf2c90 -> 
  custom:scripting/monoscript/fileName/SRCashTypeSearchTree.cs: ce95e72afce0c3503f63fc4c4d621b06 -> 
  custom:scripting/monoscript/fileName/SRHiddenAttribute.cs: b80fc48a45fff22c67246a0eb3bb2f52 -> 
  custom:scripting/monoscript/fileName/TypeInfoComparer.cs: f78e3dd8571fb435023b893ff6ab0349 -> 
  custom:scripting/monoscript/fileName/NameService.cs: 0b470d478878f04170f09ea709d96d20 -> 
  custom:scripting/monoscript/fileName/TestData.cs: 30cb1cfce572b4f2dcb721be1e0e9081 -> 
  custom:scripting/monoscript/fileName/CustomData.cs: d49523017a9f23851db158eaea2801ff -> 
  custom:scripting/monoscript/fileName/SRActionFactory.cs: 6cb7f0a6c20ec38e4610be62bfe55206 -> 
  custom:scripting/monoscript/fileName/SRAction.cs: ef58eb737e49a3b52271615452d512d9 -> 
  custom:video-encoder-webm-vp8: eb34c28f22e8b96e1ab97ce403110664 -> 
  custom:scripting/monoscript/fileName/HiddenData.cs: 1b489c97a3d23394b73da862faf88fdf -> 
  custom:audio-decoder-ogg-vorbis: bf7c407c2cedff20999df2af8eb42d56 -> 
  custom:scripting/monoscript/fileName/IntegerNamedData.cs: 608697fde81a43c41d54201b88e6e311 -> 
  custom:scripting/monoscript/fileName/AssetChangeDetector.cs: 65333c271892a57b3b74113ae0b0e6d4 -> 
  custom:scripting/monoscript/fileName/ContainerData.cs: c5dc4e9b9c3e32e43213d6d81fd37d43 -> 
  custom:scripting/monoscript/fileName/SRDrawerOptions.cs: 2b1003830d2989546caf7126adc49d41 -> 
  custom:scripting/monoscript/fileName/IAssetMissingTypeReport.cs: 22126180f057be89ffb14e06670cf701 -> 
  custom:audio-encoder-webm-vorbis: bf7c407c2cedff20999df2af8eb42d56 -> 
  custom:scripting/precompiled-assembly-types:SRDemo: 12f6be23b5d35fc375ef15de3d23d5b7 -> 
  custom:scripting/monoscript/fileName/MissingTypesLogger.cs: eac8c33766e6330de4c0a44b29a2de78 -> 
  custom:scripting/precompiled-assembly-types:Assembly-CSharp: 28ce7a9767d4a546d38c62b63d92516f -> e24d7867124476b8f6c482295ea6f2d1
  custom:scripting/monoscript/fileName/TypeInfoArrayComparer.cs: 4734a6743c056bda54f6256be31cb96a -> 
  custom:scripting/monoscript/fileName/ScriptableObjectTest.cs: b53441fff951350b341178933e3e23ef -> 
  custom:scripting/monoscript/fileName/ErasePropertySRAction.cs: 4b881b6741f1070c9d03f1dd87107a3b -> 
========================================================================
Received Prepare
Assembly with name 'SRDemo' already exists (Assets/SerializeReferenceEditor/Assets/SREditor/Samples/Demo/SRDemo.asmdef)
Assembly with name 'SRDemo' already exists (Assets/Prefabs/SerializeReferenceEditor/Assets/SREditor/Samples/Demo/SRDemo.asmdef)
Assembly with name 'SREditor-Editor' already exists (Assets/SerializeReferenceEditor/Assets/SREditor/Package/Editor/SREditor-Editor.asmdef)
Assembly with name 'SREditor-Editor' already exists (Assets/Prefabs/SerializeReferenceEditor/Assets/SREditor/Package/Editor/SREditor-Editor.asmdef)
Assembly with name 'NewTest' already exists (Assets/SerializeReferenceEditor/Assets/SREditor/Samples/Demo/NewTests/NewTest.asmdef)
Assembly with name 'NewTest' already exists (Assets/Prefabs/SerializeReferenceEditor/Assets/SREditor/Samples/Demo/NewTests/NewTest.asmdef)
Assembly with name 'SREditor' already exists (Assets/Prefabs/SerializeReferenceEditor/Assets/SREditor/Package/Scripts/SREditor.asmdef)
Assembly with name 'SREditor' already exists (Assets/SerializeReferenceEditor/Assets/SREditor/Package/Scripts/SREditor.asmdef)
Assembly with name 'SRDemo-Editor' already exists (Assets/Prefabs/SerializeReferenceEditor/Assets/SREditor/Samples/Demo/Editor/SRDemo-Editor.asmdef)
Assembly with name 'SRDemo-Editor' already exists (Assets/SerializeReferenceEditor/Assets/SREditor/Samples/Demo/Editor/SRDemo-Editor.asmdef)
Caller must complete domain reload
Assembly with name 'SRDemo' already exists (Assets/SerializeReferenceEditor/Assets/SREditor/Samples/Demo/SRDemo.asmdef)
Assembly with name 'SRDemo' already exists (Assets/Prefabs/SerializeReferenceEditor/Assets/SREditor/Samples/Demo/SRDemo.asmdef)
Assembly with name 'SREditor-Editor' already exists (Assets/SerializeReferenceEditor/Assets/SREditor/Package/Editor/SREditor-Editor.asmdef)
Assembly with name 'SREditor-Editor' already exists (Assets/Prefabs/SerializeReferenceEditor/Assets/SREditor/Package/Editor/SREditor-Editor.asmdef)
Assembly with name 'NewTest' already exists (Assets/SerializeReferenceEditor/Assets/SREditor/Samples/Demo/NewTests/NewTest.asmdef)
Assembly with name 'NewTest' already exists (Assets/Prefabs/SerializeReferenceEditor/Assets/SREditor/Samples/Demo/NewTests/NewTest.asmdef)
Assembly with name 'SREditor' already exists (Assets/Prefabs/SerializeReferenceEditor/Assets/SREditor/Package/Scripts/SREditor.asmdef)
Assembly with name 'SREditor' already exists (Assets/SerializeReferenceEditor/Assets/SREditor/Package/Scripts/SREditor.asmdef)
Assembly with name 'SRDemo-Editor' already exists (Assets/Prefabs/SerializeReferenceEditor/Assets/SREditor/Samples/Demo/Editor/SRDemo-Editor.asmdef)
Assembly with name 'SRDemo-Editor' already exists (Assets/SerializeReferenceEditor/Assets/SREditor/Samples/Demo/Editor/SRDemo-Editor.asmdef)
Begin MonoManager ReloadAssembly
- Loaded All Assemblies, in  0.283 seconds
Native extension for WindowsStandalone target not found
Assembly with name 'SRDemo' already exists (Assets/SerializeReferenceEditor/Assets/SREditor/Samples/Demo/SRDemo.asmdef)
Assembly with name 'SRDemo' already exists (Assets/Prefabs/SerializeReferenceEditor/Assets/SREditor/Samples/Demo/SRDemo.asmdef)
Assembly with name 'SREditor-Editor' already exists (Assets/SerializeReferenceEditor/Assets/SREditor/Package/Editor/SREditor-Editor.asmdef)
Assembly with name 'SREditor-Editor' already exists (Assets/Prefabs/SerializeReferenceEditor/Assets/SREditor/Package/Editor/SREditor-Editor.asmdef)
Assembly with name 'NewTest' already exists (Assets/SerializeReferenceEditor/Assets/SREditor/Samples/Demo/NewTests/NewTest.asmdef)
Assembly with name 'NewTest' already exists (Assets/Prefabs/SerializeReferenceEditor/Assets/SREditor/Samples/Demo/NewTests/NewTest.asmdef)
Assembly with name 'SREditor' already exists (Assets/Prefabs/SerializeReferenceEditor/Assets/SREditor/Package/Scripts/SREditor.asmdef)
Assembly with name 'SREditor' already exists (Assets/SerializeReferenceEditor/Assets/SREditor/Package/Scripts/SREditor.asmdef)
Assembly with name 'SRDemo-Editor' already exists (Assets/Prefabs/SerializeReferenceEditor/Assets/SREditor/Samples/Demo/Editor/SRDemo-Editor.asmdef)
Assembly with name 'SRDemo-Editor' already exists (Assets/SerializeReferenceEditor/Assets/SREditor/Samples/Demo/Editor/SRDemo-Editor.asmdef)
Mono: successfully reloaded assembly
- Finished resetting the current domain, in  0.737 seconds
Domain Reload Profiling: 1021ms
	BeginReloadAssembly (100ms)
		ExecutionOrderSort (0ms)
		DisableScriptedObjects (7ms)
		BackupInstance (0ms)
		ReleaseScriptingObjects (0ms)
		CreateAndSetChildDomain (23ms)
	RebuildCommonClasses (19ms)
	RebuildNativeTypeToScriptingClass (7ms)
	initialDomainReloadingComplete (15ms)
	LoadAllAssembliesAndSetupDomain (142ms)
		LoadAssemblies (180ms)
		RebuildTransferFunctionScriptingTraits (0ms)
		AnalyzeDomain (11ms)
			TypeCache.Refresh (5ms)
				TypeCache.ScanAssembly (0ms)
			ScanForSourceGeneratedMonoScriptInfo (0ms)
			ResolveRequiredComponents (4ms)
	FinalizeReload (738ms)
		ReleaseScriptCaches (0ms)
		RebuildScriptCaches (0ms)
		SetupLoadedEditorAssemblies (471ms)
			LogAssemblyErrors (0ms)
			InitializePlatformSupportModulesInManaged (4ms)
			SetLoadedEditorAssemblies (2ms)
			RefreshPlugins (0ms)
			BeforeProcessingInitializeOnLoad (54ms)
			ProcessInitializeOnLoadAttributes (377ms)
			ProcessInitializeOnLoadMethodAttributes (32ms)
			AfterProcessingInitializeOnLoad (2ms)
			EditorAssembliesLoaded (0ms)
		ExecutionOrderSort2 (0ms)
		AwakeInstancesAfterBackupRestoration (13ms)
Refreshing native plugins compatible for Editor in 2.32 ms, found 4 plugins.
Preloading 0 native plugins for Editor in 0.00 ms.
Unloading 4328 Unused Serialized files (Serialized files now loaded: 0)
Unloading 23 unused Assets / (31.8 KB). Loaded Objects now: 4975.
Memory consumption went from 161.0 MB to 161.0 MB.
Total: 3.901000 ms (FindLiveObjects: 0.262900 ms CreateObjectMapping: 0.072200 ms MarkObjects: 3.515600 ms  DeleteObjects: 0.049100 ms)

Prepare: number of updated asset objects reloaded= 0
AssetImportParameters requested are different than current active one (requested -> active):
  custom:scripting/monoscript/fileName/SRDemoAttribute.cs: b217f8d4e07b14b9940a83b035def963 -> 
  custom:scripting/monoscript/fileName/DrawCardEffect.cs: d9cd090163e949cc8a887419c09c7761 -> 
  custom:scripting/monoscript/fileName/LoadAllScriptableObjects.cs: 8c4c4caa6c9d58a1046ba488534e615c -> 
  custom:container-demuxer-ogg: 62fdf1f143b41e24485cea50d1cbac27 -> 
  custom:scripting/monoscript/fileName/StringData.cs: 899c5872079327f54ed117fc61ea02c0 -> 
  custom:scripting/monoscript/fileName/IAssetsLoader.cs: 8d295a5e2d097f03f5f00e3441d974eb -> 
  custom:scripting/monoscript/fileName/SRTypeTreeFactory.cs: b9f0ea0d3f426034a242fccaec253fa9 -> 
  custom:scripting/monoscript/fileName/TypeReplacer.cs: ae51176d3fdd2e15067fbf3eeb4d1ffd -> 
  custom:scripting/monoscript/fileName/SRTypeCache.cs: cd51da883b797559c225dab095647981 -> 
  custom:video-codec-MediaFoundation-h265: 746d11721c4dcdbdad8f713fa42b33f4 -> 
  custom:scripting/monoscript/fileName/FormerlySerializedTypeAttribute.cs: a2ba12d6f49519a27a785cb6e7cc3b9c -> 
  custom:scripting/monoscript/fileName/IData.cs: 869deb168c5112234ead0b60061e88d4 -> 
  custom:video-decoder-ogg-theora: a1e56fd34408186e4bbccfd4996cb3dc -> 
  custom:scripting/monoscript/fileName/TypeInfo.cs: 3a9ce2b1121b5df65b59d03380de4ab6 -> 
  custom:scripting/monoscript/fileName/InstanceClassSRAction.cs: 78c0331d959a99a60c1adff7e81d3862 -> 
  custom:framework-win-MediaFoundation: 216162199b28c13a410421893ffa2e32 -> 
  custom:scripting/monoscript/fileName/NewBehaviourScript.cs: b21687ddb03d73bd9f0c1daecb9714de -> 
  custom:scripting/monoscript/fileName/ScriptableObjectTestData.cs: 56e0c1e05ef2b3e0ecda33fad772a283 -> 
  custom:scripting/monoscript/fileName/EffectSystem.cs: b0ad6e16ec836c7041e32797dc41491c -> 
  custom:scripting/precompiled-assembly-types:SREditor-Editor: 55b5456b5630cab223524f958b1d591b -> 
  custom:scripting/monoscript/fileName/SRDrawer.cs: cbea2dac214fbebe88c1bdc69ad4b45f -> 
  custom:scripting/monoscript/fileName/SRNameAttribute.cs: 1b1dbd11348e161435c454df7cc85608 -> 
  custom:scripting/monoscript/fileName/AbstractData.cs: c2fc160bd7af24ef3912d4546ba164da -> 
  custom:scripting/monoscript/fileName/DataList.cs: ac707c81ae30f006632cf7b337900264 -> 
  custom:scripting/precompiled-assembly-types:NewTest: 1f1ee7a59c4c112b0ac23a43c8848db5 -> 
  custom:scripting/monoscript/fileName/TypeReplaceHelper.cs: 5061a70e5cba90a2f93fbaca5002d92c -> 
  custom:CustomObjectIndexerAttribute: 9a22284fe3817be447336de3de66b15e -> 
  custom:scripting/monoscript/fileName/IntegerData.cs: be3d36b532f74a94814765d5582dd467 -> 
  custom:scripting/monoscript/fileName/TypeReplacerWindow.cs: c75b82325a10408dedd0b6359fe6ec16 -> 
  custom:scripting/monoscript/fileName/NewTestData.cs: d4cd3933424ead977ec2d13d82f8bf32 -> 
  custom:scripting/monoscript/fileName/StringInterfaceData.cs: 3d50b8fc8dd0f40f14ecec98ae9d71bf -> 
  custom:scripting/monoscript/fileName/ProcessingCoordinator.cs: a2cc59e2f1bdaa862f8699f5126d0c16 -> 
  custom:scripting/monoscript/fileName/PerformEffectGA.cs: 7b9d563e7db0f9ce1c3e652db6ec3676 -> 
  custom:scripting/monoscript/fileName/PlayCardGA.cs: 5789139290271257e0b7651fe5863c2e -> 
  custom:scripting/monoscript/fileName/SRFormerlyTypeCache.cs: b7cf08609a0a042a8236322b594b8142 -> 
  custom:container-demuxer-webm: 4f35f7cbe854078d1ac9338744f61a02 -> 
  custom:scripting/monoscript/fileName/SREditorSettings.cs: 3331118a764dc5e43cc7c0d781d392d8 -> 
  custom:scripting/precompiled-assembly-types:SRDemo-Editor: 8adfbed147264f837f3a0482ccfceda7 -> 
  custom:scripting/monoscript/fileName/SRMissingTypesValidator.cs: 46bac1a342b6b1607f4b717707b04fa2 -> 
  custom:scripting/precompiled-assembly-types:SREditor: df3fe5802f2450a7160c4b4df24efb82 -> 
  custom:scripting/monoscript/fileName/CustomDataDrawer.cs: 65ff75100b510d38b07627bf3a1e89c7 -> 
  custom:scripting/monoscript/fileName/DataHolder.cs: b5fe96c290fd369c9489341d8f0c6c3f -> 
  custom:scripting/monoscript/fileName/FloatNamedData.cs: f5fca032bc29de94a8bc17bae6d6c41d -> 
  custom:scripting/monoscript/fileName/SRAttribute.cs: 789115209565033af35d3e3afd3e3310 -> 
  custom:scripting/monoscript/fileName/SRDuplicateCleaner.cs: d225ff68fd10a29da65fb6f03456bf58 -> 
  custom:scripting/monoscript/fileName/StringNamedData.cs: b9ca07eb5bf5f668f896b2406b80c50f -> 
  custom:scripting/monoscript/fileName/PrefabTest.cs: 6b21488e501f2b8de0cbf89d0ebca7f4 -> 
  custom:scripting/monoscript/fileName/FloatData.cs: a36b3dfab935a3cafd5bec620587edb1 -> 
  custom:container-muxer-webm: aa71ff27fc2769a1b78a27578f13a17b -> 
  custom:video-decoder-webm-vp8: 9c59270c3fd7afecdb556c50c9e8de78 -> 
  custom:scripting/monoscript/fileName/ComplexData.cs: a41c3c64cbd5a4249e25f8e18e449ae5 -> 
  custom:scripting/monoscript/fileName/SRMissingTypesValidatorConfig.cs: 311504d3d80993c651daaad954f1305b -> 
  custom:SearchIndexIgnoredProperties: e643bd26f0fe6173181afceb89e7c659 -> 
  custom:AudioImporter_EditorPlatform: d09bf68614088b80899f8185d706f6e7 -> 
  custom:scripting/monoscript/fileName/SRTypesSearchWindowProvider.cs: efc74559e42bc1aa7b7f5150b360d2fb -> 
  custom:scripting/monoscript/fileName/MissingTypesCleaner.cs: d3f00f379b86ec4cc811f9c87e215dd8 -> 
  custom:scripting/monoscript/fileName/SREditorSettingsProvider.cs: 37a99a0352dafd2b90ce1865506af283 -> 
  custom:scripting/monoscript/fileName/AbstractNamedData.cs: e532bceb478b1b5456b1c7ec34accfb2 -> 
  custom:scripting/monoscript/fileName/UnityLogAssetMissingTypeReport.cs: 0623721f233a6cc1458bd3d77272d40b -> 
  custom:scripting/monoscript/fileName/Effect.cs: db0847a469ed795dc13473466caf2c90 -> 
  custom:scripting/monoscript/fileName/SRCashTypeSearchTree.cs: ce95e72afce0c3503f63fc4c4d621b06 -> 
  custom:scripting/monoscript/fileName/SRHiddenAttribute.cs: b80fc48a45fff22c67246a0eb3bb2f52 -> 
  custom:scripting/monoscript/fileName/TypeInfoComparer.cs: f78e3dd8571fb435023b893ff6ab0349 -> 
  custom:scripting/monoscript/fileName/NameService.cs: 0b470d478878f04170f09ea709d96d20 -> 
  custom:scripting/monoscript/fileName/TestData.cs: 30cb1cfce572b4f2dcb721be1e0e9081 -> 
  custom:scripting/monoscript/fileName/CustomData.cs: d49523017a9f23851db158eaea2801ff -> 
  custom:scripting/monoscript/fileName/SRActionFactory.cs: 6cb7f0a6c20ec38e4610be62bfe55206 -> 
  custom:scripting/monoscript/fileName/SRAction.cs: ef58eb737e49a3b52271615452d512d9 -> 
  custom:video-encoder-webm-vp8: eb34c28f22e8b96e1ab97ce403110664 -> 
  custom:scripting/monoscript/fileName/HiddenData.cs: 1b489c97a3d23394b73da862faf88fdf -> 
  custom:audio-decoder-ogg-vorbis: bf7c407c2cedff20999df2af8eb42d56 -> 
  custom:scripting/monoscript/fileName/IntegerNamedData.cs: 608697fde81a43c41d54201b88e6e311 -> 
  custom:scripting/monoscript/fileName/AssetChangeDetector.cs: 65333c271892a57b3b74113ae0b0e6d4 -> 
  custom:scripting/monoscript/fileName/ContainerData.cs: c5dc4e9b9c3e32e43213d6d81fd37d43 -> 
  custom:scripting/monoscript/fileName/SRDrawerOptions.cs: 2b1003830d2989546caf7126adc49d41 -> 
  custom:scripting/monoscript/fileName/IAssetMissingTypeReport.cs: 22126180f057be89ffb14e06670cf701 -> 
  custom:audio-encoder-webm-vorbis: bf7c407c2cedff20999df2af8eb42d56 -> 
  custom:scripting/precompiled-assembly-types:SRDemo: 12f6be23b5d35fc375ef15de3d23d5b7 -> 
  custom:scripting/monoscript/fileName/MissingTypesLogger.cs: eac8c33766e6330de4c0a44b29a2de78 -> 
  custom:scripting/precompiled-assembly-types:Assembly-CSharp: 28ce7a9767d4a546d38c62b63d92516f -> e24d7867124476b8f6c482295ea6f2d1
  custom:scripting/monoscript/fileName/TypeInfoArrayComparer.cs: 4734a6743c056bda54f6256be31cb96a -> 
  custom:scripting/monoscript/fileName/ScriptableObjectTest.cs: b53441fff951350b341178933e3e23ef -> 
  custom:scripting/monoscript/fileName/ErasePropertySRAction.cs: 4b881b6741f1070c9d03f1dd87107a3b -> 
========================================================================
Received Prepare
Assembly with name 'SRDemo' already exists (Assets/SerializeReferenceEditor/Assets/SREditor/Samples/Demo/SRDemo.asmdef)
Assembly with name 'SRDemo' already exists (Assets/Prefabs/SerializeReferenceEditor/Assets/SREditor/Samples/Demo/SRDemo.asmdef)
Assembly with name 'SREditor-Editor' already exists (Assets/SerializeReferenceEditor/Assets/SREditor/Package/Editor/SREditor-Editor.asmdef)
Assembly with name 'SREditor-Editor' already exists (Assets/Prefabs/SerializeReferenceEditor/Assets/SREditor/Package/Editor/SREditor-Editor.asmdef)
Assembly with name 'NewTest' already exists (Assets/SerializeReferenceEditor/Assets/SREditor/Samples/Demo/NewTests/NewTest.asmdef)
Assembly with name 'NewTest' already exists (Assets/Prefabs/SerializeReferenceEditor/Assets/SREditor/Samples/Demo/NewTests/NewTest.asmdef)
Assembly with name 'SREditor' already exists (Assets/Prefabs/SerializeReferenceEditor/Assets/SREditor/Package/Scripts/SREditor.asmdef)
Assembly with name 'SREditor' already exists (Assets/SerializeReferenceEditor/Assets/SREditor/Package/Scripts/SREditor.asmdef)
Assembly with name 'SRDemo-Editor' already exists (Assets/Prefabs/SerializeReferenceEditor/Assets/SREditor/Samples/Demo/Editor/SRDemo-Editor.asmdef)
Assembly with name 'SRDemo-Editor' already exists (Assets/SerializeReferenceEditor/Assets/SREditor/Samples/Demo/Editor/SRDemo-Editor.asmdef)
Caller must complete domain reload
Assembly with name 'SRDemo' already exists (Assets/SerializeReferenceEditor/Assets/SREditor/Samples/Demo/SRDemo.asmdef)
Assembly with name 'SRDemo' already exists (Assets/Prefabs/SerializeReferenceEditor/Assets/SREditor/Samples/Demo/SRDemo.asmdef)
Assembly with name 'SREditor-Editor' already exists (Assets/SerializeReferenceEditor/Assets/SREditor/Package/Editor/SREditor-Editor.asmdef)
Assembly with name 'SREditor-Editor' already exists (Assets/Prefabs/SerializeReferenceEditor/Assets/SREditor/Package/Editor/SREditor-Editor.asmdef)
Assembly with name 'NewTest' already exists (Assets/SerializeReferenceEditor/Assets/SREditor/Samples/Demo/NewTests/NewTest.asmdef)
Assembly with name 'NewTest' already exists (Assets/Prefabs/SerializeReferenceEditor/Assets/SREditor/Samples/Demo/NewTests/NewTest.asmdef)
Assembly with name 'SREditor' already exists (Assets/Prefabs/SerializeReferenceEditor/Assets/SREditor/Package/Scripts/SREditor.asmdef)
Assembly with name 'SREditor' already exists (Assets/SerializeReferenceEditor/Assets/SREditor/Package/Scripts/SREditor.asmdef)
Assembly with name 'SRDemo-Editor' already exists (Assets/Prefabs/SerializeReferenceEditor/Assets/SREditor/Samples/Demo/Editor/SRDemo-Editor.asmdef)
Assembly with name 'SRDemo-Editor' already exists (Assets/SerializeReferenceEditor/Assets/SREditor/Samples/Demo/Editor/SRDemo-Editor.asmdef)
Begin MonoManager ReloadAssembly
- Loaded All Assemblies, in  0.530 seconds
Native extension for WindowsStandalone target not found
Assembly with name 'SRDemo' already exists (Assets/SerializeReferenceEditor/Assets/SREditor/Samples/Demo/SRDemo.asmdef)
Assembly with name 'SRDemo' already exists (Assets/Prefabs/SerializeReferenceEditor/Assets/SREditor/Samples/Demo/SRDemo.asmdef)
Assembly with name 'SREditor-Editor' already exists (Assets/SerializeReferenceEditor/Assets/SREditor/Package/Editor/SREditor-Editor.asmdef)
Assembly with name 'SREditor-Editor' already exists (Assets/Prefabs/SerializeReferenceEditor/Assets/SREditor/Package/Editor/SREditor-Editor.asmdef)
Assembly with name 'NewTest' already exists (Assets/SerializeReferenceEditor/Assets/SREditor/Samples/Demo/NewTests/NewTest.asmdef)
Assembly with name 'NewTest' already exists (Assets/Prefabs/SerializeReferenceEditor/Assets/SREditor/Samples/Demo/NewTests/NewTest.asmdef)
Assembly with name 'SREditor' already exists (Assets/Prefabs/SerializeReferenceEditor/Assets/SREditor/Package/Scripts/SREditor.asmdef)
Assembly with name 'SREditor' already exists (Assets/SerializeReferenceEditor/Assets/SREditor/Package/Scripts/SREditor.asmdef)
Assembly with name 'SRDemo-Editor' already exists (Assets/Prefabs/SerializeReferenceEditor/Assets/SREditor/Samples/Demo/Editor/SRDemo-Editor.asmdef)
Assembly with name 'SRDemo-Editor' already exists (Assets/SerializeReferenceEditor/Assets/SREditor/Samples/Demo/Editor/SRDemo-Editor.asmdef)
Mono: successfully reloaded assembly
- Finished resetting the current domain, in  0.954 seconds
Domain Reload Profiling: 1484ms
	BeginReloadAssembly (243ms)
		ExecutionOrderSort (0ms)
		DisableScriptedObjects (12ms)
		BackupInstance (0ms)
		ReleaseScriptingObjects (0ms)
		CreateAndSetChildDomain (30ms)
	RebuildCommonClasses (50ms)
	RebuildNativeTypeToScriptingClass (6ms)
	initialDomainReloadingComplete (62ms)
	LoadAllAssembliesAndSetupDomain (169ms)
		LoadAssemblies (305ms)
		RebuildTransferFunctionScriptingTraits (0ms)
		AnalyzeDomain (12ms)
			TypeCache.Refresh (6ms)
				TypeCache.ScanAssembly (0ms)
			ScanForSourceGeneratedMonoScriptInfo (0ms)
			ResolveRequiredComponents (5ms)
	FinalizeReload (954ms)
		ReleaseScriptCaches (0ms)
		RebuildScriptCaches (0ms)
		SetupLoadedEditorAssemblies (590ms)
			LogAssemblyErrors (0ms)
			InitializePlatformSupportModulesInManaged (6ms)
			SetLoadedEditorAssemblies (4ms)
			RefreshPlugins (0ms)
			BeforeProcessingInitializeOnLoad (83ms)
			ProcessInitializeOnLoadAttributes (461ms)
			ProcessInitializeOnLoadMethodAttributes (35ms)
			AfterProcessingInitializeOnLoad (1ms)
			EditorAssembliesLoaded (0ms)
		ExecutionOrderSort2 (0ms)
		AwakeInstancesAfterBackupRestoration (13ms)
Refreshing native plugins compatible for Editor in 2.24 ms, found 4 plugins.
Preloading 0 native plugins for Editor in 0.00 ms.
Unloading 4328 Unused Serialized files (Serialized files now loaded: 0)
Unloading 23 unused Assets / (31.9 KB). Loaded Objects now: 4980.
Memory consumption went from 161.0 MB to 161.0 MB.
Total: 2.955400 ms (FindLiveObjects: 0.212100 ms CreateObjectMapping: 0.129500 ms MarkObjects: 2.575700 ms  DeleteObjects: 0.037600 ms)

Prepare: number of updated asset objects reloaded= 0
AssetImportParameters requested are different than current active one (requested -> active):
  custom:scripting/monoscript/fileName/SRDemoAttribute.cs: b217f8d4e07b14b9940a83b035def963 -> 
  custom:scripting/monoscript/fileName/DrawCardEffect.cs: d9cd090163e949cc8a887419c09c7761 -> 
  custom:scripting/monoscript/fileName/LoadAllScriptableObjects.cs: 8c4c4caa6c9d58a1046ba488534e615c -> 
  custom:container-demuxer-ogg: 62fdf1f143b41e24485cea50d1cbac27 -> 
  custom:scripting/monoscript/fileName/StringData.cs: 899c5872079327f54ed117fc61ea02c0 -> 
  custom:scripting/monoscript/fileName/IAssetsLoader.cs: 8d295a5e2d097f03f5f00e3441d974eb -> 
  custom:scripting/monoscript/fileName/SRTypeTreeFactory.cs: b9f0ea0d3f426034a242fccaec253fa9 -> 
  custom:scripting/monoscript/fileName/TypeReplacer.cs: ae51176d3fdd2e15067fbf3eeb4d1ffd -> 
  custom:scripting/monoscript/fileName/SRTypeCache.cs: cd51da883b797559c225dab095647981 -> 
  custom:video-codec-MediaFoundation-h265: 746d11721c4dcdbdad8f713fa42b33f4 -> 
  custom:scripting/monoscript/fileName/FormerlySerializedTypeAttribute.cs: a2ba12d6f49519a27a785cb6e7cc3b9c -> 
  custom:scripting/monoscript/fileName/IData.cs: 869deb168c5112234ead0b60061e88d4 -> 
  custom:video-decoder-ogg-theora: a1e56fd34408186e4bbccfd4996cb3dc -> 
  custom:scripting/monoscript/fileName/TypeInfo.cs: 3a9ce2b1121b5df65b59d03380de4ab6 -> 
  custom:scripting/monoscript/fileName/InstanceClassSRAction.cs: 78c0331d959a99a60c1adff7e81d3862 -> 
  custom:framework-win-MediaFoundation: 216162199b28c13a410421893ffa2e32 -> 
  custom:scripting/monoscript/fileName/NewBehaviourScript.cs: b21687ddb03d73bd9f0c1daecb9714de -> 
  custom:scripting/monoscript/fileName/ScriptableObjectTestData.cs: 56e0c1e05ef2b3e0ecda33fad772a283 -> 
  custom:scripting/monoscript/fileName/EffectSystem.cs: b0ad6e16ec836c7041e32797dc41491c -> 
  custom:scripting/precompiled-assembly-types:SREditor-Editor: 55b5456b5630cab223524f958b1d591b -> 
  custom:scripting/monoscript/fileName/SRDrawer.cs: cbea2dac214fbebe88c1bdc69ad4b45f -> 
  custom:scripting/monoscript/fileName/SRNameAttribute.cs: 1b1dbd11348e161435c454df7cc85608 -> 
  custom:scripting/monoscript/fileName/AbstractData.cs: c2fc160bd7af24ef3912d4546ba164da -> 
  custom:scripting/monoscript/fileName/DataList.cs: ac707c81ae30f006632cf7b337900264 -> 
  custom:scripting/precompiled-assembly-types:NewTest: 1f1ee7a59c4c112b0ac23a43c8848db5 -> 
  custom:scripting/monoscript/fileName/TypeReplaceHelper.cs: 5061a70e5cba90a2f93fbaca5002d92c -> 
  custom:CustomObjectIndexerAttribute: 9a22284fe3817be447336de3de66b15e -> 
  custom:scripting/monoscript/fileName/IntegerData.cs: be3d36b532f74a94814765d5582dd467 -> 
  custom:scripting/monoscript/fileName/TypeReplacerWindow.cs: c75b82325a10408dedd0b6359fe6ec16 -> 
  custom:scripting/monoscript/fileName/NewTestData.cs: d4cd3933424ead977ec2d13d82f8bf32 -> 
  custom:scripting/monoscript/fileName/StringInterfaceData.cs: 3d50b8fc8dd0f40f14ecec98ae9d71bf -> 
  custom:scripting/monoscript/fileName/ProcessingCoordinator.cs: a2cc59e2f1bdaa862f8699f5126d0c16 -> 
  custom:scripting/monoscript/fileName/PerformEffectGA.cs: 7b9d563e7db0f9ce1c3e652db6ec3676 -> 
  custom:scripting/monoscript/fileName/PlayCardGA.cs: 5789139290271257e0b7651fe5863c2e -> 
  custom:scripting/monoscript/fileName/SRFormerlyTypeCache.cs: b7cf08609a0a042a8236322b594b8142 -> 
  custom:container-demuxer-webm: 4f35f7cbe854078d1ac9338744f61a02 -> 
  custom:scripting/monoscript/fileName/SREditorSettings.cs: 3331118a764dc5e43cc7c0d781d392d8 -> 
  custom:scripting/precompiled-assembly-types:SRDemo-Editor: 8adfbed147264f837f3a0482ccfceda7 -> 
  custom:scripting/monoscript/fileName/SRMissingTypesValidator.cs: 46bac1a342b6b1607f4b717707b04fa2 -> 
  custom:scripting/precompiled-assembly-types:SREditor: df3fe5802f2450a7160c4b4df24efb82 -> 
  custom:scripting/monoscript/fileName/CustomDataDrawer.cs: 65ff75100b510d38b07627bf3a1e89c7 -> 
  custom:scripting/monoscript/fileName/DataHolder.cs: b5fe96c290fd369c9489341d8f0c6c3f -> 
  custom:scripting/monoscript/fileName/FloatNamedData.cs: f5fca032bc29de94a8bc17bae6d6c41d -> 
  custom:scripting/monoscript/fileName/SRAttribute.cs: 789115209565033af35d3e3afd3e3310 -> 
  custom:scripting/monoscript/fileName/SRDuplicateCleaner.cs: d225ff68fd10a29da65fb6f03456bf58 -> 
  custom:scripting/monoscript/fileName/StringNamedData.cs: b9ca07eb5bf5f668f896b2406b80c50f -> 
  custom:scripting/monoscript/fileName/PrefabTest.cs: 6b21488e501f2b8de0cbf89d0ebca7f4 -> 
  custom:scripting/monoscript/fileName/FloatData.cs: a36b3dfab935a3cafd5bec620587edb1 -> 
  custom:container-muxer-webm: aa71ff27fc2769a1b78a27578f13a17b -> 
  custom:video-decoder-webm-vp8: 9c59270c3fd7afecdb556c50c9e8de78 -> 
  custom:scripting/monoscript/fileName/ComplexData.cs: a41c3c64cbd5a4249e25f8e18e449ae5 -> 
  custom:scripting/monoscript/fileName/SRMissingTypesValidatorConfig.cs: 311504d3d80993c651daaad954f1305b -> 
  custom:SearchIndexIgnoredProperties: e643bd26f0fe6173181afceb89e7c659 -> 
  custom:AudioImporter_EditorPlatform: d09bf68614088b80899f8185d706f6e7 -> 
  custom:scripting/monoscript/fileName/SRTypesSearchWindowProvider.cs: efc74559e42bc1aa7b7f5150b360d2fb -> 
  custom:scripting/monoscript/fileName/MissingTypesCleaner.cs: d3f00f379b86ec4cc811f9c87e215dd8 -> 
  custom:scripting/monoscript/fileName/SREditorSettingsProvider.cs: 37a99a0352dafd2b90ce1865506af283 -> 
  custom:scripting/monoscript/fileName/AbstractNamedData.cs: e532bceb478b1b5456b1c7ec34accfb2 -> 
  custom:scripting/monoscript/fileName/UnityLogAssetMissingTypeReport.cs: 0623721f233a6cc1458bd3d77272d40b -> 
  custom:scripting/monoscript/fileName/Effect.cs: db0847a469ed795dc13473466caf2c90 -> 
  custom:scripting/monoscript/fileName/SRCashTypeSearchTree.cs: ce95e72afce0c3503f63fc4c4d621b06 -> 
  custom:scripting/monoscript/fileName/SRHiddenAttribute.cs: b80fc48a45fff22c67246a0eb3bb2f52 -> 
  custom:scripting/monoscript/fileName/TypeInfoComparer.cs: f78e3dd8571fb435023b893ff6ab0349 -> 
  custom:scripting/monoscript/fileName/NameService.cs: 0b470d478878f04170f09ea709d96d20 -> 
  custom:scripting/monoscript/fileName/TestData.cs: 30cb1cfce572b4f2dcb721be1e0e9081 -> 
  custom:scripting/monoscript/fileName/CustomData.cs: d49523017a9f23851db158eaea2801ff -> 
  custom:scripting/monoscript/fileName/SRActionFactory.cs: 6cb7f0a6c20ec38e4610be62bfe55206 -> 
  custom:scripting/monoscript/fileName/SRAction.cs: ef58eb737e49a3b52271615452d512d9 -> 
  custom:video-encoder-webm-vp8: eb34c28f22e8b96e1ab97ce403110664 -> 
  custom:scripting/monoscript/fileName/HiddenData.cs: 1b489c97a3d23394b73da862faf88fdf -> 
  custom:audio-decoder-ogg-vorbis: bf7c407c2cedff20999df2af8eb42d56 -> 
  custom:scripting/monoscript/fileName/IntegerNamedData.cs: 608697fde81a43c41d54201b88e6e311 -> 
  custom:scripting/monoscript/fileName/AssetChangeDetector.cs: 65333c271892a57b3b74113ae0b0e6d4 -> 
  custom:scripting/monoscript/fileName/ContainerData.cs: c5dc4e9b9c3e32e43213d6d81fd37d43 -> 
  custom:scripting/monoscript/fileName/SRDrawerOptions.cs: 2b1003830d2989546caf7126adc49d41 -> 
  custom:scripting/monoscript/fileName/IAssetMissingTypeReport.cs: 22126180f057be89ffb14e06670cf701 -> 
  custom:audio-encoder-webm-vorbis: bf7c407c2cedff20999df2af8eb42d56 -> 
  custom:scripting/precompiled-assembly-types:SRDemo: 12f6be23b5d35fc375ef15de3d23d5b7 -> 
  custom:scripting/monoscript/fileName/MissingTypesLogger.cs: eac8c33766e6330de4c0a44b29a2de78 -> 
  custom:scripting/precompiled-assembly-types:Assembly-CSharp: 28ce7a9767d4a546d38c62b63d92516f -> e24d7867124476b8f6c482295ea6f2d1
  custom:scripting/monoscript/fileName/TypeInfoArrayComparer.cs: 4734a6743c056bda54f6256be31cb96a -> 
  custom:scripting/monoscript/fileName/ScriptableObjectTest.cs: b53441fff951350b341178933e3e23ef -> 
  custom:scripting/monoscript/fileName/ErasePropertySRAction.cs: 4b881b6741f1070c9d03f1dd87107a3b -> 
========================================================================
Received Prepare
Assembly with name 'SRDemo' already exists (Assets/SerializeReferenceEditor/Assets/SREditor/Samples/Demo/SRDemo.asmdef)
Assembly with name 'SRDemo' already exists (Assets/Prefabs/SerializeReferenceEditor/Assets/SREditor/Samples/Demo/SRDemo.asmdef)
Assembly with name 'SREditor-Editor' already exists (Assets/SerializeReferenceEditor/Assets/SREditor/Package/Editor/SREditor-Editor.asmdef)
Assembly with name 'SREditor-Editor' already exists (Assets/Prefabs/SerializeReferenceEditor/Assets/SREditor/Package/Editor/SREditor-Editor.asmdef)
Assembly with name 'NewTest' already exists (Assets/SerializeReferenceEditor/Assets/SREditor/Samples/Demo/NewTests/NewTest.asmdef)
Assembly with name 'NewTest' already exists (Assets/Prefabs/SerializeReferenceEditor/Assets/SREditor/Samples/Demo/NewTests/NewTest.asmdef)
Assembly with name 'SREditor' already exists (Assets/Prefabs/SerializeReferenceEditor/Assets/SREditor/Package/Scripts/SREditor.asmdef)
Assembly with name 'SREditor' already exists (Assets/SerializeReferenceEditor/Assets/SREditor/Package/Scripts/SREditor.asmdef)
Assembly with name 'SRDemo-Editor' already exists (Assets/Prefabs/SerializeReferenceEditor/Assets/SREditor/Samples/Demo/Editor/SRDemo-Editor.asmdef)
Assembly with name 'SRDemo-Editor' already exists (Assets/SerializeReferenceEditor/Assets/SREditor/Samples/Demo/Editor/SRDemo-Editor.asmdef)
Caller must complete domain reload
Assembly with name 'SRDemo' already exists (Assets/SerializeReferenceEditor/Assets/SREditor/Samples/Demo/SRDemo.asmdef)
Assembly with name 'SRDemo' already exists (Assets/Prefabs/SerializeReferenceEditor/Assets/SREditor/Samples/Demo/SRDemo.asmdef)
Assembly with name 'SREditor-Editor' already exists (Assets/SerializeReferenceEditor/Assets/SREditor/Package/Editor/SREditor-Editor.asmdef)
Assembly with name 'SREditor-Editor' already exists (Assets/Prefabs/SerializeReferenceEditor/Assets/SREditor/Package/Editor/SREditor-Editor.asmdef)
Assembly with name 'NewTest' already exists (Assets/SerializeReferenceEditor/Assets/SREditor/Samples/Demo/NewTests/NewTest.asmdef)
Assembly with name 'NewTest' already exists (Assets/Prefabs/SerializeReferenceEditor/Assets/SREditor/Samples/Demo/NewTests/NewTest.asmdef)
Assembly with name 'SREditor' already exists (Assets/Prefabs/SerializeReferenceEditor/Assets/SREditor/Package/Scripts/SREditor.asmdef)
Assembly with name 'SREditor' already exists (Assets/SerializeReferenceEditor/Assets/SREditor/Package/Scripts/SREditor.asmdef)
Assembly with name 'SRDemo-Editor' already exists (Assets/Prefabs/SerializeReferenceEditor/Assets/SREditor/Samples/Demo/Editor/SRDemo-Editor.asmdef)
Assembly with name 'SRDemo-Editor' already exists (Assets/SerializeReferenceEditor/Assets/SREditor/Samples/Demo/Editor/SRDemo-Editor.asmdef)
Begin MonoManager ReloadAssembly
- Loaded All Assemblies, in  0.305 seconds
Native extension for WindowsStandalone target not found
Assembly with name 'SRDemo' already exists (Assets/SerializeReferenceEditor/Assets/SREditor/Samples/Demo/SRDemo.asmdef)
Assembly with name 'SRDemo' already exists (Assets/Prefabs/SerializeReferenceEditor/Assets/SREditor/Samples/Demo/SRDemo.asmdef)
Assembly with name 'SREditor-Editor' already exists (Assets/SerializeReferenceEditor/Assets/SREditor/Package/Editor/SREditor-Editor.asmdef)
Assembly with name 'SREditor-Editor' already exists (Assets/Prefabs/SerializeReferenceEditor/Assets/SREditor/Package/Editor/SREditor-Editor.asmdef)
Assembly with name 'NewTest' already exists (Assets/SerializeReferenceEditor/Assets/SREditor/Samples/Demo/NewTests/NewTest.asmdef)
Assembly with name 'NewTest' already exists (Assets/Prefabs/SerializeReferenceEditor/Assets/SREditor/Samples/Demo/NewTests/NewTest.asmdef)
Assembly with name 'SREditor' already exists (Assets/Prefabs/SerializeReferenceEditor/Assets/SREditor/Package/Scripts/SREditor.asmdef)
Assembly with name 'SREditor' already exists (Assets/SerializeReferenceEditor/Assets/SREditor/Package/Scripts/SREditor.asmdef)
Assembly with name 'SRDemo-Editor' already exists (Assets/Prefabs/SerializeReferenceEditor/Assets/SREditor/Samples/Demo/Editor/SRDemo-Editor.asmdef)
Assembly with name 'SRDemo-Editor' already exists (Assets/SerializeReferenceEditor/Assets/SREditor/Samples/Demo/Editor/SRDemo-Editor.asmdef)
Mono: successfully reloaded assembly
- Finished resetting the current domain, in  0.848 seconds
Domain Reload Profiling: 1154ms
	BeginReloadAssembly (105ms)
		ExecutionOrderSort (0ms)
		DisableScriptedObjects (8ms)
		BackupInstance (0ms)
		ReleaseScriptingObjects (0ms)
		CreateAndSetChildDomain (24ms)
	RebuildCommonClasses (20ms)
	RebuildNativeTypeToScriptingClass (7ms)
	initialDomainReloadingComplete (16ms)
	LoadAllAssembliesAndSetupDomain (156ms)
		LoadAssemblies (195ms)
		RebuildTransferFunctionScriptingTraits (0ms)
		AnalyzeDomain (11ms)
			TypeCache.Refresh (6ms)
				TypeCache.ScanAssembly (0ms)
			ScanForSourceGeneratedMonoScriptInfo (0ms)
			ResolveRequiredComponents (4ms)
	FinalizeReload (849ms)
		ReleaseScriptCaches (0ms)
		RebuildScriptCaches (0ms)
		SetupLoadedEditorAssemblies (543ms)
			LogAssemblyErrors (0ms)
			InitializePlatformSupportModulesInManaged (4ms)
			SetLoadedEditorAssemblies (2ms)
			RefreshPlugins (0ms)
			BeforeProcessingInitializeOnLoad (67ms)
			ProcessInitializeOnLoadAttributes (425ms)
			ProcessInitializeOnLoadMethodAttributes (42ms)
			AfterProcessingInitializeOnLoad (2ms)
			EditorAssembliesLoaded (0ms)
		ExecutionOrderSort2 (0ms)
		AwakeInstancesAfterBackupRestoration (14ms)
Refreshing native plugins compatible for Editor in 2.69 ms, found 4 plugins.
Preloading 0 native plugins for Editor in 0.00 ms.
Unloading 4328 Unused Serialized files (Serialized files now loaded: 0)
Unloading 23 unused Assets / (31.7 KB). Loaded Objects now: 4985.
Memory consumption went from 161.1 MB to 161.0 MB.
Total: 3.376800 ms (FindLiveObjects: 0.265000 ms CreateObjectMapping: 0.080800 ms MarkObjects: 2.968100 ms  DeleteObjects: 0.061800 ms)

Prepare: number of updated asset objects reloaded= 0
AssetImportParameters requested are different than current active one (requested -> active):
  custom:scripting/monoscript/fileName/SRDemoAttribute.cs: b217f8d4e07b14b9940a83b035def963 -> 
  custom:scripting/monoscript/fileName/DrawCardEffect.cs: d9cd090163e949cc8a887419c09c7761 -> 
  custom:scripting/monoscript/fileName/LoadAllScriptableObjects.cs: 8c4c4caa6c9d58a1046ba488534e615c -> 
  custom:container-demuxer-ogg: 62fdf1f143b41e24485cea50d1cbac27 -> 
  custom:scripting/monoscript/fileName/StringData.cs: 899c5872079327f54ed117fc61ea02c0 -> 
  custom:scripting/monoscript/fileName/IAssetsLoader.cs: 8d295a5e2d097f03f5f00e3441d974eb -> 
  custom:scripting/monoscript/fileName/SRTypeTreeFactory.cs: b9f0ea0d3f426034a242fccaec253fa9 -> 
  custom:scripting/monoscript/fileName/TypeReplacer.cs: ae51176d3fdd2e15067fbf3eeb4d1ffd -> 
  custom:scripting/monoscript/fileName/SRTypeCache.cs: cd51da883b797559c225dab095647981 -> 
  custom:video-codec-MediaFoundation-h265: 746d11721c4dcdbdad8f713fa42b33f4 -> 
  custom:scripting/monoscript/fileName/FormerlySerializedTypeAttribute.cs: a2ba12d6f49519a27a785cb6e7cc3b9c -> 
  custom:scripting/monoscript/fileName/IData.cs: 869deb168c5112234ead0b60061e88d4 -> 
  custom:video-decoder-ogg-theora: a1e56fd34408186e4bbccfd4996cb3dc -> 
  custom:scripting/monoscript/fileName/TypeInfo.cs: 3a9ce2b1121b5df65b59d03380de4ab6 -> 
  custom:scripting/monoscript/fileName/InstanceClassSRAction.cs: 78c0331d959a99a60c1adff7e81d3862 -> 
  custom:framework-win-MediaFoundation: 216162199b28c13a410421893ffa2e32 -> 
  custom:scripting/monoscript/fileName/NewBehaviourScript.cs: b21687ddb03d73bd9f0c1daecb9714de -> 
  custom:scripting/monoscript/fileName/ScriptableObjectTestData.cs: 56e0c1e05ef2b3e0ecda33fad772a283 -> 
  custom:scripting/monoscript/fileName/EffectSystem.cs: b0ad6e16ec836c7041e32797dc41491c -> 
  custom:scripting/precompiled-assembly-types:SREditor-Editor: 55b5456b5630cab223524f958b1d591b -> 
  custom:scripting/monoscript/fileName/SRDrawer.cs: cbea2dac214fbebe88c1bdc69ad4b45f -> 
  custom:scripting/monoscript/fileName/SRNameAttribute.cs: 1b1dbd11348e161435c454df7cc85608 -> 
  custom:scripting/monoscript/fileName/AbstractData.cs: c2fc160bd7af24ef3912d4546ba164da -> 
  custom:scripting/monoscript/fileName/DataList.cs: ac707c81ae30f006632cf7b337900264 -> 
  custom:scripting/precompiled-assembly-types:NewTest: 1f1ee7a59c4c112b0ac23a43c8848db5 -> 
  custom:scripting/monoscript/fileName/TypeReplaceHelper.cs: 5061a70e5cba90a2f93fbaca5002d92c -> 
  custom:CustomObjectIndexerAttribute: 9a22284fe3817be447336de3de66b15e -> 
  custom:scripting/monoscript/fileName/IntegerData.cs: be3d36b532f74a94814765d5582dd467 -> 
  custom:scripting/monoscript/fileName/TypeReplacerWindow.cs: c75b82325a10408dedd0b6359fe6ec16 -> 
  custom:scripting/monoscript/fileName/NewTestData.cs: d4cd3933424ead977ec2d13d82f8bf32 -> 
  custom:scripting/monoscript/fileName/StringInterfaceData.cs: 3d50b8fc8dd0f40f14ecec98ae9d71bf -> 
  custom:scripting/monoscript/fileName/ProcessingCoordinator.cs: a2cc59e2f1bdaa862f8699f5126d0c16 -> 
  custom:scripting/monoscript/fileName/PerformEffectGA.cs: 7b9d563e7db0f9ce1c3e652db6ec3676 -> 
  custom:scripting/monoscript/fileName/PlayCardGA.cs: 5789139290271257e0b7651fe5863c2e -> 
  custom:scripting/monoscript/fileName/SRFormerlyTypeCache.cs: b7cf08609a0a042a8236322b594b8142 -> 
  custom:container-demuxer-webm: 4f35f7cbe854078d1ac9338744f61a02 -> 
  custom:scripting/monoscript/fileName/SREditorSettings.cs: 3331118a764dc5e43cc7c0d781d392d8 -> 
  custom:scripting/precompiled-assembly-types:SRDemo-Editor: 8adfbed147264f837f3a0482ccfceda7 -> 
  custom:scripting/monoscript/fileName/SRMissingTypesValidator.cs: 46bac1a342b6b1607f4b717707b04fa2 -> 
  custom:scripting/precompiled-assembly-types:SREditor: df3fe5802f2450a7160c4b4df24efb82 -> 
  custom:scripting/monoscript/fileName/CustomDataDrawer.cs: 65ff75100b510d38b07627bf3a1e89c7 -> 
  custom:scripting/monoscript/fileName/DataHolder.cs: b5fe96c290fd369c9489341d8f0c6c3f -> 
  custom:scripting/monoscript/fileName/FloatNamedData.cs: f5fca032bc29de94a8bc17bae6d6c41d -> 
  custom:scripting/monoscript/fileName/SRAttribute.cs: 789115209565033af35d3e3afd3e3310 -> 
  custom:scripting/monoscript/fileName/SRDuplicateCleaner.cs: d225ff68fd10a29da65fb6f03456bf58 -> 
  custom:scripting/monoscript/fileName/StringNamedData.cs: b9ca07eb5bf5f668f896b2406b80c50f -> 
  custom:scripting/monoscript/fileName/PrefabTest.cs: 6b21488e501f2b8de0cbf89d0ebca7f4 -> 
  custom:scripting/monoscript/fileName/FloatData.cs: a36b3dfab935a3cafd5bec620587edb1 -> 
  custom:container-muxer-webm: aa71ff27fc2769a1b78a27578f13a17b -> 
  custom:video-decoder-webm-vp8: 9c59270c3fd7afecdb556c50c9e8de78 -> 
  custom:scripting/monoscript/fileName/ComplexData.cs: a41c3c64cbd5a4249e25f8e18e449ae5 -> 
  custom:scripting/monoscript/fileName/SRMissingTypesValidatorConfig.cs: 311504d3d80993c651daaad954f1305b -> 
  custom:SearchIndexIgnoredProperties: e643bd26f0fe6173181afceb89e7c659 -> 
  custom:AudioImporter_EditorPlatform: d09bf68614088b80899f8185d706f6e7 -> 
  custom:scripting/monoscript/fileName/SRTypesSearchWindowProvider.cs: efc74559e42bc1aa7b7f5150b360d2fb -> 
  custom:scripting/monoscript/fileName/MissingTypesCleaner.cs: d3f00f379b86ec4cc811f9c87e215dd8 -> 
  custom:scripting/monoscript/fileName/SREditorSettingsProvider.cs: 37a99a0352dafd2b90ce1865506af283 -> 
  custom:scripting/monoscript/fileName/AbstractNamedData.cs: e532bceb478b1b5456b1c7ec34accfb2 -> 
  custom:scripting/monoscript/fileName/UnityLogAssetMissingTypeReport.cs: 0623721f233a6cc1458bd3d77272d40b -> 
  custom:scripting/monoscript/fileName/Effect.cs: db0847a469ed795dc13473466caf2c90 -> 
  custom:scripting/monoscript/fileName/SRCashTypeSearchTree.cs: ce95e72afce0c3503f63fc4c4d621b06 -> 
  custom:scripting/monoscript/fileName/SRHiddenAttribute.cs: b80fc48a45fff22c67246a0eb3bb2f52 -> 
  custom:scripting/monoscript/fileName/TypeInfoComparer.cs: f78e3dd8571fb435023b893ff6ab0349 -> 
  custom:scripting/monoscript/fileName/NameService.cs: 0b470d478878f04170f09ea709d96d20 -> 
  custom:scripting/monoscript/fileName/TestData.cs: 30cb1cfce572b4f2dcb721be1e0e9081 -> 
  custom:scripting/monoscript/fileName/CustomData.cs: d49523017a9f23851db158eaea2801ff -> 
  custom:scripting/monoscript/fileName/SRActionFactory.cs: 6cb7f0a6c20ec38e4610be62bfe55206 -> 
  custom:scripting/monoscript/fileName/SRAction.cs: ef58eb737e49a3b52271615452d512d9 -> 
  custom:video-encoder-webm-vp8: eb34c28f22e8b96e1ab97ce403110664 -> 
  custom:scripting/monoscript/fileName/HiddenData.cs: 1b489c97a3d23394b73da862faf88fdf -> 
  custom:audio-decoder-ogg-vorbis: bf7c407c2cedff20999df2af8eb42d56 -> 
  custom:scripting/monoscript/fileName/IntegerNamedData.cs: 608697fde81a43c41d54201b88e6e311 -> 
  custom:scripting/monoscript/fileName/AssetChangeDetector.cs: 65333c271892a57b3b74113ae0b0e6d4 -> 
  custom:scripting/monoscript/fileName/ContainerData.cs: c5dc4e9b9c3e32e43213d6d81fd37d43 -> 
  custom:scripting/monoscript/fileName/SRDrawerOptions.cs: 2b1003830d2989546caf7126adc49d41 -> 
  custom:scripting/monoscript/fileName/IAssetMissingTypeReport.cs: 22126180f057be89ffb14e06670cf701 -> 
  custom:audio-encoder-webm-vorbis: bf7c407c2cedff20999df2af8eb42d56 -> 
  custom:scripting/precompiled-assembly-types:SRDemo: 12f6be23b5d35fc375ef15de3d23d5b7 -> 
  custom:scripting/monoscript/fileName/MissingTypesLogger.cs: eac8c33766e6330de4c0a44b29a2de78 -> 
  custom:scripting/precompiled-assembly-types:Assembly-CSharp: 28ce7a9767d4a546d38c62b63d92516f -> e24d7867124476b8f6c482295ea6f2d1
  custom:scripting/monoscript/fileName/TypeInfoArrayComparer.cs: 4734a6743c056bda54f6256be31cb96a -> 
  custom:scripting/monoscript/fileName/ScriptableObjectTest.cs: b53441fff951350b341178933e3e23ef -> 
  custom:scripting/monoscript/fileName/ErasePropertySRAction.cs: 4b881b6741f1070c9d03f1dd87107a3b -> 
